t,EU27.Elec
0,0.0
1,256826.9
2,247188.37
3,236940.59
4,231734.18
5,231163.3
6,233129.2
7,236695.59000000003
8,239281.87
9,248707.48
10,260522.9
11,271127.89
12,278403.76
13,277303.51
14,274744.87
15,274551.43
16,282011.0
17,296083.23999999993
18,304630.5
19,305973.07000000007
20,300141.31999999995
21,291005.84
22,284845.82000000007
23,272407.96
24,258015.18
25,247826.38
26,241911.31
27,238089.37
28,241926.42
29,256093.58
30,284658.20000000007
31,314182.12
32,335879.53
33,349252.53
34,355955.42000000004
35,359679.34
36,361288.89
37,358111.78
38,354076.73
39,353198.51
40,358681.56
41,372512.02
42,377070.06
43,372618.82
44,358519.19
45,342898.24
46,329201.51
47,311852.92
48,294053.16
49,281909.42
50,275199.92
51,270686.58
52,272667.2
53,286408.38
54,315026.99
55,343896.77
56,365689.12
57,377305.28
58,380620.42
59,381733.54
60,379623.45
61,374495.33
62,370197.36
63,368028.02
64,374250.0
65,387812.13
66,391919.92
67,386776.27
68,371981.5
69,354582.39
70,339991.27
71,322859.05999999994
72,304542.78
73,291629.69
74,284867.06999999995
75,280591.33
76,282242.91000000003
77,294862.18
78,322548.26
79,352703.83
80,373751.61
81,385831.44
82,390410.03
83,391503.38
84,387943.59
85,381831.89
86,375481.1
87,372224.17
88,377451.66
89,388081.92
90,390392.38
91,383695.91
92,367114.91
93,350825.75999999995
94,337587.73000000004
95,321816.78
96,303520.54000000004
97,289952.54
98,281177.92
99,275215.47000000003
100,274377.48
101,277284.95
102,287356.46
103,302185.9
104,318346.17000000004
105,335078.19
106,346683.5800000001
107,350360.61
108,349534.26
109,343457.34
110,337309.22000000003
111,335039.32
112,340050.37
113,352559.46
114,357676.23
115,353857.80999999994
116,340954.08
117,327766.99000000005
118,318057.98000000004
119,305095.59
120,289046.93
121,276212.33
122,267321.30999999994
123,260570.04
124,257176.32
125,257980.1
126,263100.2
127,272626.89
128,285293.81
129,302684.86000000004
130,316796.36
131,325320.87
132,327993.42
133,321287.15
134,315130.33
135,312614.21
136,319289.18000000005
137,333977.77
138,343800.9
139,344452.13
140,336368.19
141,324786.24000000005
142,316166.22
143,302090.57
144,284816.24
145,273393.94
146,267829.98
147,264770.13
148,268898.77
149,288125.36
150,327724.16
151,364497.06
152,384275.39
153,392121.3000000001
154,395523.93
155,397397.8
156,394703.78
157,392167.14
158,389421.22
159,387647.63
160,391873.59
161,401773.97
162,403411.34
163,397610.3900000001
164,382500.16
165,364307.57
166,346234.45
167,327275.76000000007
168,308276.35
169,295221.76
170,288510.31
171,284780.61
172,288360.93999999994
173,304464.77
174,342038.78
175,379302.18
176,398750.16
177,404733.85
178,406425.08
179,406157.67
180,401935.51
181,398363.51
182,395150.67
183,393853.38
184,398458.4
185,407954.14
186,410231.48
187,405348.56
188,389392.41
189,369893.11
190,351070.49
191,332056.22000000003
192,312010.03
193,299403.16000000003
194,292285.45000000007
195,289092.44
196,292824.59
197,308664.53
198,345422.85
199,382357.83
200,402756.64
201,408737.3900000001
202,409390.4900000001
203,409017.33
204,403678.81
205,401653.91
206,398503.48
207,397395.77
208,401523.73
209,412113.39
210,414880.7
211,410157.85
212,393253.49
213,373543.09
214,355091.72
215,335074.91
216,317058.18
217,305047.32
218,297748.92
219,294195.5200000001
220,296956.52
221,312522.98
222,349792.43
223,387728.50000000006
224,407190.50000000006
225,411900.52
226,412710.36
227,412032.03
228,407011.71
229,403957.86
230,399363.67
231,397738.98
232,401233.37
233,411956.56
234,415465.35
235,411529.81
236,395140.94
237,374241.54
238,357462.38
239,338513.4
240,320083.06
241,307145.39
242,300293.22
243,296573.71
244,299081.55
245,314523.04000000004
246,351964.34
247,388888.86
248,408417.95
249,414623.14
250,414286.7
251,412813.3
252,406704.04999999993
253,400378.78
254,394120.88
255,391477.44
256,394497.62
257,405624.32
258,407504.39
259,401923.36
260,383686.86
261,365114.65
262,349400.66000000003
263,332442.35000000003
264,313812.09
265,299973.2
266,290296.26
267,282289.66000000003
268,279913.65
269,283520.3
270,295366.80999999994
271,313416.14
272,332406.25
273,348456.33
274,357196.63
275,359025.94
276,356968.57
277,349962.83
278,343820.27
279,340417.09
280,345239.68000000005
281,357136.21
282,363222.9
283,359040.43
284,345834.85
285,331360.80999999994
286,321714.81
287,308896.33
288,290748.66
289,277632.45
290,269072.26
291,262294.15
292,259209.02
293,260335.91
294,265260.11
295,275587.92
296,289067.93
297,306566.66000000003
298,320688.4
299,328900.51
300,330428.58
301,324946.03
302,318722.42
303,316014.02
304,321012.97000000003
305,334723.62
306,345252.66000000003
307,346604.94
308,337282.45
309,325604.3
310,316414.93999999994
311,302709.29000000004
312,287409.16000000003
313,276098.32
314,270878.27
315,267791.04000000004
316,271818.16000000003
317,291082.48000000004
318,332754.11
319,372239.72
320,392044.59
321,398345.64
322,397970.16
323,398148.35
324,393070.61
325,390428.54
326,386563.02
327,385718.87000000005
328,390112.34
329,401779.87
330,404846.15
331,400677.19
332,384401.64
333,364014.56
334,346029.57
335,326455.17
336,308257.81
337,296374.12999999995
338,290226.64
339,286768.77
340,289639.08
341,306334.22000000003
342,344426.48000000004
343,382950.07
344,402236.6
345,405778.52
346,405006.8
347,403961.25
348,397869.34
349,394233.41
350,389294.36
351,387789.04
352,390948.24
353,402364.71
354,407394.76
355,403731.0
356,388457.7
357,368703.17
358,350834.49
359,331683.41000000003
360,311481.86000000004
361,299008.03
362,292183.96
363,288581.33
364,292964.46
365,310220.16
366,347565.4
367,385570.27
368,403910.17
369,407377.9
370,405826.99
371,404862.57
372,399125.92
373,395236.06
374,390242.94000000006
375,388255.04
376,392140.0
377,404180.26
378,407490.22
379,402354.52
380,384808.19
381,365013.01
382,346428.23000000004
383,327466.83
384,309106.74
385,297185.5800000001
386,290530.26000000007
387,286820.21
388,289974.89
389,305706.77
390,343538.21
391,381231.61
392,398258.9
393,401876.89
394,401642.16
395,401618.26000000007
396,396897.42
397,393274.47
398,389446.59
399,388430.75
400,392438.02
401,404400.09
402,409700.18
403,406038.01
404,389967.26
405,370417.06
406,353259.15
407,334422.4
408,317577.54000000004
409,304981.25
410,297454.73000000004
411,293416.72
412,297040.6
413,313281.44999999995
414,350578.6
415,388824.84
416,406869.91
417,411649.75
418,409483.27
419,406143.75
420,399357.29
421,393194.52
422,388173.75
423,385056.64
424,388166.88
425,401116.56
426,405605.25
427,400011.75
428,383221.32
429,365767.67999999993
430,351182.80999999994
431,335265.46
432,316472.55
433,303317.59
434,295634.31
435,288376.64
436,286257.64
437,289922.26
438,301160.47
439,319510.56
440,339109.0
441,355555.21
442,362089.38
443,361545.57
444,357236.80999999994
445,348050.1
446,339582.47000000003
447,337727.02
448,343139.9000000001
449,358170.35000000003
450,366327.2400000001
451,362945.5
452,348901.51
453,334367.52
454,324878.95
455,313234.29
456,298369.45
457,285615.65
458,277206.0800000001
459,270282.34
460,267822.87
461,269376.48999999993
462,274442.23999999993
463,284791.55
464,298434.51
465,315537.58
466,326899.72
467,332861.5
468,333576.63
469,326657.78
470,319623.16
471,316388.25
472,322637.89
473,340267.09
474,353091.28
475,355487.63
476,347130.75999999995
477,335331.96
478,327401.99
479,313823.43
480,300407.62000000005
481,290313.11000000004
482,285007.84
483,282567.41
484,287347.89
485,306874.85000000003
486,348892.43
487,389126.89
488,408697.17
489,414749.59
490,414179.33
491,411862.27
492,406266.19
493,402504.73
494,398128.67
495,395919.88
496,399166.64
497,411804.08
498,418240.99
499,415251.91
500,399324.42
501,379446.29
502,362688.69
503,344187.39
504,326194.68999999994
505,315320.24
506,308180.33
507,303682.2
508,305864.24
509,322191.64
510,360025.66000000003
511,397107.51
512,415159.34
513,420712.52
514,421590.51
515,421322.48999999993
516,416856.92
517,413160.15
518,409064.36
519,407221.11
520,409382.36
521,420893.83
522,425204.31
523,420583.71
524,402631.53
525,381563.66
526,363445.4
527,344494.09
528,326175.01
529,314647.10000000003
530,307589.91000000003
531,302990.84
532,304919.12000000005
533,320941.23
534,357448.11
535,393445.9
536,411428.69
537,418929.04
538,420351.96
539,420297.98
540,415737.05
541,411854.58
542,407964.9
543,405849.84
544,409719.33
545,420167.29
546,423085.93000000005
547,418423.15
548,401716.05
549,381641.02
550,364226.42
551,345728.50000000006
552,328140.77
553,316752.11000000004
554,309472.38
555,305306.99999999994
556,307831.02
557,322912.72000000003
558,359600.5
559,396739.36
560,414164.4
561,420339.18
562,421566.31
563,420280.04
564,415162.41
565,412059.41
566,407666.11
567,405232.77
568,406554.63
569,416299.61
570,421391.67
571,417445.83
572,400006.96
573,380269.07
574,362470.25
575,344722.04000000004
576,327326.19
577,316326.95
578,308771.54
579,303814.84
580,305838.97
581,321538.89
582,357595.59
583,393198.66
584,410914.41
585,417965.57000000007
586,419012.03
587,417376.79
588,411824.98
589,405647.61
590,399950.64
591,395180.97
592,395266.32
593,404758.98
594,408416.87
595,403896.89
596,385682.98
597,367392.46
598,352886.77
599,336433.47000000003
600,318274.64
601,304828.11000000004
602,295195.58
603,288856.39
604,286436.76
605,289437.64
606,300370.33
607,318048.86000000004
608,336653.74
609,354309.9
610,362468.1
611,362567.69
612,359152.32000000007
613,350627.86
614,342580.92000000004
615,337879.14
616,340306.3
617,352791.78
618,361013.32
619,358451.98
620,345066.00999999995
621,331279.97
622,322729.61
623,310139.10000000003
624,294635.41
625,282130.62
626,273748.08
627,266807.88
628,265088.67
629,266797.7
630,271761.16
631,282383.63
632,295059.66
633,313107.67000000004
634,325548.81
635,332527.06
636,334007.33
637,326291.46
638,320138.58
639,315993.88
640,319875.12
641,335121.47
642,348418.44
643,351631.78
644,343926.08
645,331821.93999999994
646,323531.45
647,308655.80000000005
648,293835.17
649,283971.00999999995
650,278748.14
651,275823.56
652,280264.47000000003
653,298851.50999999995
654,340250.64
655,379784.77
656,399512.85
657,406508.6
658,408048.97
659,406785.93
660,402613.62
661,400290.09
662,395607.66
663,392518.03
664,393626.36
665,403200.13
666,409216.76
667,405811.25
668,388718.23
669,369241.68
670,351644.06
671,333388.51
672,316218.92
673,305163.93000000005
674,298673.24
675,294859.44000000006
676,297909.97000000003
677,314335.75999999995
678,351821.46
679,387771.5
680,404223.7
681,409205.97
682,408140.45
683,406846.5500000001
684,401416.61
685,398190.23
686,394798.57
687,392953.77
688,393999.72
689,405418.24
690,411192.49
691,408311.37
692,392260.79
693,371698.07
694,353719.41000000003
695,335163.06
696,318874.67
697,308481.8
698,301863.82000000007
699,297822.43
700,299953.68
701,316088.85
702,352150.56999999995
703,386512.31
704,403628.85
705,409719.74
706,411291.7899999999
707,410749.92
708,406130.35
709,402062.52
710,398722.25
711,396345.11
712,397439.17
713,407916.62000000005
714,414116.41
715,410718.18
716,393454.05
717,373524.1
718,356466.71
719,338162.81000000006
720,320766.52
721,309889.78
722,302992.6
723,299042.68
724,301249.86000000004
725,317124.29000000004
726,354383.11
727,390169.42
728,406341.75
729,412930.29
730,413988.67999999993
731,412815.54
732,408033.82
733,403460.44
734,398771.4
735,396092.07
736,397442.29999999993
737,407581.68
738,412707.44
739,408404.47
740,391602.46
741,371248.89
742,353607.82
743,335547.31
744,318222.05
745,306672.08
746,299998.94
747,295860.19
748,297556.65
749,313010.72
750,347478.78
751,382193.78
752,399009.14
753,406046.16
754,407769.4900000001
755,407904.74
756,402387.7
757,396515.94
758,389753.22
759,385163.05
760,385758.34
761,394751.76
762,398345.0200000001
763,393644.67
764,376320.92
765,356506.65
766,341405.53
767,324695.83
768,307644.35
769,294738.34
770,285772.67
771,279707.93
772,278191.64
773,281692.95
774,292622.29000000004
775,309556.02
776,327046.41
777,345080.34
778,353736.46
779,356715.38
780,354006.52
781,345968.53
782,339062.75
783,334797.43
784,337103.25
785,349875.72
786,358645.67000000004
787,356672.81
788,343569.19
789,328999.35000000003
790,320044.69
791,308262.72
792,294016.58
793,282089.36
794,273439.39
795,266860.97000000003
796,264748.73
797,266754.1
798,272621.06
799,282084.52
800,295475.96
801,312805.74000000005
802,323763.95000000007
803,329730.14
804,329594.07000000007
805,321847.8
806,315161.74
807,311085.8300000001
808,312940.54000000004
809,328280.6
810,346169.23
811,351776.23000000004
812,344635.56000000006
813,332773.59
814,324688.73
815,311990.39
816,296681.88
817,287831.39
818,282878.52
819,279479.63
820,283716.9199999999
821,302916.79
822,343092.23
823,381111.19
824,399144.98
825,406040.97
826,405537.9
827,404853.0
828,400988.2
829,397448.86
830,393146.07
831,389952.08
832,390398.07
833,401055.8
834,409130.88
835,406859.88
836,390404.39
837,370341.89
838,352315.78
839,335011.88
840,317346.67000000004
841,305203.87999999995
842,298181.78
843,294199.06
844,296594.65
845,311974.39
846,349338.08
847,385497.38
848,401781.63
849,407024.48
850,406405.34
851,404212.17
852,398432.23
853,392661.17999999993
854,386564.39
855,382583.43000000005
856,381783.74
857,393031.78
858,402806.6
859,401847.1
860,386384.87
861,367105.58
862,348892.18000000005
863,330470.73
864,312906.51
865,300648.21
866,294213.21
867,291007.51
868,294618.53
869,311056.91000000003
870,347584.16000000003
871,382307.08
872,398477.26
873,403092.98
874,401449.63
875,400498.04
876,395021.42
877,390042.98
878,384273.09
879,380652.89
880,380404.59
881,391067.13
882,401050.68
883,400348.54
884,384972.03
885,364057.62
886,345295.44
887,327538.73
888,308371.61
889,296456.04
890,289294.07
891,286309.3
892,289573.94
893,305640.59
894,342735.43999999994
895,377859.13
896,394229.58
897,399476.59
898,397443.95
899,395075.12
900,390332.96
901,385864.99
902,380556.96
903,377123.3
904,377838.19
905,387714.50000000006
906,398924.13
907,397159.52
908,380940.39
909,361167.03
910,344125.28
911,326952.57
912,309470.46
913,297261.54000000004
914,290402.81
915,286217.32
916,288941.09
917,304423.51
918,340497.05
919,375926.94
920,391604.0
921,396390.44000000006
922,394244.9
923,390773.12
924,384376.35
925,378569.68
926,372679.03
927,368784.37
928,368491.95
929,378750.91
930,386951.74
931,384233.87
932,367823.8
933,349620.78
934,335904.04000000004
935,319876.79000000004
936,302445.44
937,289205.96
938,280724.31
939,274498.76
940,273442.93
941,276629.19999999995
942,288165.93000000005
943,304116.99000000005
944,321545.7
945,336173.61
946,341061.5
947,341349.14
948,337359.05999999994
949,329436.22
950,321957.24000000005
951,317749.53
952,318483.2700000001
953,331094.39
954,345042.58
955,344168.29000000004
956,332073.99000000005
957,317445.87
958,307944.16000000003
959,295546.6
960,278198.73
961,265691.31
962,258343.15
963,252683.59
964,249826.67
965,251141.86
966,256718.08
967,265894.83
968,278876.36
969,295109.44
970,307122.25
971,315144.38
972,317371.66
973,309719.51
974,303803.12
975,299714.68
976,301893.15
977,315531.81999999995
978,331216.6
979,335864.34
980,327383.23
981,316658.86
982,308437.35
983,295454.36
984,281313.16000000003
985,271584.37999999995
986,266535.48
987,264466.71
988,268923.09
989,288493.13
990,329208.44
991,366256.36
992,384848.27
993,391027.75
994,390723.51
995,391656.8
996,387280.28
997,384040.74
998,378902.28
999,374494.32
1000,373054.06
1001,381356.76
1002,391808.75
1003,392727.6400000001
1004,377166.78
1005,358975.25
1006,341904.88
1007,323820.04
1008,307259.07
1009,296177.99
1010,289318.35
1011,286495.37000000005
1012,290266.78
1013,307106.1099999999
1014,344109.42
1015,378920.16
1016,394199.0
1017,397973.53
1018,396149.65
1019,394199.21
1020,386915.78
1021,380393.54
1022,375083.1400000001
1023,371980.56
1024,371712.09
1025,380035.93
1026,391964.7299999999
1027,393396.34
1028,378924.67
1029,359440.37
1030,342914.34
1031,325774.47
1032,308728.74999999994
1033,297456.12
1034,291247.23000000004
1035,288082.92
1036,290651.62
1037,306670.22000000003
1038,344353.36
1039,378165.44000000006
1040,393728.36
1041,398029.66
1042,395732.17
1043,391992.14
1044,384246.41
1045,377296.38
1046,371215.67
1047,367868.28
1048,366459.96
1049,376160.52
1050,389630.33
1051,391747.27
1052,376806.92
1053,357875.65
1054,340541.64
1055,322746.4
1056,304277.04000000004
1057,293037.36
1058,287030.39
1059,283412.19
1060,286712.3900000001
1061,304393.56
1062,341879.36000000004
1063,375264.39
1064,389554.07000000007
1065,391412.7
1066,386673.16
1067,382492.0399999999
1068,374937.16
1069,368800.28
1070,363296.83
1071,359379.46
1072,358490.5
1073,367954.61
1074,382415.2400000001
1075,385011.07
1076,370230.22
1077,352100.71
1078,335817.28
1079,319321.92
1080,302315.4
1081,290990.72000000003
1082,284509.76
1083,281177.47
1084,284306.5
1085,301132.06
1086,337483.03
1087,369983.01
1088,383965.95
1089,386068.37
1090,381896.82
1091,377096.0900000001
1092,368287.69
1093,359752.5399999999
1094,352627.80000000005
1095,348075.15
1096,347477.04
1097,357128.18000000005
1098,371639.85
1099,373336.98
1100,358760.8
1101,340791.56000000006
1102,326270.10000000003
1103,310418.39
1104,293037.64
1105,280578.94
1106,272961.53
1107,267906.24
1108,266950.35
1109,271171.57
1110,283589.67000000004
1111,300575.2799999999
1112,317282.59
1113,328347.06
1114,329443.48
1115,325604.92
1116,319727.71
1117,309585.7700000001
1118,300342.68
1119,294855.36000000004
1120,296467.80999999994
1121,310788.30999999994
1122,330747.92000000004
1123,334436.68
1124,323527.03
1125,309618.52
1126,299529.75
1127,288170.52
1128,271837.96
1129,259868.54
1130,253094.4
1131,247807.26
1132,246205.91
1133,248513.42
1134,254470.88000000003
1135,262953.06999999995
1136,275956.38
1137,288991.2
1138,295044.58
1139,296848.87
1140,293646.51
1141,283790.58
1142,275717.2
1143,271487.23
1144,274559.35000000003
1145,291477.13
1146,315627.01
1147,324012.71
1148,316867.69000000006
1149,305323.15
1150,298221.58
1151,284865.25
1152,269857.86
1153,261251.65
1154,257029.79
1155,254921.16
1156,260264.16
1157,280683.50999999995
1158,321895.93
1159,355045.12
1160,370531.59
1161,373707.89
1162,370344.58
1163,367256.77
1164,360314.27
1165,355084.85
1166,351017.0
1167,348131.34
1168,348083.55
1169,358361.67
1170,374381.95
1171,377131.84
1172,362598.2
1173,343284.97
1174,325567.06
1175,306737.08
1176,290419.56999999995
1177,279968.35000000003
1178,273876.10000000003
1179,271153.06
1180,274342.9
1181,291960.33
1182,329201.00000000006
1183,360825.24
1184,375973.0
1185,378597.34
1186,375395.62
1187,373275.24
1188,367466.06
1189,362643.87
1190,358163.73
1191,354487.46
1192,354659.38
1193,364445.04
1194,379001.61
1195,381803.99
1196,367335.54
1197,347949.55
1198,330634.95
1199,312387.31
1200,294965.18000000005
1201,284569.23
1202,278097.26
1203,275215.31
1204,279286.68
1205,295829.05
1206,332756.08
1207,364096.26
1208,379055.23
1209,381674.16
1210,377568.08
1211,374445.6
1212,368168.99
1213,362972.01
1214,357732.68
1215,354816.88
1216,353337.21
1217,362100.47
1218,376928.53
1219,380231.91
1220,366393.12
1221,347413.56000000006
1222,330801.80000000005
1223,312892.86
1224,295823.85
1225,284950.44000000006
1226,278943.6
1227,275838.79000000004
1228,279772.21
1229,296702.37
1230,332488.12
1231,363484.77
1232,378132.11
1233,380984.85
1234,377611.75
1235,374675.92
1236,367241.52
1237,362712.09
1238,358945.38000000006
1239,355767.33
1240,354557.63
1241,362860.46
1242,376544.37000000005
1243,381153.45
1244,367252.42
1245,348193.45
1246,331152.42
1247,313023.80000000005
1248,295531.74
1249,284533.51
1250,277996.03
1251,275479.94000000006
1252,279738.73000000004
1253,297280.56999999995
1254,333627.68
1255,365114.3
1256,381175.04
1257,384872.11
1258,381526.68
1259,378027.73
1260,369985.64
1261,362301.63
1262,355416.39
1263,350251.0900000001
1264,347267.01
1265,353517.64
1266,365974.42
1267,368197.13
1268,354084.39
1269,336299.11
1270,321926.56999999995
1271,307114.26
1272,289289.25000000006
1273,276742.05999999994
1274,268676.29
1275,263815.85
1276,262702.95
1277,266457.66000000003
1278,278785.49
1279,294659.97000000003
1280,312620.29000000004
1281,323522.43000000005
1282,325265.65
1283,323218.75
1284,318343.01
1285,310091.17
1286,301617.72000000003
1287,296309.21
1288,296987.67
1289,307884.7
1290,326218.80999999994
1291,331239.54
1292,320528.17
1293,307450.73
1294,298984.27
1295,286504.77
1296,270882.76
1297,259553.11
1298,252994.8
1299,247949.43
1300,247021.95
1301,249380.55
1302,254805.89
1303,263320.58
1304,277384.54
1305,290492.03
1306,296545.57
1307,298758.97
1308,296327.08
1309,287132.7
1310,279489.81
1311,274295.25
1312,275306.02
1313,288941.95
1314,312100.12
1315,322342.06
1316,316231.78
1317,304798.37
1318,296489.97
1319,282744.93000000005
1320,269374.41000000003
1321,260547.58
1322,255599.72000000003
1323,253576.4
1324,258678.0
1325,279353.03
1326,320881.78
1327,353637.45
1328,369159.34
1329,371358.07
1330,367503.05
1331,364029.7400000001
1332,357901.53
1333,353540.17000000004
1334,347492.12
1335,343756.16000000003
1336,342249.73
1337,349046.80000000005
1338,365346.29
1339,371075.48
1340,357094.07
1341,338046.48000000004
1342,320324.74
1343,302945.08
1344,286182.99000000005
1345,275600.25
1346,269984.7
1347,267000.15
1348,270604.82
1349,288247.62
1350,325740.88
1351,356235.49000000005
1352,369284.22
1353,369616.77
1354,365432.66
1355,361475.97
1356,354095.96
1357,348047.00999999995
1358,343878.62
1359,340110.55
1360,337986.16000000003
1361,345603.68000000005
1362,361164.49
1363,366974.45
1364,353522.8
1365,334584.15
1366,316406.84
1367,298715.17000000004
1368,282683.17999999993
1369,273063.23
1370,267335.55
1371,265263.43
1372,269858.68999999994
1373,287278.79000000004
1374,323132.8
1375,352631.82
1376,365693.93
1377,366131.67
1378,362294.47
1379,358198.34
1380,350784.19
1381,345615.64
1382,341032.16
1383,336940.89
1384,336161.49
1385,343099.66
1386,360673.36
1387,367417.23
1388,355141.0
1389,335386.92
1390,317618.73
1391,300736.12000000005
1392,283330.01000000007
1393,272321.38
1394,266193.32
1395,263101.59
1396,266119.14
1397,282485.47000000003
1398,318144.57
1399,346739.21
1400,359457.7
1401,360531.57
1402,356690.52
1403,355305.25
1404,349178.29
1405,344248.29
1406,340949.67000000004
1407,340027.62999999995
1408,339688.14
1409,348276.41
1410,362840.17
1411,367130.61
1412,353168.14
1413,333985.41000000003
1414,316380.11000000004
1415,298700.86
1416,282183.15
1417,271554.8
1418,264765.83
1419,261914.59
1420,265111.23
1421,281611.89
1422,316604.31000000006
1423,345032.36000000004
1424,359947.25999999995
1425,366203.11
1426,366799.16
1427,366426.06
1428,361090.92
1429,355584.31
1430,350123.79
1431,346617.45
1432,344796.25
1433,350622.73000000004
1434,362286.4900000001
1435,364225.9900000001
1436,349404.49000000005
1437,330690.03
1438,315309.17
1439,299533.17
1440,282553.48000000004
1441,269990.19000000006
1442,261941.71
1443,256333.93
1444,254788.9
1445,258502.66
1446,268952.08
1447,284343.74
1448,303134.44
1449,317408.09
1450,321502.62999999995
1451,319926.66000000003
1452,315725.77
1453,307142.27
1454,298254.49
1455,294091.41000000003
1456,294365.87
1457,303595.93999999994
1458,319019.3
1459,324643.78
1460,312599.58
1461,297781.43
1462,288477.32000000007
1463,276980.53
1464,262257.69
1465,251337.74
1466,244073.45
1467,239054.79
1468,237944.16000000003
1469,240472.76
1470,244791.72000000003
1471,252806.17
1472,266966.1
1473,281125.44
1474,289155.5
1475,293645.69000000006
1476,292883.8
1477,284896.83
1478,277870.55
1479,274472.63
1480,274400.68999999994
1481,283829.2
1482,303344.91000000003
1483,313130.64
1484,306810.24
1485,296144.16
1486,287732.23
1487,274875.39
1488,260841.83
1489,251584.97
1490,246681.23
1491,244670.15
1492,249289.72
1493,267921.46
1494,304990.77
1495,334689.82
1496,352316.2
1497,359702.81
1498,362303.34
1499,363574.18
1500,357855.44999999995
1501,355146.18
1502,351686.59
1503,347864.72
1504,345285.4
1505,350908.83
1506,365393.8000000001
1507,370108.0
1508,355622.89
1509,336846.54
1510,319922.9600000001
1511,302559.65
1512,286713.47
1513,276437.63
1514,270281.43
1515,267519.13000000006
1516,271134.1
1517,287429.92
1518,319965.12
1519,348711.81
1520,364026.31
1521,367642.31
1522,366516.39
1523,364946.37
1524,359220.81
1525,353896.42
1526,348493.56
1527,344681.44000000006
1528,342262.57
1529,348045.27
1530,363039.1
1531,370169.93000000005
1532,356673.00999999995
1533,337082.2899999999
1534,320423.21
1535,302973.16
1536,285612.41
1537,274590.21
1538,268731.65
1539,266209.48
1540,270711.97000000003
1541,286339.22000000003
1542,319233.71
1543,346645.14
1544,361314.44
1545,366610.07
1546,365196.89
1547,365541.77
1548,362597.99
1549,358871.73
1550,355679.68999999994
1551,353351.27
1552,350003.17
1553,355785.92
1554,370142.9
1555,373798.25
1556,359581.9
1557,338377.61
1558,320521.87999999995
1559,303071.82
1560,285600.05
1561,273668.31
1562,266404.18
1563,263070.63
1564,266444.83
1565,282291.26
1566,316767.38
1567,345987.88
1568,361925.88
1569,365904.45
1570,365880.79
1571,364370.38
1572,359733.99000000005
1573,355652.04
1574,350956.86
1575,347371.78
1576,344479.03
1577,349810.75
1578,363807.22
1579,370451.87
1580,356998.08
1581,337958.29
1582,321030.06
1583,304189.62999999995
1584,287717.68
1585,275353.66000000003
1586,268974.53
1587,267013.36
1588,271134.42
1589,286184.87
1590,318371.09
1591,345119.09
1592,360402.29
1593,363734.92
1594,361172.21
1595,358793.97000000003
1596,353271.99999999994
1597,346905.04
1598,340456.53
1599,335890.69
1600,335292.005
1601,340823.17
1602,353523.12
1603,358785.99000000005
1604,344425.88
1605,325214.15
1606,310961.27
1607,296291.11999999994
1608,279721.59
1609,267552.87
1610,259831.7
1611,254807.7
1612,254376.06000000003
1613,258370.69
1614,267952.1
1615,281608.22
1616,297942.80000000005
1617,310802.75
1618,315365.2
1619,315774.36000000004
1620,312401.25999999995
1621,305612.43000000005
1622,297455.23
1623,292316.72000000003
1624,292055.83
1625,298792.34
1626,313827.74
1627,320149.03
1628,309812.22
1629,296681.14
1630,286871.0
1631,275258.57
1632,260304.03
1633,247891.96
1634,240869.06
1635,234826.28
1636,232088.23
1637,233955.79
1638,237938.84
1639,244929.03
1640,258094.24
1641,272778.9
1642,282601.83
1643,288380.28
1644,288198.44
1645,281376.36000000004
1646,275362.01
1647,272139.83
1648,272134.81
1649,280533.96
1650,299868.80000000005
1651,312192.92999999993
1652,307062.03
1653,295928.3
1654,288181.15
1655,276013.32
1656,263405.32
1657,254495.51
1658,250003.11
1659,247668.46
1660,253447.57
1661,271009.71
1662,308096.60000000003
1663,338918.55
1664,355822.76
1665,360221.79
1666,360319.58
1667,360469.36
1668,356841.96
1669,353890.56000000006
1670,349544.18000000005
1671,345898.58
1672,342950.97
1673,348038.11000000004
1674,360907.91
1675,371067.01
1676,357312.67
1677,338296.60000000003
1678,321778.7
1679,304554.48
1680,287989.13
1681,277776.91000000003
1682,271692.19999999995
1683,269734.08
1684,274013.18000000005
1685,290239.96
1686,324365.96
1687,353756.45
1688,367552.65
1689,369885.99
1690,366913.39
1691,364541.12
1692,360502.57
1693,358133.22000000003
1694,354035.8300000001
1695,350493.14
1696,347888.75999999995
1697,351804.58
1698,366052.52
1699,374995.4
1700,362299.65
1701,341970.62000000005
1702,323971.89
1703,307709.45
1704,290672.05999999994
1705,279964.94999999995
1706,274005.42
1707,271961.49000000005
1708,275704.39
1709,291854.54
1710,325260.61
1711,353694.8
1712,369118.7
1713,374583.04
1714,374181.19
1715,372626.09
1716,368709.33
1717,365433.23
1718,360329.98999999993
1719,356590.56000000006
1720,353997.05
1721,358175.24
1722,370865.01
1723,378256.28
1724,364978.02
1725,345024.02
1726,327179.84
1727,309715.22000000003
1728,292377.65
1729,280617.02
1730,274109.53
1731,270973.78
1732,273525.41000000003
1733,288930.05
1734,322015.06000000006
1735,350674.10000000003
1736,367170.77
1737,373080.73
1738,373528.29
1739,373608.93
1740,371215.6
1741,367920.66
1742,363347.95
1743,359592.83
1744,356955.03
1745,360586.58
1746,371349.54
1747,377091.2899999999
1748,363354.59
1749,343060.62
1750,325691.81999999995
1751,307826.39
1752,290199.13
1753,278220.43000000005
1754,271047.36000000004
1755,267140.97000000003
1756,270522.18
1757,284821.58
1758,316091.08
1759,344608.14
1760,359991.0667
1761,365168.3633
1762,365239.38
1763,366257.46
1764,362127.61
1765,356672.14
1766,351612.92
1767,347388.31
1768,344334.81999999995
1769,346923.87
1770,356435.67
1771,361827.1699999999
1772,348206.96
1773,328762.53
1774,313115.62
1775,298224.55
1776,281089.41
1777,267867.21
1778,259962.79
1779,254044.15
1780,252875.77
1781,256193.55
1782,264699.16000000003
1783,278352.48
1784,294905.79000000004
1785,308487.08
1786,312735.23
1787,313621.58
1788,311178.51
1789,303716.25
1790,296201.58
1791,291361.27
1792,288517.97000000003
1793,293870.73
1794,308357.68
1795,318352.72
1796,309099.03
1797,295000.83
1798,285653.91
1799,273118.72
1800,259546.82
1801,247869.65
1802,241204.92
1803,235704.87
1804,234802.46
1805,236093.9
1806,239679.08
1807,247725.22000000003
1808,260593.22
1809,273478.59
1810,281518.93
1811,287031.36
1812,286602.37
1813,280018.6
1814,273686.16000000003
1815,269282.66
1816,270118.46
1817,276939.17000000004
1818,296757.01
1819,311375.04
1820,306719.96
1821,296074.16
1822,288906.84
1823,277344.51
1824,263384.58
1825,255517.5
1826,251526.43
1827,249722.85
1828,254831.12
1829,272552.29000000004
1830,308323.87
1831,339630.88
1832,355235.85
1833,357996.70000000007
1834,358077.28
1835,358438.06
1836,355104.4
1837,351035.4
1838,345649.43
1839,343439.18
1840,339589.24
1841,343055.26
1842,356577.76
1843,368247.51
1844,355192.28
1845,335382.25
1846,318322.98
1847,300580.29
1848,284834.16
1849,275048.67000000004
1850,268910.07
1851,266510.37999999995
1852,270654.89
1853,286619.39
1854,319546.26
1855,346047.81999999995
1856,357621.93
1857,359212.06
1858,357682.3
1859,356543.92000000004
1860,351248.79
1861,348108.47
1862,344570.41000000003
1863,340213.22000000003
1864,337601.33
1865,341001.8
1866,353045.05000000005
1867,365793.03
1868,354793.2
1869,335747.78
1870,319572.06
1871,302114.08
1872,285234.54
1873,275576.37999999995
1874,270381.67
1875,268023.09
1876,271868.76000000007
1877,288616.21
1878,321234.33
1879,349436.43
1880,363010.83
1881,363353.15
1882,360537.83
1883,358541.16
1884,353854.42
1885,349374.82
1886,343912.0
1887,339203.11999999994
1888,337022.82
1889,340380.7
1890,353455.78
1891,366253.68
1892,354929.18
1893,335627.15
1894,317800.0
1895,300063.95
1896,283032.29
1897,272218.44999999995
1898,265642.61999999994
1899,263421.72
1900,267281.31
1901,283402.66000000003
1902,316001.91
1903,344725.66
1904,357459.30000000005
1905,357321.13000000006
1906,353751.19
1907,352550.64
1908,348382.48
1909,343027.95
1910,337905.38
1911,333598.42
1912,330109.87000000005
1913,334289.45
1914,347201.94
1915,360292.98
1916,349718.39
1917,330685.35000000003
1918,312695.02
1919,296268.51
1920,279203.82000000007
1921,269195.43
1922,263361.1
1923,261245.56
1924,264744.29000000004
1925,280544.12
1926,313716.41000000003
1927,341785.04
1928,353932.87000000005
1929,355108.03
1930,350644.27
1931,346085.31000000006
1932,339005.77
1933,331935.62
1934,326025.72
1935,321849.27
1936,318197.2
1937,321447.8
1938,333490.45
1939,346260.62000000005
1940,336282.58
1941,318805.02
1942,303547.62
1943,288490.73999999993
1944,272070.55
1945,260086.11
1946,252289.8
1947,248183.85
1948,247437.11
1949,250836.33
1950,259531.09000000003
1951,274968.82000000007
1952,291410.18000000005
1953,301390.95
1954,301905.87
1955,299898.62999999995
1956,296751.14
1957,288581.38
1958,280291.8
1959,275416.78
1960,273920.37
1961,279703.89
1962,294772.28
1963,308634.2
1964,300217.32
1965,286462.3
1966,276499.01
1967,264753.65
1968,250654.47
1969,240085.6
1970,232028.47
1971,229264.7
1972,228146.18
1973,229316.06
1974,231875.42
1975,240332.22000000003
1976,252235.38
1977,263683.78
1978,269548.03
1979,272519.5
1980,271548.9
1981,263506.85000000003
1982,255804.99
1983,251889.07
1984,252544.67
1985,261501.37
1986,281648.49000000005
1987,300392.57
1988,297113.3
1989,286107.69
1990,277518.26
1991,265325.97
1992,252121.52
1993,243599.64
1994,239527.97
1995,237420.0
1996,243152.08
1997,260292.58
1998,294549.16000000003
1999,324589.28
2000,341462.75
2001,344296.44000000006
2002,343728.77
2003,344100.1
2004,340775.8
2005,337948.22000000003
2006,334462.47000000003
2007,331702.4
2008,329143.50999999995
2009,331143.36
2010,342564.76000000007
2011,355311.75
2012,346454.74
2013,326678.32
2014,309768.65
2015,291907.62
2016,276422.79
2017,266720.23000000004
2018,262084.94
2019,259687.82
2020,263327.11
2021,278246.03
2022,310692.7
2023,339348.9
2024,352756.02
2025,354031.0
2026,353485.0
2027,353746.55999999994
2028,347814.01
2029,343263.32
2030,338534.27
2031,334923.46
2032,333284.42
2033,335161.44
2034,345594.07
2035,358172.35
2036,349463.93
2037,330582.78
2038,312359.76
2039,294990.13
2040,278269.92
2041,268375.73
2042,262366.67
2043,260231.0
2044,263865.26
2045,279130.8
2046,311040.75
2047,338855.22
2048,352612.72000000003
2049,353845.56
2050,351073.84
2051,350647.55000000005
2052,346110.61
2053,341948.13
2054,336274.06999999995
2055,332581.02
2056,330083.14
2057,333281.93
2058,343955.03
2059,356924.45
2060,348687.46
2061,328525.06999999995
2062,310848.97000000003
2063,292894.85000000003
2064,277031.85
2065,267336.31999999995
2066,260992.78
2067,259001.58
2068,262224.87
2069,277822.5
2070,308694.79
2071,336129.82
2072,349235.27
2073,350483.1
2074,348386.67000000004
2075,347658.19
2076,343301.77
2077,340084.23
2078,335054.94000000006
2079,330854.64
2080,328105.53
2081,329457.80000000005
2082,338872.53
2083,351667.4799999999
2084,343303.3
2085,325058.13000000006
2086,307047.43000000005
2087,289790.23000000004
2088,272844.93
2089,262457.31
2090,256575.88
2091,254556.24
2092,258778.96
2093,273764.2
2094,305122.47000000003
2095,332244.94
2096,344270.07
2097,344260.73000000004
2098,341507.02
2099,339139.34
2100,333310.07
2101,326517.56
2102,320842.38
2103,316272.74
2104,313233.05999999994
2105,315301.98999999993
2106,325578.57
2107,339184.88
2108,331652.59
2109,314242.21
2110,298128.52
2111,283114.98
2112,266220.12999999995
2113,255065.36
2114,247854.26
2115,243574.05
2116,243294.38
2117,245948.6
2118,253736.16
2119,268715.34
2120,284201.43999999994
2121,292297.46
2122,292102.42
2123,289748.27
2124,286823.85
2125,279382.48000000004
2126,271928.8
2127,267545.81
2128,266619.38
2129,272693.05000000005
2130,286811.39
2131,301937.8
2132,295981.12999999995
2133,282055.55
2134,271835.28
2135,261018.53
2136,247453.21
2137,233351.49
2138,230870.1
2139,229348.00670000003
2140,229212.7133
2141,229977.42
2142,236107.53
2143,245908.94
2144,258037.63
2145,267543.73
2146,271426.44
2147,271767.24000000005
2148,263792.87
2149,255420.44
2150,248996.55
2151,246241.77
2152,250267.65
2153,260551.94
2154,278144.72000000003
2155,291424.5
2156,286857.98000000004
2157,278179.47000000003
2158,264790.15
2159,248816.76
2160,239011.67
2161,233039.19
2162,231185.39
2163,236500.85
2164,254592.7
2165,293329.35000000003
2166,324125.45
2167,338871.56999999995
2168,341724.12
2169,338319.31000000006
2170,336101.49
2171,331374.10000000003
2172,327857.94
2173,322597.68000000005
2174,318154.36
2175,314444.22000000003
2176,313651.14
2177,318331.8
2178,329431.24
2179,334296.99000000005
2180,322882.60000000003
2181,304456.05
2182,286218.07
2183,268719.73000000004
2184,257587.69
2185,251036.28000000003
2186,248489.39
2187,252040.08
2188,266843.96
2189,301456.69
2190,330479.24000000005
2191,344023.02
2192,345739.35
2193,342523.36000000004
2194,340302.42
2195,336604.72000000003
2196,333831.55
2197,329786.28
2198,326346.04
2199,322647.61
2200,323174.96
2201,327515.81
2202,336171.92
2203,339399.64
2204,327047.01
2205,308962.92
2206,291129.22
2207,273286.43
2208,261602.12
2209,254909.08
2210,250629.50000000003
2211,255373.95
2212,271259.25999999995
2213,304834.31000000006
2214,333517.71
2215,347686.2
2216,351473.2
2217,350564.9
2218,350514.39
2219,346247.43
2220,343264.28
2221,339725.24
2222,335429.17000000004
2223,332633.34
2224,331480.41
2225,333930.41000000003
2226,342437.41000000003
2227,343322.57
2228,330646.33
2229,312458.69
2230,295509.63
2231,278490.52
2232,267039.57
2233,260601.61
2234,257789.8
2235,260985.52
2236,275882.59
2237,309528.9
2238,339810.245
2239,354298.23999999993
2240,357219.60000000003
2241,355818.28
2242,354659.33
2243,349377.78
2244,344859.64
2245,340778.32
2246,336291.61000000004
2247,331341.54000000004
2248,330576.66000000003
2249,332723.88
2250,339622.33
2251,341978.64
2252,330779.27
2253,313266.66
2254,295973.35
2255,278459.2
2256,266651.73000000004
2257,260637.15
2258,257324.96
2259,261025.75
2260,276537.97000000003
2261,309785.16
2262,338919.30000000005
2263,354514.33
2264,357732.52
2265,355096.79000000004
2266,352204.84
2267,346030.12
2268,340351.4
2269,334109.37
2270,328936.62
2271,324327.00000000006
2272,324304.4
2273,325322.87
2274,330802.89
2275,332116.98
2276,320405.78
2277,304152.56000000006
2278,289255.21
2279,271057.4
2280,258127.69
2281,250349.44
2282,245279.76
2283,243901.79
2284,247026.92
2285,256691.37
2286,271351.31
2287,289903.46
2288,303504.94
2289,306642.45
2290,304255.0800000001
2291,300206.53
2292,293191.9
2293,284920.63
2294,278770.96
2295,275301.55
2296,277214.06
2297,284228.21
2298,292307.4
2299,297282.98
2300,290732.89
2301,280243.94
2302,267988.79000000004
2303,251719.68
2304,239864.68
2305,231991.96
2306,226495.07
2307,225565.03
2308,226763.96
2309,230893.82
2310,239155.47000000003
2311,253265.97
2312,265965.9
2313,273567.91000000003
2314,278203.28
2315,278168.7
2316,270576.06
2317,262604.04000000004
2318,256418.8
2319,254734.21
2320,258915.24
2321,268927.58
2322,281650.98000000004
2323,291368.34
2324,287960.45
2325,278698.0
2326,266109.61
2327,250595.69
2328,241122.01
2329,236129.64
2330,233961.67
2331,238691.17
2332,257209.25
2333,294727.28
2334,326274.3400000001
2335,344389.28
2336,348226.02
2337,347612.47
2338,346722.67
2339,343360.60000000003
2340,339564.12999999995
2341,334116.05000000005
2342,330247.65
2343,326480.11
2344,324721.63
2345,326612.0
2346,333164.26
2347,336229.82
2348,325780.43000000005
2349,307018.94
2350,288869.68000000005
2351,272640.59
2352,260798.25
2353,254399.63
2354,251037.22
2355,254343.74
2356,269244.08
2357,303711.89
2358,333251.21
2359,349836.7
2360,354989.79
2361,354424.81
2362,352285.89
2363,347372.46
2364,342850.37
2365,337675.77
2366,332062.54
2367,328805.50999999995
2368,328418.23000000004
2369,330037.66
2370,336250.79
2371,338153.4
2372,326481.15
2373,308926.53
2374,292494.99
2375,272890.97000000003
2376,261439.19000000003
2377,254662.01
2378,252527.88000000003
2379,256097.69
2380,270660.65
2381,302986.11
2382,331869.35
2383,348739.27
2384,352315.14
2385,351896.57
2386,351643.53
2387,348296.4
2388,343747.29000000004
2389,339257.55
2390,334718.03
2391,330631.41
2392,329991.63
2393,331495.73999999993
2394,337059.69
2395,338592.2
2396,327784.72000000003
2397,310844.28
2398,294456.95
2399,275963.43
2400,264776.74
2401,258481.74
2402,255284.16
2403,258602.54000000004
2404,273319.49999999994
2405,306168.71
2406,335535.56
2407,351451.03
2408,354676.58
2409,353718.05
2410,353200.1
2411,348447.53
2412,342926.92
2413,336517.82
2414,332115.26000000007
2415,328225.55
2416,327561.82
2417,329269.08
2418,334683.9
2419,337259.65
2420,327884.53
2421,311478.47
2422,294465.52
2423,277426.02
2424,266492.72
2425,260656.27
2426,258280.74
2427,261723.33
2428,276010.10000000003
2429,307974.09
2430,337003.75
2431,352932.11
2432,355716.53
2433,353897.57000000007
2434,352545.21
2435,346656.49
2436,339408.11
2437,333048.67
2438,328136.02
2439,323628.32
2440,322213.07000000007
2441,322419.88
2442,325558.71
2443,327217.82
2444,318880.06999999995
2445,305436.35
2446,291608.71
2447,274198.02
2448,261674.41000000003
2449,254242.61
2450,249738.01
2451,248580.12
2452,251986.89
2453,262231.06
2454,277325.36
2455,294180.46
2456,305823.72000000003
2457,308242.42
2458,306990.48
2459,304570.82
2460,296825.24
2461,287906.68
2462,282025.18999999994
2463,279048.53
2464,280922.08
2465,286712.98
2466,293523.41
2467,298398.06999999995
2468,294582.36
2469,285554.97
2470,272895.87
2471,258275.12
2472,247108.44
2473,239945.92
2474,235339.94
2475,234099.26000000004
2476,235107.84
2477,238581.51
2478,246880.68
2479,260718.02
2480,273604.8
2481,280165.06999999995
2482,283917.96
2483,284018.97
2484,275547.25999999995
2485,267194.14
2486,261303.42
2487,259884.53
2488,263793.23
2489,272618.74
2490,282366.75999999995
2491,291015.75999999995
2492,290674.63
2493,283825.04000000004
2494,271437.67
2495,257006.73
2496,248009.71
2497,243059.88
2498,240803.12
2499,245774.02
2500,263247.68999999994
2501,299273.37999999995
2502,328781.3
2503,345341.55000000005
2504,349688.2
2505,346080.97000000003
2506,344051.7
2507,338387.39
2508,334941.08
2509,328409.71
2510,322402.87
2511,317367.67
2512,317036.86
2513,319894.62
2514,327230.12000000005
2515,331154.17
2516,322964.74999999994
2517,306006.98
2518,289450.44
2519,271726.22
2520,260865.02
2521,255128.73
2522,252085.44
2523,255282.66
2524,270085.36
2525,300468.04
2526,327271.92
2527,342505.89
2528,346448.68000000005
2529,343906.2
2530,342351.18
2531,338697.89
2532,334251.79
2533,329566.19
2534,325006.78
2535,320994.17
2536,320316.91
2537,322908.12999999995
2538,328198.31
2539,331629.71
2540,323258.91
2541,306407.98
2542,289803.89
2543,272456.41
2544,260620.26
2545,254751.98
2546,251593.0
2547,254468.42
2548,268978.11
2549,299021.59
2550,322089.7
2551,340533.5
2552,343432.34
2553,341991.99
2554,340570.96
2555,335263.9
2556,331019.83
2557,325918.4
2558,321001.36
2559,317197.69999999995
2560,315039.4
2561,315985.46
2562,321522.65
2563,325046.8900000001
2564,317177.47
2565,299996.54
2566,283326.46
2567,264940.37
2568,253102.24
2569,246525.86
2570,243128.52
2571,245745.39
2572,259037.52
2573,286289.19999999995
2574,310325.3300000001
2575,324654.88
2576,328833.27
2577,327458.63
2578,325842.7
2579,322356.16
2580,319081.13
2581,313426.63
2582,308190.93
2583,303283.59
2584,301892.02
2585,303115.21
2586,308102.18
2587,311841.71
2588,304432.18000000005
2589,288893.38
2590,272672.3
2591,253967.8
2592,241275.65
2593,234320.31
2594,229789.43
2595,230103.45
2596,235766.95
2597,251044.41
2598,269461.85
2599,281837.55
2600,291750.51
2601,293876.18999999994
2602,295344.2
2603,291704.82
2604,286897.74000000005
2605,281666.17999999993
2606,275680.6699999999
2607,272018.51
2608,271861.52
2609,274835.09
2610,279089.07
2611,283799.37000000005
2612,281129.22
2613,270437.95
2614,255898.85000000003
2615,238757.21
2616,226292.89
2617,218967.52
2618,214099.53
2619,213440.72
2620,216591.96
2621,223675.07
2622,236073.34000000003
2623,251157.3
2624,262933.39
2625,266109.27
2626,266316.26000000007
2627,264789.92000000004
2628,258997.4
2629,252977.41
2630,248164.55
2631,245164.2
2632,248093.20000000004
2633,253291.65
2634,259300.18
2635,263841.36
2636,262183.57
2637,251673.63
2638,239643.16
2639,224023.63000000003
2640,211977.27
2641,204567.39
2642,199180.18
2643,197694.13
2644,198846.76
2645,200985.6
2646,208982.65
2647,222299.98
2648,233718.17
2649,239743.73
2650,242517.69
2651,241658.08
2652,233102.3
2653,224962.71
2654,220557.81
2655,219164.08
2656,222750.25
2657,229717.27
2658,238948.74
2659,248902.11
2660,251752.95
2661,244133.26
2662,232822.26
2663,217020.28
2664,207082.5
2665,201184.57
2666,197148.05
2667,198525.0
2668,200762.79
2669,207279.57
2670,217896.84000000003
2671,231172.13
2672,243440.41
2673,250393.33
2674,253991.88
2675,254612.04000000004
2676,248151.23
2677,241714.54
2678,237405.14
2679,237141.73
2680,239953.33
2681,246948.82
2682,254637.43
2683,262835.16000000003
2684,263241.61
2685,253965.15
2686,241260.43
2687,226567.76
2688,216954.64
2689,211725.18
2690,208759.6
2691,212275.68
2692,228091.77
2693,260438.8
2694,290436.09
2695,311541.18
2696,321108.18
2697,324324.16000000003
2698,326519.06
2699,324401.63000000006
2700,322291.09
2701,317740.64
2702,313466.88
2703,310498.11
2704,307343.96
2705,308611.74
2706,311835.16
2707,311234.85000000003
2708,302819.48999999993
2709,286281.92
2710,268777.19000000006
2711,251085.0
2712,239713.34000000003
2713,232915.41000000003
2714,229784.22
2715,231596.03
2716,244314.63
2717,272203.34
2718,300468.68
2719,318628.5
2720,325030.05
2721,326832.55
2722,326965.74
2723,323678.75
2724,320331.66
2725,316854.35
2726,312718.42000000004
2727,309311.4
2728,308113.03
2729,309428.96
2730,313850.12
2731,314582.37
2732,308046.06
2733,289981.51
2734,272370.64
2735,254328.5
2736,241891.49
2737,233886.91
2738,229806.77
2739,231867.44
2740,243511.02
2741,268506.97
2742,292192.93
2743,307520.27
2744,314261.15
2745,315111.27
2746,316735.1
2747,315696.7
2748,311503.95
2749,306969.55
2750,303117.23
2751,299932.13
2752,299452.03
2753,301064.78
2754,305198.66
2755,306661.00999999995
2756,302082.39
2757,287305.31000000006
2758,271307.05
2759,254702.88
2760,241766.16
2761,235177.72
2762,231080.28
2763,233776.23
2764,245237.92
2765,272632.54000000004
2766,298736.61
2767,315831.18
2768,322702.59
2769,323196.28
2770,323071.06999999995
2771,319262.74
2772,312610.62999999995
2773,306703.72000000003
2774,301654.5
2775,296994.7
2776,296998.76000000007
2777,297719.4
2778,300101.04
2779,299211.87
2780,294959.13
2781,282004.03
2782,267013.36000000004
2783,248872.75
2784,235846.38
2785,228197.2
2786,223240.26
2787,222119.81000000003
2788,223334.86
2789,230004.98
2790,245081.15
2791,261941.67
2792,274231.03
2793,280387.71
2794,281316.12
2795,279866.19999999995
2796,272605.53
2797,265476.35
2798,260838.47
2799,258320.69
2800,261024.36
2801,266418.10000000003
2802,270545.27
2803,272791.75
2804,271514.77
2805,262611.37
2806,249749.55
2807,235696.09000000003
2808,224636.55
2809,217058.76
2810,211763.02
2811,209827.31000000003
2812,209473.71
2813,212099.45
2814,220908.19
2815,234403.31
2816,247445.96
2817,255514.42
2818,261319.58
2819,262938.26
2820,256626.4
2821,251131.73000000004
2822,245559.79
2823,242822.35
2824,246694.74
2825,254761.72
2826,262995.81000000006
2827,269611.87
2828,272282.52
2829,266239.58
2830,253853.45
2831,239484.46
2832,230169.55
2833,225748.05
2834,223713.42
2835,227122.66
2836,241486.05
2837,273145.02
2838,302156.57
2839,318898.96
2840,324115.19999999995
2841,323739.98
2842,325078.39
2843,323016.53
2844,319983.9
2845,315304.88
2846,311552.86000000004
2847,306474.37
2848,304266.51
2849,304939.45
2850,308532.42
2851,308210.94
2852,303741.34
2853,289184.09
2854,272836.63
2855,255408.89
2856,244333.6
2857,238178.67
2858,235268.62
2859,238163.34
2860,250085.97000000003
2861,277676.97000000003
2862,305763.76
2863,322428.5800000001
2864,326827.75000000006
2865,326101.12
2866,325183.2
2867,321897.51
2868,318107.36
2869,314164.29
2870,307038.44999999995
2871,301673.71
2872,298978.74
2873,297291.42
2874,298751.68
2875,297809.72
2876,293182.79
2877,279685.88
2878,264793.0
2879,247325.77
2880,234760.76
2881,226276.19
2882,221100.46
2883,218723.39
2884,217086.57
2885,217653.38
2886,227421.18
2887,241733.15
2888,253375.16000000003
2889,259958.94
2890,263359.07
2891,261971.98
2892,254362.35
2893,247000.16
2894,241832.68
2895,238332.78000000003
2896,239849.09
2897,246928.81
2898,257316.35
2899,264083.51
2900,265825.71
2901,259343.36000000004
2902,246182.91
2903,232017.58
2904,222319.87
2905,217184.81
2906,214576.83
2907,218467.37
2908,234128.48
2909,266089.72000000003
2910,295642.83
2911,312909.74
2912,319524.17
2913,321290.42
2914,323075.0999999999
2915,321758.49
2916,319162.98000000004
2917,315987.17000000004
2918,312638.58
2919,309124.87
2920,308362.00999999995
2921,308723.80000000005
2922,310689.63000000006
2923,310155.91000000003
2924,305021.24999999994
2925,290628.85
2926,273571.2
2927,255426.0
2928,244762.19
2929,237818.42
2930,234702.83
2931,236893.48
2932,248714.61
2933,275595.0
2934,301566.88000000006
2935,317571.93
2936,325267.28
2937,326232.49
2938,326238.60000000003
2939,322959.34
2940,319021.18999999994
2941,313868.05
2942,309209.37
2943,304451.81
2944,303292.32
2945,303892.78
2946,305137.96
2947,303440.56
2948,297970.2
2949,285996.79000000004
2950,271560.01
2951,254029.6
2952,241880.25
2953,234394.98
2954,229195.91
2955,228731.2
2956,229947.01
2957,237272.46
2958,251251.8
2959,269512.6400000001
2960,283490.0
2961,290315.35000000003
2962,291735.58
2963,290760.11
2964,284305.42999999993
2965,276913.79
2966,270894.15
2967,268355.94
2968,270280.2
2969,274637.79000000004
2970,277512.23
2971,278058.84
2972,277901.79
2973,271434.08
2974,260127.26
2975,244577.05
2976,233213.83
2977,226496.11
2978,221687.75
2979,219491.32
2980,219552.55
2981,220839.8
2982,229372.28
2983,242703.54
2984,255996.72000000003
2985,265979.91000000003
2986,272826.37
2987,272891.92
2988,264372.98
2989,255923.73
2990,250755.16
2991,249455.82
2992,253451.84
2993,261111.15
2994,268687.32
2995,273267.27
2996,276841.48000000004
2997,272828.94
2998,260254.62
2999,246264.79
3000,237437.11
3001,233401.78
3002,231632.78
3003,235581.37
3004,250955.49
3005,284506.06
3006,311426.86
3007,333663.56
3008,336927.50999999995
3009,337447.31
3010,338813.87
3011,335031.77
3012,331210.95
3013,327019.9
3014,323166.70000000007
3015,319026.11000000004
3016,318482.17000000004
3017,318673.53
3018,320975.16000000003
3019,319570.14
3020,313738.8
3021,299373.1400000001
3022,283166.84
3023,266612.45
3024,256106.23
3025,250314.59
3026,248455.07
3027,251025.84
3028,263677.55
3029,292743.58
3030,320979.22000000003
3031,334920.28
3032,337125.68999999994
3033,335068.08
3034,335916.67
3035,333483.14
3036,329771.78
3037,325287.87999999995
3038,320392.76
3039,316242.85000000003
3040,315506.80999999994
3041,315147.02
3042,318794.36999999994
3043,320124.31
3044,313511.83
3045,297628.16000000003
3046,280808.11
3047,262440.23
3048,250617.09
3049,244704.41
3050,241765.14
3051,243732.61
3052,252475.99
3053,276938.46
3054,301930.18
3055,317451.79000000004
3056,322939.65
3057,325890.61
3058,329998.31999999995
3059,328542.8900000001
3060,325034.99
3061,320785.2
3062,317431.56999999995
3063,313600.62
3064,313056.92
3065,314500.75
3066,318027.96
3067,316963.83
3068,309815.25
3069,296394.39
3070,279146.55
3071,262107.8
3072,249683.91
3073,243670.27
3074,240115.01
3075,242405.1
3076,255070.43
3077,284961.24
3078,313966.18
3079,331105.65
3080,336764.71
3081,337896.61
3082,338603.60000000003
3083,334729.86
3084,331598.26
3085,327393.72
3086,323379.05
3087,318552.52
3088,317127.55
3089,317280.77
3090,319696.18000000005
3091,318095.48000000004
3092,311232.05
3093,296537.64
3094,279645.86000000004
3095,261650.13
3096,250234.32
3097,244159.59000000003
3098,240922.94
3099,244031.79
3100,255831.28
3101,284327.29000000004
3102,315415.69999999995
3103,330882.06
3104,334367.87000000005
3105,334692.25999999995
3106,334737.92000000004
3107,330449.95
3108,325437.36
3109,319051.15
3110,313314.54000000004
3111,309999.19
3112,308476.65
3113,307738.72
3114,309061.75
3115,306948.43000000005
3116,300840.77
3117,288862.14
3118,273658.77
3119,255866.8
3120,241730.57
3121,233439.48
3122,228136.81
3123,226229.6
3124,226952.68
3125,234010.24
3126,249395.53
3127,267039.07
3128,279587.5
3129,284486.67
3130,285026.22000000003
3131,282903.82000000007
3132,275311.94999999995
3133,267969.88
3134,263660.18
3135,261165.34
3136,263287.04000000004
3137,268198.42999999993
3138,271062.69
3139,272022.12
3140,270319.41
3141,263911.98
3142,253133.77
3143,237546.02
3144,225734.98
3145,219151.58
3146,213993.15
3147,211541.18
3148,210745.83
3149,212907.47
3150,221965.34
3151,236059.00000000003
3152,249217.34
3153,257397.52
3154,262180.0
3155,262515.14
3156,254448.86
3157,248131.57
3158,243546.04
3159,241719.12
3160,245156.5
3161,252836.31
3162,260421.7
3163,265019.37
3164,267758.4
3165,264066.13
3166,251372.73
3167,237136.83
3168,228105.23
3169,223219.13
3170,221373.92
3171,225699.6
3172,240131.86
3173,274053.49000000005
3174,305337.65
3175,322131.52
3176,326101.02
3177,326295.46
3178,327267.23
3179,324915.71
3180,322444.37999999995
3181,318024.59
3182,313906.2
3183,310489.61
3184,308825.12999999995
3185,309049.63
3186,310749.55000000005
3187,309102.61
3188,302813.4
3189,290939.94
3190,273136.13000000006
3191,256875.51
3192,245560.62
3193,239913.63
3194,237191.29
3195,240277.26
3196,252131.59
3197,280874.42
3198,309735.72
3199,324123.30000000005
3200,328404.24
3201,328557.66000000003
3202,329953.29000000004
3203,326428.09
3204,323410.05999999994
3205,319294.99
3206,316283.23
3207,312828.71
3208,311178.94
3209,311480.54
3210,313968.27
3211,311316.89
3212,304652.64
3213,292023.65
3214,275128.39
3215,257996.85
3216,246221.51
3217,240668.77
3218,238156.93
3219,240551.79
3220,251961.36
3221,280581.91000000003
3222,309055.95
3223,324829.60000000003
3224,329541.34
3225,330411.31000000006
3226,332640.91000000003
3227,330654.47
3228,326895.73000000004
3229,322768.2
3230,318220.24
3231,314211.37
3232,313833.58
3233,313615.26
3234,315322.08
3235,312086.3
3236,305868.08
3237,292802.76
3238,275755.00999999995
3239,258767.23
3240,247737.57
3241,241641.29
3242,238472.49
3243,240807.85
3244,252512.0
3245,281758.49
3246,310268.88
3247,326589.6
3248,331388.5
3249,331171.44999999995
3250,330861.87
3251,326393.27
3252,324084.2
3253,319887.97
3254,316302.72
3255,314747.99999999994
3256,314038.67
3257,313053.81
3258,314792.35
3259,311953.57000000007
3260,305750.74
3261,292314.18
3262,275817.56
3263,258086.63
3264,247024.01
3265,240587.88
3266,237501.35
3267,239292.28
3268,249698.44000000003
3269,278733.03
3270,307591.15
3271,322852.10000000003
3272,328483.26
3273,329427.17999999993
3274,330229.41
3275,327422.22
3276,322428.83
3277,316205.35
3278,311335.9
3279,307954.1
3280,306137.97
3281,305107.74
3282,305019.39
3283,302207.16000000003
3284,295941.4
3285,284436.07
3286,269120.33
3287,250424.76
3288,237789.6
3289,229945.24
3290,224595.26
3291,222113.07
3292,221960.04
3293,229413.89
3294,244932.92
3295,262646.81
3296,275429.68
3297,280846.18000000005
3298,281873.89
3299,280148.84
3300,273058.91
3301,265970.15
3302,260148.66
3303,257143.63
3304,259229.22000000003
3305,262906.43999999994
3306,266002.05
3307,265661.44999999995
3308,264109.92000000004
3309,258449.39
3310,246453.43
3311,231558.27
3312,218469.87
3313,210217.68
3314,204605.61
3315,202069.96
3316,200262.93
3317,202245.23
3318,212111.82
3319,227026.63
3320,240866.59000000003
3321,250531.22
3322,257440.45
3323,259504.29
3324,252276.71
3325,245462.81
3326,240865.8
3327,239938.34000000003
3328,244022.83
3329,251112.08
3330,258751.97000000003
3331,262458.06999999995
3332,262873.59
3333,257961.14
3334,244337.53
3335,229699.58
3336,219595.85
3337,214652.97
3338,212100.99
3339,214637.43
3340,228718.88
3341,263632.48
3342,296159.43
3343,317106.66
3344,324724.56999999995
3345,326356.08
3346,329259.39
3347,327681.94999999995
3348,326238.83
3349,321757.4
3350,318385.93000000005
3351,314146.44
3352,311856.06000000006
3353,311227.08
3354,311326.1
3355,307111.04
3356,299540.46
3357,285992.04
3358,268640.12
3359,251207.98000000004
3360,239497.65
3361,232711.16
3362,229787.33
3363,231643.63
3364,242904.85
3365,273457.65
3366,303943.27
3367,322695.46
3368,329075.28
3369,330469.3
3370,332396.3
3371,329914.19999999995
3372,325898.02
3373,322141.11
3374,317892.6
3375,313410.02
3376,312106.11
3377,311016.82
3378,311005.12
3379,306861.07
3380,300217.74
3381,287612.53
3382,269593.77
3383,252093.54
3384,240739.51
3385,234135.76
3386,231032.37
3387,232647.15
3388,243680.17
3389,273655.78
3390,303856.92
3391,321851.56999999995
3392,327264.8
3393,327883.51
3394,329882.2
3395,326526.16
3396,323472.44
3397,319231.18000000005
3398,314341.94
3399,310456.84
3400,308847.75
3401,308942.39
3402,310258.41000000003
3403,305922.45
3404,299590.83
3405,286956.87
3406,269867.79000000004
3407,251849.51
3408,240534.62
3409,234034.16
3410,230314.06
3411,231844.85000000003
3412,242474.85
3413,271798.4
3414,300508.87
3415,316872.7700000001
3416,321937.12999999995
3417,322139.54000000004
3418,323307.04
3419,322147.54000000004
3420,319937.65
3421,316454.43
3422,312524.09
3423,309454.49000000005
3424,308447.88
3425,308501.04
3426,309036.15
3427,305497.47000000003
3428,299897.42
3429,287770.62
3430,270333.9
3431,252383.82
3432,240338.02
3433,233557.38
3434,230504.0
3435,231722.5
3436,241983.86
3437,270434.53
3438,299448.84
3439,316185.96
3440,322170.57000000007
3441,323369.49
3442,323492.81
3443,320234.79
3444,316365.21
3445,311269.66
3446,307101.35000000003
3447,303193.35
3448,301275.99
3449,300456.20000000007
3450,300277.45
3451,295644.37999999995
3452,289625.77
3453,279634.94
3454,264250.58
3455,246669.04
3456,233248.66
3457,224865.8
3458,219197.75
3459,217167.94
3460,216698.78
3461,224541.48
3462,240035.34
3463,257836.39
3464,270862.54000000004
3465,275999.69
3466,277567.42
3467,276316.07
3468,269332.24
3469,261940.67
3470,257417.41
3471,254863.45
3472,256723.18
3473,260416.38
3474,262744.8
3475,261485.42
3476,259560.11
3477,254993.29
3478,243615.93
3479,227923.81
3480,215814.74
3481,208578.51
3482,203427.74
3483,200786.34000000003
3484,199003.55
3485,201009.09000000003
3486,210946.29
3487,224366.21
3488,238027.88
3489,246670.0
3490,252462.24
3491,255039.47
3492,249140.92
3493,242989.79
3494,238508.88
3495,237153.31
3496,241475.92
3497,247493.52
3498,253686.82
3499,256218.74
3500,258460.43
3501,256131.2
3502,243479.62
3503,230158.81
3504,220139.14
3505,215075.51
3506,211507.53000000003
3507,213508.25
3508,225973.47
3509,258565.39
3510,290812.39
3511,311076.0
3512,318682.53
3513,323294.01
3514,327015.3
3515,326503.69000000006
3516,323085.72
3517,319270.37
3518,315075.95
3519,311863.98
3520,309676.86999999994
3521,309094.46
3522,309192.49
3523,303641.05
3524,296429.6
3525,284306.78
3526,267620.12000000005
3527,250675.08
3528,238984.56
3529,232186.91
3530,228982.92
3531,230534.66
3532,241151.1
3533,269919.60000000003
3534,299669.16000000003
3535,317299.32
3536,323840.79
3537,326755.79
3538,329878.42000000004
3539,328155.52
3540,325067.30000000005
3541,320658.23
3542,316248.37
3543,313715.93
3544,312156.09
3545,311457.84
3546,310878.99
3547,306222.62
3548,298695.87000000005
3549,287146.25
3550,269711.36
3551,251984.87
3552,240595.33
3553,234160.02
3554,231668.47000000003
3555,233115.39
3556,243875.53000000003
3557,272550.05
3558,301282.54
3559,318107.98
3560,325186.67
3561,326846.6599999999
3562,328176.08
3563,325771.96
3564,323386.86
3565,318898.31999999995
3566,314077.39
3567,309650.41
3568,308101.37000000005
3569,306871.14
3570,306604.12999999995
3571,301948.37
3572,295968.73
3573,285274.71
3574,269117.62
3575,251132.21
3576,238348.75000000003
3577,230725.1
3578,225779.8
3579,223747.44
3580,226456.84000000003
3581,239996.36
3582,260034.68
3583,276695.27
3584,286820.03
3585,290834.03
3586,294744.62000000005
3587,295730.26
3588,291267.78
3589,284518.62
3590,281745.94
3591,280424.94
3592,281132.39
3593,282371.84
3594,284570.11000000004
3595,282887.46
3596,280017.61000000004
3597,272626.45
3598,258449.31
3599,241837.38
3600,230876.69
3601,224643.32
3602,220235.33
3603,219885.23
3604,228017.97
3605,251382.28
3606,276945.12
3607,295536.18
3608,302794.47
3609,305354.28
3610,307454.46
3611,308228.89
3612,304027.8
3613,299758.37999999995
3614,294788.84
3615,291228.14
3616,291105.94000000006
3617,290792.99000000005
3618,289778.3
3619,284805.7
3620,279959.51
3621,273127.46
3622,259587.58
3623,242956.0
3624,229796.96
3625,221777.11
3626,215652.6
3627,213015.31
3628,212093.87
3629,219203.71
3630,234223.73
3631,251750.39
3632,265017.61
3633,271202.6
3634,273939.28
3635,273576.08
3636,268104.0
3637,262647.3300000001
3638,258041.3
3639,256447.35
3640,257919.01
3641,261229.7
3642,262247.25
3643,260264.43
3644,258195.82
3645,255290.77
3646,244074.54
3647,228005.49
3648,215736.25
3649,207355.81
3650,201500.27
3651,197403.65
3652,194287.27
3653,197103.4
3654,207033.04
3655,222204.34000000003
3656,236236.98
3657,243878.44
3658,249073.33
3659,250291.59
3660,245611.17
3661,240337.7
3662,236353.79
3663,235803.38
3664,240459.73
3665,246920.57
3666,253239.52
3667,256247.1
3668,257443.59
3669,256243.5
3670,243818.26
3671,229309.41
3672,218812.02
3673,212770.94
3674,208596.38
3675,209750.51
3676,222456.3
3677,255834.88
3678,287995.48000000004
3679,307173.22
3680,315996.14
3681,319856.58
3682,324530.37999999995
3683,324873.77
3684,324101.12
3685,321626.76000000007
3686,318855.45
3687,315585.31
3688,314937.52
3689,312305.9
3690,310978.15
3691,304961.17
3692,299485.46
3693,291402.98
3694,274056.89
3695,251289.73
3696,239731.61
3697,232650.47
3698,228578.62
3699,229087.65
3700,239112.63
3701,268005.74000000005
3702,297371.58
3703,314698.47000000003
3704,322183.73
3705,325454.96
3706,328806.79000000004
3707,328032.33
3708,326788.42
3709,324368.01
3710,321223.44
3711,318423.9
3712,316376.76
3713,313017.81
3714,311093.52
3715,305509.04000000004
3716,297660.75
3717,288451.48
3718,271768.25
3719,253668.93
3720,241532.81
3721,234287.31
3722,229972.98
3723,230282.33
3724,239228.4
3725,267819.26
3726,298936.03
3727,317939.75
3728,325440.58
3729,329979.44
3730,333592.24
3731,332122.26
3732,329585.79
3733,325550.1
3734,321833.14
3735,318202.28
3736,315767.42
3737,312922.18
3738,310565.2
3739,303586.79000000004
3740,295251.68
3741,285877.32
3742,269932.81
3743,252622.62
3744,240403.81000000003
3745,233785.62
3746,230109.44
3747,229776.92
3748,239543.71
3749,266717.51
3750,296831.34
3751,315684.72
3752,323477.75999999995
3753,326284.02
3754,329635.86
3755,327991.11000000004
3756,324726.89
3757,321289.33
3758,318630.18
3759,314989.79000000004
3760,312187.74999999994
3761,309100.32
3762,306870.13
3763,300452.17000000004
3764,292833.15
3765,283574.15
3766,267766.03
3767,250395.07
3768,238412.88
3769,231145.79
3770,227372.72000000003
3771,228324.29
3772,237460.3
3773,264913.69999999995
3774,293107.17
3775,311121.38
3776,318792.89
3777,321628.54000000004
3778,324678.94
3779,323697.8
3780,319475.91000000003
3781,315022.24
3782,312769.61
3783,309809.18
3784,307933.22000000003
3785,303791.37
3786,300652.19
3787,294031.14
3788,286279.21
3789,279047.79
3790,264589.71
3791,247053.89
3792,234750.07
3793,226476.05
3794,220300.45
3795,217178.78000000003
3796,216711.81
3797,225642.75
3798,240361.26
3799,258298.56
3800,272309.93
3801,279271.61
3802,282763.83
3803,280168.98
3804,273455.04000000004
3805,265372.09
3806,260142.59
3807,258543.94
3808,260390.31
3809,261944.55
3810,262073.7
3811,258968.58
3812,257024.52
3813,254298.85
3814,243512.88
3815,227582.85
3816,215387.53
3817,207672.52
3818,201561.84
3819,197036.71
3820,194401.49
3821,197469.9
3822,207898.99
3823,221979.43
3824,234645.27
3825,243880.31
3826,249292.96
3827,251823.69
3828,247165.2
3829,241403.36
3830,237638.26000000004
3831,236681.27
3832,240164.36
3833,245657.78000000003
3834,249394.7
3835,249973.79000000004
3836,251492.17
3837,250926.76
3838,239699.82
3839,225030.57
3840,214372.67
3841,208261.9
3842,203290.62
3843,202772.12
3844,208848.82
3845,226918.02
3846,247479.62
3847,266603.41000000003
3848,278454.31000000006
3849,285963.14
3850,292490.53
3851,294940.85000000003
3852,291970.01
3853,287402.68
3854,284931.67000000004
3855,284379.64
3856,285947.23000000004
3857,287495.42
3858,287263.57
3859,282632.86
3860,279690.27
3861,273361.43
3862,257657.67
3863,241441.31000000003
3864,230935.18
3865,224650.05
3866,220477.21
3867,222009.33
3868,234497.92
3869,265640.6
3870,297611.04000000004
3871,317492.14
3872,327001.76
3873,331365.01
3874,335475.76
3875,334527.56000000006
3876,332108.15
3877,328299.68
3878,325347.19999999995
3879,322275.22000000003
3880,320763.47000000003
3881,319034.0
3882,317117.05
3883,309264.37
3884,301671.66000000003
3885,292002.28
3886,275907.54
3887,257611.79000000004
3888,245469.11
3889,238921.36
3890,235378.86
3891,235705.27
3892,245688.34
3893,274381.01000000007
3894,303804.49
3895,324073.82
3896,333506.8
3897,339133.2900000001
3898,344204.98999999993
3899,342843.84
3900,340530.13
3901,335872.81
3902,330963.1
3903,326260.14
3904,323825.06000000006
3905,320016.09
3906,316726.35
3907,309430.25000000006
3908,302453.09
3909,293455.26
3910,276929.94999999995
3911,258512.95
3912,246412.62
3913,239362.44
3914,234880.18
3915,235428.52
3916,244448.21
3917,272747.0
3918,302310.55
3919,320871.55000000005
3920,329070.85000000003
3921,331749.77
3922,336335.11
3923,335821.49
3924,333849.01
3925,330405.38
3926,327025.62
3927,323027.17000000004
3928,321506.42000000004
3929,318734.0200000001
3930,315859.39
3931,307918.08
3932,299854.54
3933,292387.26
3934,276897.69
3935,259285.34000000003
3936,246571.39
3937,238864.01
3938,234566.42
3939,233802.36
3940,242763.4
3941,270526.73
3942,300148.59
3943,319877.1
3944,328925.6
3945,333940.55000000005
3946,337560.02
3947,335710.77
3948,331260.6
3949,327373.45
3950,323513.26
3951,318672.31
3952,316692.27
3953,312900.42
3954,309211.68
3955,300727.98999999993
3956,293116.54
3957,286217.77
3958,272147.80999999994
3959,253491.26
3960,239774.07
3961,230974.82
3962,225100.59
3963,221223.43
3964,219472.6
3965,229475.19
3966,246871.27
3967,264535.59
3968,280209.81999999995
3969,288914.51
3970,291792.89
3971,290273.18000000005
3972,285546.94000000006
3973,277530.26
3974,272725.82
3975,270858.42
3976,271899.5
3977,273274.52
3978,272833.32
3979,267466.91000000003
3980,263728.47
3981,261585.85
3982,250675.12
3983,234869.23
3984,222274.9
3985,214471.74
3986,207914.74
3987,204738.64
3988,202240.1
3989,204965.14
3990,214427.47000000003
3991,228394.7
3992,241606.86
3993,251687.49
3994,259829.46
3995,262153.78
3996,257094.09
3997,251549.59
3998,247440.82
3999,245175.2
4000,248202.74
4001,253494.35000000003
4002,257673.63
4003,258542.32
4004,259035.81
4005,260207.98
4006,249060.75
4007,233883.31
4008,223576.54
4009,216898.21
4010,212924.66
4011,214752.94000000003
4012,226742.11
4013,257474.73
4014,288850.51
4015,309804.21
4016,319948.84
4017,324758.47
4018,329938.44
4019,330928.21
4020,330334.12000000005
4021,327847.95
4022,325279.01
4023,321959.3
4024,319609.41
4025,316412.93999999994
4026,313743.04
4027,306559.92999999993
4028,299384.05
4029,291350.95
4030,275305.82
4031,256316.23
4032,244472.61
4033,237344.73
4034,233062.25000000003
4035,232991.61
4036,241933.81
4037,270211.61000000004
4038,299907.99
4039,319422.14
4040,329378.31
4041,334958.7
4042,339987.71
4043,339196.75999999995
4044,338284.42
4045,336269.99
4046,332673.62999999995
4047,328985.68
4048,327323.56
4049,324287.41000000003
4050,319946.41000000003
4051,311845.02
4052,303820.02
4053,295382.0
4054,278418.31
4055,259189.11
4056,245853.86
4057,238215.36
4058,234498.28
4059,234563.14
4060,243083.04000000004
4061,270710.27
4062,299954.88
4063,320920.06
4064,331089.44000000006
4065,338056.55
4066,343557.68
4067,343879.59
4068,341711.2
4069,339042.18999999994
4070,335611.22000000003
4071,330291.03
4072,328438.42
4073,325373.18
4074,320990.01
4075,310982.97
4076,301590.3
4077,291798.55
4078,274929.41
4079,256805.11
4080,243767.44
4081,236482.17
4082,231352.31
4083,229991.84
4084,234252.75
4085,252826.8
4086,278888.19999999995
4087,296288.27
4088,307120.53
4089,313032.77
4090,317959.3
4091,318174.81
4092,315875.93
4093,312274.14
4094,306477.17000000004
4095,302543.93
4096,301083.79
4097,301151.87
4098,298510.89
4099,291571.03
4100,285940.45
4101,280155.25
4102,266266.72
4103,249686.91
4104,237261.15
4105,230379.7
4106,225464.34
4107,225787.22
4108,232802.18
4109,257097.67
4110,284115.65
4111,304561.57
4112,315791.16000000003
4113,321538.84
4114,325735.46
4115,324880.77
4116,322230.80999999994
4117,317527.69
4118,313240.2
4119,309164.06
4120,306339.68
4121,303316.17000000004
4122,298655.79000000004
4123,289959.58
4124,282252.97
4125,277219.45
4126,264891.62
4127,247757.61
4128,234694.1
4129,226330.89
4130,219858.91000000003
4131,216501.06
4132,216003.49
4133,223784.22
4134,238865.41
4135,256560.98
4136,271496.06
4137,278977.02
4138,283707.76
4139,284947.58
4140,279354.3
4141,273624.65
4142,269205.50000000006
4143,266155.81
4144,266639.77
4145,267833.06
4146,267054.68
4147,262686.99
4148,259526.87
4149,257790.01000000004
4150,247862.68
4151,231523.41000000003
4152,219606.6
4153,212355.87
4154,206605.76
4155,201922.91
4156,198913.99
4157,201561.3
4158,211085.17
4159,225205.05
4160,238507.22
4161,248540.18
4162,255643.45
4163,259001.27
4164,255404.85
4165,250356.67
4166,247169.78
4167,246942.3
4168,249915.8
4169,255317.86
4170,259451.06
4171,259930.53
4172,260539.66
4173,262345.47000000003
4174,250978.47
4175,235104.14
4176,223966.01
4177,217783.75
4178,214158.9
4179,216321.49
4180,227248.71
4181,258181.24
4182,288997.28
4183,310351.9
4184,321732.99
4185,328901.11
4186,334260.22000000003
4187,334879.16
4188,334520.9
4189,332758.62000000005
4190,320941.68000000005
4191,327433.4
4192,325768.58
4193,322383.12
4194,319547.02
4195,311846.35000000003
4196,304225.6
4197,297154.66000000003
4198,280486.65
4199,261923.07
4200,249225.23
4201,242006.5
4202,236864.74
4203,236618.53
4204,246900.36
4205,275339.66000000003
4206,305475.1000000001
4207,325919.87999999995
4208,337737.22000000003
4209,344163.28
4210,348804.07
4211,350403.69
4212,349283.64
4213,347203.80000000005
4214,344223.44999999995
4215,341324.84
4216,339217.10000000003
4217,335220.27
4218,331724.63
4219,323267.28
4220,315471.09
4221,307503.44000000006
4222,290468.25
4223,270056.57
4224,256278.46
4225,248339.85
4226,243240.61
4227,243340.63
4228,252200.32
4229,280786.7
4230,311333.7
4231,333635.92
4232,346206.0
4233,352630.76
4234,357653.49
4235,358924.93
4236,358278.78
4237,354770.69
4238,351450.79000000004
4239,348547.77
4240,345564.55000000005
4241,341780.32
4242,337830.29
4243,328743.03
4244,320451.16000000003
4245,312259.65
4246,294246.65
4247,273332.04
4248,259314.58
4249,251271.69
4250,245913.75
4251,245238.34
4252,253173.48
4253,280088.34
4254,309580.95
4255,330618.09
4256,342425.54
4257,350066.72
4258,355723.08
4259,357352.63
4260,356900.67
4261,353870.25
4262,350675.72
4263,347771.70000000007
4264,344869.14
4265,340673.62999999995
4266,336585.09
4267,327507.47
4268,319107.44000000006
4269,310866.78
4270,293300.02
4271,271760.18
4272,257653.17
4273,249363.92
4274,244458.81
4275,243822.3
4276,251422.96
4277,278362.18000000005
4278,306561.18
4279,326450.92
4280,338292.27
4281,345053.05
4282,349330.77
4283,350231.58
4284,347524.0
4285,344188.54
4286,340751.54000000004
4287,338029.62
4288,335493.43999999994
4289,331543.48
4290,326159.3
4291,317001.47
4292,307978.19000000006
4293,300712.93000000005
4294,285865.59
4295,265956.08
4296,251369.57
4297,241615.59
4298,234910.17
4299,230802.9
4300,228807.03
4301,235376.78
4302,250904.65
4303,268807.74000000005
4304,284096.21
4305,292598.07000000007
4306,296941.41
4307,298158.5
4308,294148.53
4309,289577.13
4310,286946.97000000003
4311,285960.45
4312,287174.5
4313,288853.21
4314,287558.21
4315,281939.68
4316,277877.89
4317,275293.79000000004
4318,264070.86
4319,246280.61
4320,232910.59
4321,224376.12
4322,217248.35
4323,212445.61
4324,209640.46
4325,213139.87
4326,223069.96
4327,237564.72
4328,251234.87
4329,262096.92
4330,269266.21
4331,273088.97
4332,270659.27
4333,267644.73
4334,265679.27
4335,265957.3
4336,269891.49
4337,274586.51
4338,277809.24
4339,278061.36
4340,278521.86
4341,280142.7
4342,267159.17000000004
4343,248980.28
4344,236861.46
4345,230267.63
4346,226380.06
4347,227709.13
4348,238767.45
4349,269694.12
4350,300608.89
4351,323147.12
4352,336385.48
4353,344704.4
4354,350927.24
4355,352564.84
4356,352291.49
4357,350866.98999999993
4358,348392.73
4359,344224.55999999994
4360,341458.27
4361,336998.91000000003
4362,331783.48000000004
4363,322007.87000000005
4364,313269.58
4365,303799.04000000004
4366,286467.65
4367,266984.31000000006
4368,254338.61
4369,246978.02
4370,242568.38
4371,242814.64
4372,251225.33
4373,277868.75
4374,305838.54
4375,327167.74
4376,339014.65
4377,345606.43
4378,351016.03
4379,351312.18
4380,350724.89
4381,348428.94
4382,344488.86
4383,341329.15
4384,339034.98000000004
4385,334459.39
4386,329845.45
4387,321297.18
4388,313078.14
4389,304378.09
4390,287459.17000000004
4391,267285.46
4392,253835.36
4393,246064.33
4394,241967.62
4395,241897.12
4396,250530.88
4397,277286.33
4398,304637.88000000006
4399,325005.35
4400,337009.42999999993
4401,344051.94999999995
4402,350129.34
4403,349928.55000000005
4404,348920.9
4405,345762.0
4406,343468.63
4407,340205.99000000005
4408,337473.35000000003
4409,332848.94
4410,327501.55
4411,318001.93000000005
4412,310003.05
4413,302116.96
4414,285614.94
4415,265388.28
4416,252866.71
4417,245153.89
4418,240723.57
4419,240543.02
4420,248841.1
4421,275081.81000000006
4422,303372.29
4423,323176.41000000003
4424,334384.1
4425,340296.29
4426,345527.98
4427,346288.34
4428,345943.76
4429,344136.86
4430,341671.64
4431,339109.84
4432,337724.4
4433,334772.11
4434,330963.94
4435,322071.19999999995
4436,313911.65
4437,305821.83
4438,289483.79
4439,269399.13
4440,256353.34
4441,248489.89
4442,244012.54
4443,243882.99
4444,251126.78
4445,276262.51
4446,303106.4
4447,323264.63
4448,335301.56999999995
4449,341104.9
4450,345201.35
4451,345611.50999999995
4452,343551.00999999995
4453,340244.65
4454,337213.3
4455,334277.12
4456,331682.86
4457,328263.0800000001
4458,322505.49
4459,312207.86
4460,304299.93
4461,297950.77
4462,283070.99000000005
4463,264501.05000000005
4464,250241.49
4465,240742.07
4466,234858.8
4467,230997.46
4468,229352.72
4469,236059.65
4470,250595.13
4471,268528.83
4472,283656.06
4473,292243.27
4474,296964.93000000005
4475,299266.94999999995
4476,295205.71
4477,290308.75
4478,287500.44
4479,286708.14
4480,287325.23000000004
4481,287867.30999999994
4482,286310.75000000006
4483,279642.42000000004
4484,275765.25
4485,272824.72
4486,260873.51
4487,243914.96
4488,230923.09000000003
4489,222266.3
4490,215852.88
4491,212247.68
4492,209309.81
4493,211737.11
4494,220188.95
4495,232842.32
4496,247114.32
4497,258697.08
4498,266185.03
4499,270395.37999999995
4500,267467.57000000007
4501,264628.28
4502,260914.99
4503,260447.31000000003
4504,263451.22
4505,267568.0
4506,269634.61
4507,269132.5
4508,269914.19
4509,270819.49
4510,258625.02
4511,242725.59
4512,231937.26000000004
4513,224971.14
4514,221231.65
4515,223229.56
4516,234574.29
4517,264711.5
4518,294107.76
4519,316003.54
4520,329335.87000000005
4521,337292.1
4522,342692.09
4523,344816.74000000005
4524,344467.98
4525,341704.27
4526,337578.96
4527,334100.99
4528,331780.76
4529,327436.95
4530,323620.81
4531,315069.67
4532,307671.68000000005
4533,298917.99
4534,281509.57
4535,262540.19
4536,249839.37
4537,242823.25
4538,238873.53
4539,239401.34
4540,247678.26
4541,273770.67000000004
4542,300677.0
4543,318940.23
4544,327628.36000000004
4545,334748.61000000004
4546,341725.62
4547,341649.65
4548,341320.56999999995
4549,338106.65
4550,334619.39
4551,330672.36
4552,327794.46
4553,324161.14
4554,319864.92000000004
4555,312353.34
4556,304663.09
4557,296920.41000000003
4558,280349.12999999995
4559,261891.57
4560,249009.49
4561,241442.73
4562,237239.85
4563,237583.77
4564,245667.29
4565,271090.9
4566,298537.79
4567,317841.54000000004
4568,328977.19000000006
4569,334107.23
4570,339182.28
4571,340117.81
4572,339294.83
4573,336723.0
4574,332991.48
4575,328783.84
4576,326739.3300000001
4577,323680.50999999995
4578,319864.30999999994
4579,311098.2
4580,303293.35
4581,295293.78
4582,279009.05
4583,260726.34
4584,248279.47
4585,240781.71
4586,236607.15
4587,236861.94
4588,245793.87
4589,269896.67
4590,296453.32
4591,315820.26
4592,327640.37
4593,333960.89
4594,339228.79
4595,339541.43000000005
4596,337421.15
4597,334644.66
4598,331802.27
4599,327905.8999999999
4600,325679.57
4601,322795.24
4602,319190.95
4603,311076.47000000003
4604,303438.75999999995
4605,295834.4799999999
4606,280254.6
4607,262198.87
4608,249202.15
4609,241022.21
4610,236988.01
4611,237821.18
4612,246281.67
4613,270394.36000000004
4614,296978.99
4615,316609.38
4616,328600.37
4617,335450.83
4618,339076.56
4619,338795.86
4620,335780.68
4621,333010.05
4622,329278.55
4623,325185.93
4624,322460.93
4625,317421.14
4626,311987.24
4627,302817.525
4628,294985.54
4629,287470.31999999995
4630,273623.92
4631,256101.49
4632,242622.09
4633,234009.84
4634,228297.62
4635,224880.64
4636,223779.62
4637,230684.32
4638,244706.43
4639,262101.01
4640,277096.53
4641,285818.45
4642,290503.85
4643,289240.8
4644,283815.2
4645,276808.63
4646,273187.64
4647,271641.46
4648,272154.72
4649,274548.72
4650,273091.27
4651,267608.13
4652,263377.61000000004
4653,260431.06
4654,249080.86
4655,233358.21
4656,220618.25000000003
4657,212665.72
4658,206966.77
4659,203596.2
4660,201558.17
4661,203634.02
4662,211461.29
4663,225033.62
4664,239161.87
4665,249972.99
4666,256794.44
4667,259045.89
4668,254419.19
4669,249937.31
4670,247283.02
4671,246525.84000000003
4672,249470.66
4673,254257.6
4674,256767.0
4675,257384.34
4676,259138.25
4677,259231.84
4678,247404.58
4679,232085.81
4680,221218.5
4681,215517.58
4682,212252.88
4683,214467.81
4684,226370.7
4685,254728.12
4686,283057.16
4687,304674.91
4688,316307.38
4689,322983.94
4690,327680.87
4691,328654.66
4692,326825.14
4693,323530.71
4694,319294.7
4695,316064.23999999993
4696,314888.4
4697,312205.9
4698,310107.6699999999
4699,302571.16
4700,295574.36000000004
4701,287376.33
4702,270768.22000000003
4703,251536.97
4704,239558.95
4705,232265.18
4706,229095.78
4707,229685.76
4708,239602.16000000003
4709,264535.67000000004
4710,290504.52
4711,310925.84
4712,322936.49
4713,329365.06999999995
4714,333651.30999999994
4715,333432.73
4716,330866.94
4717,327484.45
4718,323750.7
4719,320160.73999999993
4720,318458.69
4721,315523.32
4722,312412.26
4723,304870.67
4724,297728.68
4725,289520.36
4726,274008.05
4727,254931.17
4728,242954.23
4729,234927.57
4730,231054.34
4731,231593.58
4732,240234.75
4733,264473.05000000005
4734,290230.73
4735,309748.54000000004
4736,320663.69
4737,325929.44999999995
4738,329758.87
4739,329123.96
4740,327934.4
4741,325442.56
4742,323029.24
4743,320434.64
4744,319277.80000000005
4745,316813.88
4746,313005.0900000001
4747,305351.32
4748,298871.01
4749,291125.94
4750,274463.21
4751,256319.6
4752,244085.02
4753,236782.23
4754,232958.19
4755,233432.91
4756,241749.2
4757,265561.85
4758,291701.1
4759,311605.9
4760,322217.19
4761,327653.21
4762,331629.94
4763,332401.21
4764,331546.37
4765,329648.92999999993
4766,327275.96
4767,325080.7
4768,323965.34
4769,320898.98000000004
4770,317766.28
4771,309493.68
4772,302747.66
4773,293615.49
4774,277397.29000000004
4775,259254.78000000003
4776,245733.3
4777,238616.87
4778,234733.4
4779,234785.28
4780,243246.6
4781,267397.59
4782,293102.36999999994
4783,313653.09
4784,325086.71
4785,331416.47000000003
4786,335420.66
4787,335028.63
4788,332058.65
4789,329418.6
4790,325471.58
4791,321850.87
4792,319741.3
4793,317176.75000000006
4794,311756.7
4795,302493.43
4796,295348.09
4797,288029.22
4798,273182.39
4799,255504.43
4800,241500.59
4801,231412.05
4802,224594.18
4803,221224.61
4804,220555.67
4805,227727.65
4806,242213.24
4807,260099.59
4808,275391.67000000004
4809,284197.76000000007
4810,288727.81
4811,289231.62
4812,283585.59
4813,277176.37
4814,274974.25
4815,273940.93
4816,274257.35
4817,277491.83
4818,276640.68
4819,271654.9
4820,269203.91000000003
4821,265767.56
4822,253232.35
4823,236625.62
4824,224152.26
4825,216248.34
4826,210253.35
4827,207031.19000000003
4828,205251.09
4829,206649.08
4830,214872.86
4831,228212.01
4832,241601.27
4833,252067.84
4834,259989.57
4835,263790.25
4836,260455.67
4837,256896.79
4838,253974.57
4839,253915.99
4840,257139.63
4841,261921.14
4842,265865.16
4843,267417.3
4844,268901.87
4845,268644.74
4846,255384.44
4847,239117.93
4848,227477.59000000003
4849,220510.01
4850,217180.49
4851,219135.44
4852,230240.59000000003
4853,258095.4
4854,286421.42
4855,309968.78
4856,323570.08
4857,331920.08
4858,337580.19
4859,340385.02
4860,340881.71
4861,338992.58
4862,337024.96
4863,334595.64
4864,332425.44
4865,329695.84
4866,325883.79000000004
4867,318707.79
4868,311712.81
4869,302118.53
4870,284118.98000000004
4871,264374.19
4872,250983.58
4873,242992.83
4874,238015.51
4875,238052.41000000003
4876,246538.92
4877,269762.1
4878,296451.17
4879,318288.71
4880,332944.53
4881,341525.54
4882,347512.23
4883,349030.7
4884,348412.83
4885,346963.46
4886,344146.69
4887,340606.42
4888,338429.42
4889,334576.75999999995
4890,330895.19999999995
4891,322752.02
4892,315805.62000000005
4893,305577.15
4894,287267.60000000003
4895,267609.39
4896,254046.44
4897,245641.39
4898,241115.89
4899,241460.22999999995
4900,249389.02000000005
4901,272629.77
4902,300020.08
4903,321846.29
4904,336055.46
4905,344886.78
4906,351015.73
4907,352215.33
4908,351640.66000000003
4909,350254.28
4910,347617.73000000004
4911,344585.44000000006
4912,341720.7100000001
4913,338331.64
4914,334268.28
4915,326786.8
4916,319780.78
4917,310045.02
4918,292313.36
4919,272558.38
4920,259003.17
4921,207258.16
4922,203829.09
4923,203727.58
4924,210594.2
4925,230323.34
4926,300713.92000000004
4927,322605.89
4928,337443.22
4929,346227.45
4930,352791.31
4931,354038.10000000003
4932,353572.65
4933,351439.67
4934,348434.88
4935,345419.87000000005
4936,342692.28
4937,339235.92000000004
4938,334472.76
4939,326907.66
4940,319978.14
4941,310305.72000000003
4942,293416.9199999999
4943,273185.67000000004
4944,259386.87
4945,251096.41000000003
4946,245986.83
4947,245692.29000000004
4948,253018.44
4949,275089.21
4950,300634.98000000004
4951,321863.31999999995
4952,335932.43
4953,342996.82
4954,348052.87000000005
4955,348288.97
4956,345265.63
4957,342047.61000000004
4958,337762.82
4959,334611.82
4960,331780.30999999994
4961,327763.17
4962,320666.89
4963,311242.3
4964,303405.60000000003
4965,294892.14
4966,278845.49
4967,261072.54
4968,246074.64
4969,237220.36
4970,230797.63
4971,227177.75
4972,226796.42
4973,233310.77
4974,246768.22
4975,262182.1
4976,277302.13
4977,284634.05
4978,290424.25
4979,290618.86
4980,286773.00000000006
4981,282282.75
4982,278474.04000000004
4983,275560.74
4984,274762.92000000004
4985,275516.7
4986,274582.36
4987,269976.88000000006
4988,266493.94999999995
4989,261738.84
4990,249066.7
4991,233676.3
4992,222131.83
4993,214724.41
4994,209166.27
4995,206203.34
4996,204874.26
4997,206361.15
4998,214585.77
4999,227049.52
5000,240867.96
5001,251056.63
5002,257715.96
5003,261195.03
5004,257893.05
5005,253810.56
5006,251346.68
5007,249730.45
5008,252124.57
5009,256791.39
5010,260286.66
5011,260791.11
5012,262391.11
5013,260496.77
5014,247772.66
5015,229745.29
5016,219175.69
5017,213727.64
5018,210236.36
5019,212091.2
5020,223265.36
5021,250824.64
5022,278788.93
5023,301105.34
5024,314209.22000000003
5025,322453.89
5026,329012.56999999995
5027,330727.58
5028,330294.38
5029,327350.73
5030,323475.99
5031,319593.06999999995
5032,317494.33
5033,314860.83
5034,310773.59
5035,304664.5
5036,299144.24
5037,288870.31
5038,271568.39
5039,252284.11
5040,239700.79
5041,233010.95
5042,228622.45
5043,229606.46
5044,238330.17
5045,261491.59
5046,287320.33
5047,307647.62
5048,320026.11
5049,327883.35000000003
5050,333193.28
5051,333957.25
5052,332490.89
5053,330343.32
5054,327037.61
5055,323903.66
5056,321542.43000000005
5057,318143.52
5058,314377.60000000003
5059,306985.18
5060,301432.43
5061,291177.39
5062,273831.89
5063,255795.24
5064,243658.62
5065,235814.26
5066,231035.33
5067,231726.94
5068,240192.54
5069,263460.53
5070,288558.05
5071,308357.58
5072,320379.70000000007
5073,327675.2
5074,333960.52
5075,333844.3
5076,331913.92000000004
5077,328618.48000000004
5078,326156.08
5079,322840.74999999994
5080,319382.14
5081,316302.02
5082,312850.34
5083,305725.61
5084,299752.78
5085,289339.36000000004
5086,272420.75000000006
5087,254809.73
5088,242666.82
5089,235198.08
5090,230865.99
5091,231122.83
5092,239351.14
5093,261528.05
5094,285904.96
5095,306064.64
5096,318346.35
5097,325149.11
5098,331267.15
5099,333497.86000000004
5100,331726.06000000006
5101,328706.39
5102,324634.78
5103,321505.58
5104,319699.05
5105,317277.41
5106,313109.51
5107,306119.39
5108,301014.12999999995
5109,290765.85
5110,274420.75
5111,255581.68
5112,242609.92
5113,235385.08
5114,231330.08
5115,231723.08
5116,239984.57
5117,261038.54
5118,284771.09
5119,305238.49
5120,318112.74
5121,325478.16000000003
5122,330249.76
5123,331462.56
5124,328245.74
5125,323187.72
5126,318148.02
5127,314709.11999999994
5128,312806.43999999994
5129,308144.02
5130,303216.17000000004
5131,295568.44
5132,289628.88
5133,279718.75
5134,264467.42
5135,245777.4
5136,233351.32
5137,224938.04
5138,219171.79000000004
5139,216442.15
5140,216645.6
5141,221798.9
5142,234593.86
5143,251325.4
5144,266373.49
5145,275720.3
5146,280583.04
5147,282407.62999999995
5148,277947.0
5149,272288.77
5150,269142.66
5151,267368.54
5152,268284.47000000003
5153,269225.67000000004
5154,268790.26
5155,264739.47
5156,263371.35
5157,256976.59
5158,244307.09
5159,228498.04
5160,217640.95
5161,210497.13
5162,204994.95
5163,202306.09
5164,201170.89
5165,202067.79
5166,209682.85
5167,222492.67
5168,235364.66
5169,245187.47
5170,252164.63
5171,254380.06
5172,251324.58
5173,248153.61
5174,245769.68
5175,245484.4
5176,248641.71
5177,252629.72
5178,255890.66000000003
5179,258434.24
5180,261041.83
5181,257163.15
5182,243779.81
5183,228172.4
5184,217534.5
5185,211569.42
5186,207903.71
5187,209636.66
5188,220348.48
5189,245082.17
5190,269738.44999999995
5191,290457.45000000007
5192,303770.95
5193,311000.65
5194,316819.72000000003
5195,317983.55
5196,317408.05
5197,315129.12
5198,312248.34
5199,309294.87
5200,308982.44
5201,307329.3
5202,304537.54000000004
5203,298810.67000000004
5204,293922.71
5205,282111.92
5206,264903.31
5207,247015.54
5208,234463.51
5209,227349.39
5210,223412.56
5211,223925.82
5212,232992.1
5213,255123.69
5214,278684.05
5215,298708.27
5216,310364.23000000004
5217,316938.3
5218,323214.16
5219,325328.83
5220,323648.95
5221,320211.69
5222,316553.74999999994
5223,313767.13
5224,313535.04
5225,310134.82
5226,306349.83
5227,300867.48
5228,295987.03
5229,282879.22000000003
5230,265528.9
5231,247478.83
5232,235013.63
5233,228167.3
5234,224284.81000000003
5235,225242.54
5236,234190.0
5237,256130.56
5238,279773.53
5239,298679.86
5240,311035.11
5241,319096.02
5242,324551.49
5243,324649.24
5244,323060.46
5245,319669.19
5246,316308.10000000003
5247,313592.24999999994
5248,311739.65
5249,309256.33
5250,306384.45
5251,301114.29
5252,295729.75
5253,282584.32
5254,265271.81
5255,247659.49
5256,235736.32
5257,228719.62
5258,224401.23
5259,224839.94
5260,233291.89
5261,254622.02
5262,278561.61
5263,297530.18
5264,310302.50999999995
5265,318018.38
5266,324555.94
5267,327352.17
5268,326012.69999999995
5269,322435.83
5270,318888.88
5271,315895.09
5272,314478.92
5273,312737.16000000003
5274,310202.10000000003
5275,304865.09
5276,299547.62000000005
5277,287066.57
5278,269511.28
5279,250350.31
5280,237485.4
5281,229522.16
5282,225309.36
5283,225867.03
5284,234739.64
5285,256554.49
5286,279295.91000000003
5287,299243.64
5288,312309.78
5289,320369.19000000006
5290,326958.41000000003
5291,329303.72000000003
5292,326680.47
5293,321740.46
5294,316800.06
5295,314835.66
5296,313526.73
5297,309746.75
5298,304554.69999999995
5299,299099.74000000005
5300,292964.08
5301,278487.95
5302,263259.86
5303,246330.0
5304,232528.94
5305,223442.53
5306,218637.31000000003
5307,215184.92
5308,216333.91000000003
5309,221412.93
5310,234263.26
5311,250697.28000000003
5312,268108.29
5313,277658.46
5314,282688.58
5315,285994.65
5316,282871.23000000004
5317,277906.51
5318,274254.27
5319,272587.98
5320,274161.03
5321,275460.03
5322,274503.74
5323,271585.94999999995
5324,269284.64
5325,260627.05
5326,247376.21
5327,231928.88
5328,219953.09
5329,212391.8
5330,206478.8
5331,203623.28000000003
5332,202495.38
5333,203750.57
5334,212017.97
5335,225142.26
5336,238611.20000000004
5337,249893.83
5338,259155.11
5339,262987.37
5340,258768.21
5341,254910.7
5342,252299.05
5343,250529.25
5344,253336.02
5345,258977.99
5346,261551.54
5347,264171.93000000005
5348,266590.26
5349,259708.86
5350,246148.61
5351,231359.95
5352,220479.2
5353,213994.97
5354,209735.61000000004
5355,211336.95
5356,222208.74
5357,245743.08
5358,269035.02
5359,287436.21
5360,299600.72
5361,306720.11
5362,314441.68
5363,317518.67999999993
5364,316608.01
5365,311365.82
5366,308433.9
5367,306856.94
5368,305785.66000000003
5369,302797.37
5370,300259.42
5371,296504.93
5372,291273.65
5373,277567.65
5374,260717.02
5375,243304.0
5376,231057.5
5377,224414.2
5378,220309.59000000003
5379,220597.63
5380,230253.78
5381,251127.92
5382,271977.9199999999
5383,289069.13
5384,299999.06
5385,306257.18
5386,311839.96
5387,314700.93
5388,312487.44
5389,308564.34
5390,304924.02
5391,301065.24
5392,299877.14
5393,299493.99000000005
5394,297755.73
5395,294252.66000000003
5396,289937.99
5397,276412.29
5398,259507.71
5399,241811.22000000003
5400,229609.65
5401,222375.92
5402,218562.18
5403,219084.33
5404,228159.04
5405,249134.78
5406,270179.91000000003
5407,286964.42
5408,295628.86000000004
5409,301188.55
5410,305400.78
5411,307604.9199999999
5412,305123.14
5413,300950.92000000004
5414,297537.49
5415,294279.03
5416,294539.03
5417,293611.36
5418,291804.22
5419,288136.72
5420,283087.95
5421,269532.81999999995
5422,254218.41
5423,237049.71
5424,225150.84
5425,217887.05
5426,213590.15
5427,212906.16
5428,217269.9
5429,228516.8
5430,241528.37
5431,255207.47
5432,265757.44
5433,272957.21
5434,278074.28
5435,280581.34
5436,276294.03
5437,272235.26
5438,270146.66
5439,268724.41
5440,268854.83
5441,270073.66
5442,271426.66000000003
5443,272050.81
5444,268709.61
5445,259115.75000000003
5446,245646.74
5447,230856.97000000003
5448,220238.69
5449,213854.23
5450,210184.11
5451,211135.91
5452,219341.47
5453,238296.27
5454,256827.06
5455,272935.27
5456,284362.41000000003
5457,290186.64
5458,294370.38
5459,296192.81
5460,293365.69999999995
5461,289025.42
5462,285040.61
5463,283001.01
5464,283904.36
5465,283751.97000000003
5466,282705.42
5467,280268.46
5468,275762.64
5469,263383.92000000004
5470,248944.56000000003
5471,232625.85
5472,220816.42
5473,213421.29
5474,207973.88
5475,205859.94
5476,208163.06
5477,213864.99
5478,225005.68
5479,240400.16
5480,255002.94
5481,263925.66000000003
5482,269293.56
5483,271565.54
5484,268399.89
5485,265114.19999999995
5486,262828.67000000004
5487,261550.11
5488,262880.68999999994
5489,263654.07
5490,264703.36
5491,264410.61
5492,260981.95
5493,251677.49
5494,239295.07
5495,224022.45
5496,212085.21
5497,204967.51
5498,199627.18
5499,197058.38
5500,197483.43
5501,199210.08
5502,206052.44
5503,219108.12
5504,232970.29
5505,243828.67
5506,251591.74
5507,255357.61
5508,252463.03000000003
5509,248925.05
5510,246030.96
5511,245279.46
5512,247687.99
5513,253038.39
5514,256099.71
5515,259693.18
5516,260534.05
5517,254227.04
5518,240429.74
5519,226277.43
5520,215890.1
5521,210253.91
5522,207520.46
5523,209380.35
5524,221187.54
5525,246736.31000000003
5526,270936.25000000006
5527,291253.49000000005
5528,302823.4
5529,309441.38
5530,314554.87
5531,318465.83
5532,317022.38
5533,313174.86999999994
5534,308884.56000000006
5535,304415.25999999995
5536,303351.18000000005
5537,302986.2100000001
5538,302316.35
5539,300013.96
5540,293054.78
5541,277213.77
5542,260570.58
5543,244178.08
5544,233195.15
5545,226472.73
5546,222582.9
5547,223871.22
5548,233272.08
5549,255495.2
5550,277388.32
5551,295181.85000000003
5552,306013.97
5553,312375.45000000007
5554,317732.13
5555,319666.59
5556,317954.69
5557,314845.98
5558,310696.06
5559,307648.96
5560,306651.44
5561,305360.0
5562,304607.5
5563,301832.56
5564,294482.31
5565,278774.88
5566,262413.18000000005
5567,245566.22
5568,233702.73
5569,227051.24
5570,223616.82
5571,225104.39
5572,235132.67
5573,257912.83
5574,280012.42
5575,296694.7
5576,307284.34
5577,312912.3
5578,318116.91
5579,320496.34
5580,318694.87
5581,314895.04
5582,311315.08
5583,308623.96
5584,307581.94
5585,306305.96
5586,304791.51000000007
5587,303004.07
5588,295854.32
5589,279385.37
5590,263220.8
5591,246240.56000000003
5592,235260.52
5593,228069.39
5594,224185.56
5595,225324.8
5596,235816.18
5597,258638.04
5598,280128.04000000004
5599,296743.5
5600,308319.21
5601,314114.41
5602,318744.2650000001
5603,320503.19999999995
5604,319090.62
5605,317047.69999999995
5606,314172.73
5607,311246.02
5608,310134.02
5609,308534.39
5610,307246.2
5611,304654.62000000005
5612,297855.21
5613,282224.34
5614,266276.81
5615,249114.68
5616,237557.8
5617,230071.5
5618,225831.16
5619,227170.74
5620,236958.02
5621,259338.87
5622,281156.47000000003
5623,298261.1099999999
5624,310107.85000000003
5625,317595.72000000003
5626,323408.0
5627,324366.7299999999
5628,321920.44
5629,317380.13
5630,313325.41
5631,310627.15
5632,309132.92000000004
5633,306004.31999999995
5634,303332.78
5635,299882.0
5636,291765.99
5637,276442.03
5638,261604.12
5639,243957.33
5640,232755.89
5641,224269.67000000004
5642,218708.47
5643,216751.55
5644,217895.26
5645,224231.92
5646,236093.63000000003
5647,251796.24
5648,266779.19999999995
5649,275283.83
5650,280568.73000000004
5651,282373.32
5652,279629.86000000004
5653,274970.99
5654,272684.08
5655,271405.83
5656,272443.56
5657,273842.68
5658,275035.0
5659,274711.25
5660,270792.5
5661,259591.47
5662,246718.09
5663,230901.7
5664,219167.45
5665,211861.74
5666,206644.52
5667,203990.71
5668,203068.46
5669,205045.8
5670,212423.08
5671,225289.04
5672,239651.15
5673,250745.41000000003
5674,258153.83
5675,262661.65
5676,260140.15
5677,257230.18
5678,255043.49
5679,254432.61
5680,257612.21
5681,262231.07
5682,266754.5
5683,272158.92
5684,271480.99000000005
5685,262787.36
5686,249704.48
5687,234354.17
5688,224272.9
5689,218517.64
5690,215429.02
5691,218769.26
5692,233024.82000000004
5693,261201.09
5694,287297.37999999995
5695,309815.00000000006
5696,322971.11000000004
5697,331301.83
5698,338169.95
5699,340255.81999999995
5700,340866.47000000003
5701,339197.18
5702,336171.24000000005
5703,332755.85000000003
5704,330373.65
5705,325811.45
5706,322948.6
5707,321355.61
5708,311988.78
5709,294012.44
5710,276210.63
5711,257631.27
5712,244948.28
5713,238632.61
5714,234536.96
5715,235523.19
5716,247287.4
5717,272103.15
5718,296255.34
5719,316699.89
5720,329380.11
5721,336658.60000000003
5722,343010.43
5723,344222.5
5724,343001.31000000006
5725,340715.94999999995
5726,338747.3
5727,335506.7
5728,333186.18
5729,329297.71
5730,327295.32
5731,325280.53
5732,314870.71
5733,296744.27
5734,278995.28
5735,260271.27
5736,247842.91
5737,240122.12
5738,236457.88
5739,237980.24
5740,249980.96
5741,275395.25
5742,300030.12
5743,320172.02
5744,332143.22
5745,339386.95000000007
5746,345262.17
5747,346389.71
5748,345344.48
5749,344740.78
5750,340240.42
5751,336570.75
5752,332627.85
5753,328863.26
5754,326737.03
5755,324628.31999999995
5756,314005.22
5757,296262.56
5758,278339.57
5759,260581.88
5760,248793.56000000003
5761,241346.07
5762,237749.3
5763,239088.51
5764,249735.41999999995
5765,275506.13
5766,300129.64
5767,319667.98
5768,330786.13
5769,338796.4
5770,345124.63
5771,345957.2
5772,345624.8
5773,342818.94999999995
5774,339226.78
5775,334461.03
5776,331828.02
5777,326918.37
5778,325502.17
5779,324505.56
5780,313470.85
5781,295781.72000000003
5782,278188.81
5783,259460.08
5784,247839.38
5785,240538.38000000003
5786,236327.16
5787,237219.29
5788,248983.06000000003
5789,274771.98999999993
5790,298019.41000000003
5791,316989.31
5792,329255.95
5793,336549.95
5794,341154.11
5795,341097.96
5796,339662.74
5797,336765.01
5798,333043.6
5799,329748.98000000004
5800,326833.81
5801,322253.97
5802,318859.57
5803,315800.44000000006
5804,304273.38
5805,287371.01000000007
5806,271657.56999999995
5807,254041.08000000005
5808,240408.06
5809,231506.61
5810,225677.29
5811,223240.06
5812,224114.39
5813,230710.93
5814,242669.9
5815,259081.85
5816,274749.46
5817,283456.5
5818,288974.49
5819,290876.48000000004
5820,287559.09
5821,284248.49999999994
5822,280801.34
5823,279381.22000000003
5824,279661.6
5825,280664.86
5826,280773.93999999994
5827,280939.63
5828,273941.07
5829,263021.0
5830,250999.08
5831,234919.34
5832,222854.07
5833,214742.08
5834,208983.59
5835,206771.08
5836,206381.88
5837,208973.93
5838,215424.24
5839,227818.65
5840,241874.27
5841,252801.31
5842,261427.99
5843,265955.73
5844,263358.04000000004
5845,259362.98
5846,255327.17
5847,254581.19
5848,257462.39
5849,262525.89
5850,267792.38
5851,274070.92
5852,269451.26
5853,260330.21
5854,247103.37
5855,231550.25
5856,221493.31
5857,215914.94
5858,212958.58
5859,217008.52
5860,231552.36
5861,263779.85
5862,292020.34
5863,310669.57
5864,320158.39
5865,326464.3
5866,332859.35
5867,333870.73000000004
5868,332893.06
5869,329585.6
5870,327194.47000000003
5871,324028.41
5872,320759.05
5873,318469.63
5874,319523.0
5875,316894.37
5876,304227.83
5877,285126.1
5878,267768.62
5879,250670.95
5880,239723.89
5881,233829.17
5882,230553.0
5883,232306.41
5884,244680.21
5885,274263.39
5886,300836.12000000005
5887,317559.78
5888,326981.65
5889,331912.24999999994
5890,337052.31
5891,336957.79000000004
5892,335635.09
5893,333413.45
5894,330424.86999999994
5895,326575.84
5896,324440.33
5897,320834.92
5898,320587.6
5899,318895.31000000006
5900,306013.25
5901,286420.36
5902,268768.51
5903,250836.45
5904,240105.19
5905,234101.37
5906,230953.45
5907,232862.23
5908,245585.34000000003
5909,274661.13
5910,299666.17000000004
5911,317411.96
5912,326031.42000000004
5913,330096.75
5914,334979.24000000005
5915,335363.05000000005
5916,333866.7
5917,331194.24
5918,329240.47
5919,326271.85000000003
5920,324588.44999999995
5921,322579.65
5922,323557.49
5923,321555.00000000006
5924,306674.63
5925,286326.02
5926,269346.13
5927,253108.53000000003
5928,241534.19
5929,235027.85
5930,232133.97
5931,234051.38
5932,246370.69
5933,275731.16
5934,301993.46
5935,318738.96
5936,326080.50999999995
5937,328959.9799999999
5938,333678.04000000004
5939,333196.56
5940,331362.45
5941,328430.64
5942,325738.65
5943,323513.4
5944,321999.17000000004
5945,321138.8900000001
5946,322420.47000000003
5947,319882.44
5948,305531.60000000003
5949,285679.44
5950,268199.32
5951,251596.73
5952,241152.16999999995
5953,234237.54
5954,231121.48
5955,233124.94
5956,245406.2
5957,274515.53
5958,301336.26
5959,318300.56
5960,326720.71
5961,329580.67
5962,331300.28
5963,328340.79000000004
5964,324658.06
5965,319185.02
5966,315378.69
5967,313035.17
5968,302985.91000000003
5969,310064.04
5970,311462.28
5971,308254.07
5972,293649.44
5973,276784.71
5974,261959.66
5975,244906.36
5976,233475.56
5977,225885.49
5978,221226.81
5979,219731.48
5980,221141.43
5981,228823.82
5982,241612.51000000004
5983,257901.44000000003
5984,271723.25
5985,278857.45
5986,281872.56000000006
5987,281209.42000000004
5988,274966.84
5989,268325.68
5990,264081.97
5991,262861.56000000006
5992,265522.43000000005
5993,268704.03
5994,273572.23
5995,274231.74
5996,264614.14
5997,253094.44
5998,240621.71
5999,226861.33
6000,216068.01
6001,209295.4
6002,204387.61
6003,202425.54
6004,202839.96
6005,206529.01
6006,213484.86
6007,226186.60000000003
6008,240476.11
6009,250609.32
6010,258346.51
6011,260182.04
6012,254627.48
6013,249451.59
6014,246491.49
6015,245170.65
6016,248832.97
6017,255447.01
6018,264648.36
6019,268636.27
6020,261531.28
6021,251684.15
6022,239837.94
6023,226111.48
6024,217090.66
6025,212149.2
6026,209534.86
6027,213816.6
6028,230527.21
6029,265830.52
6030,294543.77
6031,312334.67000000004
6032,320414.6
6033,323873.9
6034,327576.19
6035,325934.71
6036,324672.2
6037,321220.41
6038,317160.52
6039,313718.84
6040,312590.10000000003
6041,312193.87
6042,317141.92
6043,315204.35000000003
6044,298599.3
6045,280088.06
6046,262646.98
6047,245887.53
6048,235252.26
6049,229287.06
6050,226782.65
6051,229676.17
6052,243350.58
6053,275205.15
6054,301962.16000000003
6055,317211.80999999994
6056,323517.60000000003
6057,325288.95
6058,327207.77
6059,325103.10000000003
6060,322019.75
6061,318709.33
6062,314882.85
6063,312237.69
6064,311732.13
6065,311476.61
6066,317073.67000000004
6067,316553.83
6068,300550.86
6069,280824.4
6070,262526.72
6071,245730.56
6072,235147.34
6073,230017.12
6074,226863.0
6075,229380.56
6076,243103.66
6077,274938.85000000003
6078,300413.59
6079,316257.26
6080,321726.31999999995
6081,324737.49
6082,326669.04
6083,325481.09
6084,323979.19
6085,321302.26
6086,318778.96
6087,315535.70000000007
6088,314464.16000000003
6089,315618.99
6090,320730.49
6091,318356.57
6092,301301.3
6093,281473.45000000007
6094,264508.2
6095,249119.91
6096,238080.89
6097,232202.25
6098,228525.76
6099,230512.52
6100,244799.43
6101,276867.79
6102,303539.94
6103,319172.3
6104,325270.03
6105,327909.25
6106,330275.82
6107,328202.79000000004
6108,326512.77
6109,323699.71
6110,321289.7200000001
6111,318408.31
6112,316707.97000000003
6113,316405.03
6114,321952.80000000005
6115,320655.19000000006
6116,303777.15
6117,283849.83
6118,268016.31999999995
6119,249898.04
6120,239012.39
6121,233824.68
6122,231835.75
6123,233311.05
6124,246387.31
6125,277310.72
6126,304072.36000000004
6127,319452.56000000006
6128,327155.21
6129,329043.05999999994
6130,331521.05000000005
6131,329006.0200000001
6132,325082.64
6133,319737.72
6134,315779.75
6135,312487.35
6136,311458.25999999995
6137,310453.63
6138,314009.07
6139,310841.15
6140,293822.78
6141,276222.09
6142,260586.65
6143,243573.83
6144,231401.35000000003
6145,224083.64
6146,219373.04
6147,217445.89
6148,220027.52
6149,229490.67
6150,242109.07
6151,258010.06
6152,270288.46
6153,276271.28
6154,279144.15
6155,277681.5
6156,270960.24
6157,264390.75
6158,260458.54
6159,259936.82000000004
6160,264162.85
6161,268524.64
6162,275439.07
6163,275902.97
6164,264289.42
6165,252623.62
6166,240766.01
6167,225725.46
6168,215026.05
6169,209270.63
6170,204196.26
6171,202157.01
6172,204004.76
6173,207885.51
6174,214766.24
6175,227442.73
6176,240252.69
6177,249581.44
6178,255189.4
6179,257608.27
6180,252066.84000000003
6181,246673.17000000004
6182,243479.05
6183,243953.72
6184,249815.5
6185,258364.74
6186,269138.88
6187,273360.77
6188,264335.5
6189,253453.4
6190,240350.31000000003
6191,226406.18
6192,217305.86
6193,212302.41
6194,209887.47
6195,214693.31
6196,231695.81
6197,268623.65
6198,298476.67
6199,314814.28
6200,322421.22
6201,326215.79000000004
6202,330474.07
6203,330436.81999999995
6204,328677.43
6205,326937.98
6206,324802.17000000004
6207,322175.15
6208,321522.14
6209,321629.88
6210,327277.12
6211,322213.93999999994
6212,303202.07
6213,282802.87
6214,265704.81
6215,249600.0
6216,238665.17
6217,232631.6
6218,229624.0
6219,232230.49
6220,246369.0
6221,280070.9
6222,307569.26
6223,322306.29
6224,328597.09
6225,330843.44
6226,335242.17
6227,333616.78
6228,331040.42000000004
6229,327693.39
6230,325264.61
6231,322679.9
6232,321574.33
6233,320912.65
6234,327475.13
6235,324730.65
6236,306006.36000000004
6237,285146.14
6238,267453.69
6239,250491.49
6240,239434.62
6241,232830.48
6242,230380.79
6243,232946.01
6244,246756.61
6245,280699.81000000006
6246,307441.22
6247,322944.06999999995
6248,328909.3300000001
6249,329796.14
6250,331608.8599999999
6251,329419.5
6252,327015.56000000006
6253,323736.56999999995
6254,320646.51
6255,318873.79
6256,319372.8
6257,320477.7899999999
6258,327206.33
6259,322886.94
6260,304000.97
6261,284126.98999999993
6262,267604.48
6263,250538.23
6264,239079.07
6265,233048.06000000003
6266,230758.16
6267,232772.21
6268,247422.71
6269,281688.8300000001
6270,308325.7
6271,322993.48000000004
6272,327880.53
6273,328703.54000000004
6274,332197.93
6275,329518.21
6276,326548.65
6277,322702.67
6278,319959.46
6279,318577.79
6280,316709.68
6281,317426.85
6282,325586.93
6283,322381.79000000004
6284,303701.43
6285,285220.1
6286,268728.80999999994
6287,251811.98
6288,241901.49
6289,236032.19000000003
6290,233418.41
6291,236095.23000000004
6292,250179.66
6293,282290.45
6294,308281.36
6295,322347.9
6296,327356.99000000005
6297,327455.25
6298,328394.18000000005
6299,323639.15
6300,317855.34
6301,312736.0
6302,308057.14
6303,306175.34
6304,307229.42000000004
6305,308108.96
6306,314206.6
6307,310376.36
6308,292900.89
6309,275793.78
6310,261004.72
6311,244616.23
6312,232599.17
6313,225599.02
6314,221272.31000000003
6315,220367.48
6316,223352.65
6317,233020.65
6318,246479.24
6319,261347.8
6320,272467.23
6321,277383.32
6322,279080.96
6323,277651.29000000004
6324,271887.12
6325,264360.41000000003
6326,259936.72
6327,258612.87
6328,263698.26
6329,269977.62
6330,279259.60000000003
6331,277753.16
6332,264773.73
6333,252169.39
6334,239885.44
6335,225282.08
6336,214286.05
6337,207486.17
6338,202856.72
6339,201922.76
6340,203541.5
6341,207875.72
6342,215699.51
6343,227904.48
6344,241321.92
6345,250604.29
6346,255820.53
6347,257370.96
6348,251950.3
6349,245113.00000000003
6350,240733.19
6351,240916.1
6352,247947.12
6353,258769.28
6354,272403.82
6355,273201.32
6356,262116.87
6357,251632.82
6358,238954.66000000003
6359,225270.36
6360,216751.33
6361,212310.32
6362,210631.23
6363,214343.26
6364,231320.84
6365,269428.2
6366,300820.16
6367,317118.65
6368,325212.9
6369,328634.37
6370,330509.12
6371,328648.56
6372,326633.89
6373,323657.88
6374,320826.62
6375,317825.04
6376,317087.75000000006
6377,319214.49000000005
6378,327734.14
6379,321357.74
6380,301412.01
6381,281622.44999999995
6382,265426.88
6383,249297.46
6384,238367.85
6385,232595.99
6386,230230.94
6387,232898.86
6388,247277.79
6389,280568.55
6390,308502.91000000003
6391,323153.03
6392,329291.85000000003
6393,330583.21
6394,332672.71
6395,331255.29
6396,328909.85
6397,326273.17
6398,323293.32
6399,320679.62
6400,320013.59
6401,322271.66000000003
6402,330653.58
6403,324032.16
6404,304886.39
6405,284634.42
6406,266895.43
6407,250383.69
6408,239571.26000000004
6409,233247.94
6410,230261.33
6411,233108.57
6412,248638.62
6413,282730.53
6414,311233.89
6415,324887.39
6416,331320.11999999994
6417,334327.03
6418,337035.32
6419,334155.76
6420,331043.02
6421,328072.75000000006
6422,326127.03
6423,321913.77
6424,320681.72
6425,323765.58
6426,332331.38
6427,324558.2
6428,305216.65
6429,285855.12
6430,268735.52
6431,252422.42
6432,241598.85
6433,235252.22
6434,232320.66
6435,234557.47
6436,249032.77
6437,283463.43000000005
6438,310747.24000000005
6439,325295.42
6440,332161.0
6441,333811.65
6442,336318.2
6443,333464.26
6444,330707.31
6445,327311.80000000005
6446,324899.32000000007
6447,323307.65
6448,321474.60000000003
6449,323743.93
6450,331791.73999999993
6451,324037.44999999995
6452,305920.59
6453,286140.4
6454,268211.05
6455,251618.23
6456,240523.52
6457,234648.3
6458,231483.54
6459,233788.0
6460,247726.36
6461,281686.75
6462,309561.12
6463,323339.06999999995
6464,329609.35000000003
6465,331126.64
6466,332769.96
6467,330101.38
6468,325542.97
6469,320397.59
6470,316946.9
6471,313943.03
6472,313098.88
6473,314721.56
6474,321844.77
6475,313976.15
6476,295376.79
6477,277834.3
6478,262245.86
6479,246983.17
6480,235423.13
6481,227006.6
6482,223416.54
6483,222173.2
6484,224667.72
6485,234860.36
6486,248364.15
6487,263417.08
6488,274741.42000000004
6489,282539.42
6490,285191.4
6491,284395.67999999993
6492,278877.93
6493,271786.31
6494,267912.23
6495,266047.11000000004
6496,269356.92
6497,276685.4
6498,285355.52
6499,280380.38
6500,265865.98000000004
6501,253439.29
6502,241466.31
6503,226302.4
6504,215333.16
6505,207750.74
6506,202693.95
6507,200939.31
6508,202356.96
6509,208029.98
6510,215649.95
6511,228373.58
6512,243627.19
6513,254179.02
6514,260849.71000000005
6515,263352.19
6516,259600.38000000003
6517,253275.23
6518,249332.27
6519,248314.69
6520,253991.46
6521,264225.93999999994
6522,276739.33
6523,275128.11
6524,264198.94
6525,253680.98
6526,240570.37
6527,228262.88
6528,218879.32
6529,213832.92
6530,211858.84
6531,216340.0
6532,233534.94
6533,272465.04
6534,303282.14
6535,318271.77
6536,324543.18999999994
6537,326938.94999999995
6538,329298.93000000005
6539,327644.17
6540,325121.99999999994
6541,321343.21
6542,318143.61
6543,315872.4
6544,316354.95
6545,320462.28
6546,329811.19999999995
6547,321185.62999999995
6548,300930.88
6549,280958.84
6550,263507.22
6551,247986.13
6552,237882.84
6553,231956.91
6554,228597.16
6555,232228.64
6556,248259.83
6557,281407.37999999995
6558,310220.61000000004
6559,324548.0
6560,330022.19
6561,332588.73
6562,334979.46
6563,332626.92000000004
6564,330517.30000000005
6565,326818.89
6566,323143.1
6567,321831.28
6568,323267.24000000005
6569,326267.16
6570,334071.25999999995
6571,324397.74
6572,305372.41
6573,285047.55
6574,267748.22000000003
6575,251444.96
6576,241466.58
6577,236204.05
6578,232817.89
6579,235217.69000000003
6580,250271.31000000003
6581,283828.91
6582,311209.89
6583,325334.19000000006
6584,330365.9
6585,331375.57
6586,333360.92
6587,332754.63
6588,329661.09
6589,326526.17
6590,323040.84
6591,320286.44
6592,320166.2
6593,324402.44999999995
6594,332369.7
6595,323767.99999999994
6596,303871.59
6597,285030.27
6598,268229.27
6599,252357.04
6600,241275.98
6601,235872.94
6602,232304.35
6603,232755.75
6604,242455.94
6605,268222.57
6606,294149.66000000003
6607,309058.58
6608,315810.17
6609,317760.99
6610,319234.27
6611,317026.93
6612,312103.96
6613,308826.77
6614,306195.75999999995
6615,304422.55
6616,306059.03
6617,313388.43000000005
6618,322739.07
6619,314818.34
6620,296394.87
6621,279575.74
6622,264300.31
6623,248298.62
6624,237394.27
6625,231517.5
6626,228870.50000000003
6627,231614.97
6628,245576.22
6629,277985.30999999994
6630,307230.0
6631,321436.0
6632,328620.03
6633,328909.32000000007
6634,330075.49
6635,326763.57
6636,322386.98999999993
6637,317666.64
6638,312792.65
6639,309908.51
6640,311169.56
6641,316556.12
6642,323379.25
6643,313894.07000000007
6644,295657.52
6645,278483.52
6646,264134.75
6647,247772.53
6648,236305.17
6649,229463.12
6650,225065.63
6651,224690.27
6652,228532.83
6653,238366.8
6654,252693.1
6655,268077.7
6656,280893.7
6657,286572.53
6658,288750.48000000004
6659,288469.05000000005
6660,282117.41000000003
6661,271742.34
6662,269223.08
6663,267968.26
6664,271399.97
6665,280191.28
6666,290109.51
6667,283612.2
6668,269817.37000000005
6669,258649.23
6670,247001.66
6671,233238.32
6672,221697.33
6673,215375.96
6674,211271.22
6675,209978.62
6676,212126.86
6677,216851.8
6678,224443.2
6679,236610.95
6680,251126.73
6681,261151.37
6682,268013.28
6683,270069.58
6684,264353.86
6685,258842.71
6686,254803.96
6687,254580.37
6688,260260.76
6689,272774.0
6690,284937.3
6691,281624.97
6692,270342.91000000003
6693,261023.5
6694,249266.35
6695,235618.49
6696,226130.12
6697,221109.96
6698,219209.16
6699,224204.67
6700,242457.82
6701,282361.05
6702,314474.64
6703,329982.2
6704,334847.74
6705,335969.94999999995
6706,336445.77
6707,333467.16000000003
6708,331231.9
6709,326130.95
6710,322362.95
6711,319933.03
6712,321038.81
6713,329256.57
6714,339094.95
6715,329111.19
6716,308325.07
6717,289405.72000000003
6718,272033.27
6719,255047.22
6720,243777.6
6721,238126.97
6722,235449.73
6723,239746.68
6724,254944.8
6725,290394.91000000003
6726,320801.74
6727,336042.26
6728,339641.59
6729,339278.49
6730,341550.97000000003
6731,338848.54
6732,336476.68999999994
6733,331529.34
6734,327831.86
6735,325358.10000000003
6736,326925.61000000004
6737,332982.54
6738,340495.99
6739,329970.12
6740,309106.30000000005
6741,289885.6
6742,273403.19
6743,255888.36
6744,245203.54
6745,238553.56
6746,236657.86
6747,240043.22000000003
6748,255261.86
6749,289751.0
6750,319472.62
6751,332467.91
6752,336731.97
6753,337441.73
6754,338963.59
6755,337237.87
6756,334656.13
6757,330956.76
6758,327231.58
6759,323554.62999999995
6760,325339.0
6761,333608.98999999993
6762,340529.25000000006
6763,329408.53
6764,308864.37
6765,289891.59
6766,273949.69
6767,257472.02
6768,246191.07
6769,240190.34
6770,237540.22
6771,240539.91
6772,254851.31
6773,289699.38000000006
6774,319604.58
6775,333188.66000000003
6776,336852.49
6777,336521.63
6778,337720.59
6779,335314.91000000003
6780,332220.21
6781,327585.19999999995
6782,323968.58
6783,320965.5
6784,322951.78
6785,330228.1
6786,339321.46
6787,324353.09
6788,308846.78
6789,291218.8
6790,274006.73
6791,258116.99
6792,246733.33
6793,240388.1
6794,237400.65
6795,240168.06000000003
6796,254518.03
6797,289357.75
6798,319724.82
6799,332862.52
6800,336101.28
6801,335469.78
6802,335459.32
6803,332093.91
6804,327286.47000000003
6805,322317.27
6806,318794.2
6807,315462.57000000007
6808,317024.41000000003
6809,323992.53
6810,330873.29
6811,318281.87
6812,299101.73
6813,282528.27
6814,267897.68999999994
6815,250717.14
6816,238173.17
6817,230347.16
6818,225039.94
6819,224004.07
6820,228045.12
6821,238528.2
6822,252298.37
6823,266123.14
6824,278062.32
6825,283269.16000000003
6826,284860.46
6827,284248.94999999995
6828,278628.68
6829,271896.13
6830,266750.09
6831,265681.87
6832,270024.00999999995
6833,281222.91
6834,289331.79
6835,280600.06
6836,265573.84
6837,254514.22000000003
6838,244112.93
6839,230189.27
6840,219080.77
6841,211991.46
6842,206631.52
6843,205530.07
6844,207686.77
6845,215067.35
6846,222879.65
6847,234097.92
6848,247123.21
6849,255944.9
6850,261634.81
6851,263071.49
6852,256439.94
6853,250663.13
6854,247326.85
6855,247348.79
6856,253953.89
6857,270481.66
6858,283618.24
6859,278632.79
6860,266656.86
6861,256616.24
6862,244652.24
6863,230809.07
6864,221530.82
6865,216215.63
6866,213241.53
6867,217304.09
6868,235427.34
6869,274503.0
6870,308077.25000000006
6871,322455.13
6872,326741.36
6873,327924.60000000003
6874,329408.62000000005
6875,328139.85000000003
6876,325806.6
6877,321572.94
6878,318468.94
6879,316626.58
6880,318626.59
6881,328192.44
6882,336648.99
6883,323904.3
6884,304301.57000000007
6885,285261.24
6886,268053.98
6887,251209.97
6888,240862.74
6889,234946.93
6890,232738.86
6891,235917.96
6892,250870.22
6893,286326.2
6894,316972.59
6895,329902.17
6896,334185.46
6897,334325.42999999993
6898,335618.83
6899,334519.73
6900,330769.53
6901,326161.81
6902,324041.2199999999
6903,321789.82
6904,323535.37
6905,333122.97000000003
6906,339960.23000000004
6907,327072.17
6908,305979.47
6909,287281.92
6910,269595.36000000004
6911,252571.73
6912,241774.09
6913,235855.16
6914,233844.44
6915,236839.47000000003
6916,251655.42
6917,286381.39
6918,317688.86
6919,332164.66
6920,336389.15
6921,336720.03
6922,338005.49
6923,335680.94
6924,333337.8
6925,327779.44
6926,324544.64
6927,322683.24
6928,324703.87
6929,334018.78
6930,341131.35
6931,328800.53
6932,307937.50999999995
6933,288806.06999999995
6934,271499.97
6935,254682.12
6936,243798.41
6937,238345.76
6938,235445.34
6939,238394.02
6940,253194.52
6941,287844.63000000006
6942,320035.86
6943,332888.29
6944,336340.77
6945,336359.98
6946,336099.27
6947,333475.39
6948,331749.5
6949,326280.38
6950,323239.75000000006
6951,320917.84
6952,323569.01
6953,333383.76
6954,340512.82
6955,327600.54000000004
6956,307338.58
6957,288597.23
6958,271466.57
6959,254487.63
6960,242914.26
6961,236255.26
6962,233583.07
6963,236864.51
6964,251302.34
6965,286393.68
6966,317255.38
6967,331131.56999999995
6968,335890.44000000006
6969,335870.44
6970,336183.10000000003
6971,332946.7
6972,326921.78
6973,320310.60000000003
6974,316428.65
6975,314125.86000000004
6976,316892.83
6977,326953.72000000003
6978,331229.75
6979,317091.84
6980,296774.61
6981,279987.62
6982,265942.45
6983,248148.44
6984,235961.06
6985,228778.74
6986,224246.91
6987,223639.52
6988,227207.72000000003
6989,239322.98
6990,254388.95
6991,267732.24
6992,280878.93
6993,287795.08
6994,289719.24
6995,288580.69
6996,281938.16000000003
6997,275350.75999999995
6998,270674.8
6999,270036.12000000005
7000,275846.89
7001,289185.68
7002,294739.96
7003,284641.08
7004,269372.94999999995
7005,258397.12
7006,247343.1
7007,231854.49
7008,220539.4
7009,213729.68
7010,209280.23
7011,208386.01
7012,210555.25
7013,216527.82000000004
7014,225573.55
7015,235631.16
7016,248551.79
7017,260031.02
7018,267956.94
7019,269974.97
7020,262801.81
7021,255509.29
7022,251566.52
7023,252027.23
7024,259888.65
7025,277279.26
7026,286544.07
7027,280251.74
7028,268199.42
7029,258727.42
7030,245666.51
7031,231859.48
7032,222799.08
7033,217888.16
7034,215792.45
7035,220569.33
7036,239532.57
7037,279359.47000000003
7038,312717.62000000005
7039,329792.51
7040,335738.55000000005
7041,338075.9
7042,338787.75
7043,336617.4
7044,333896.35
7045,329151.55999999994
7046,325603.3
7047,322424.94
7048,324624.59
7049,336397.52
7050,341327.06999999995
7051,329713.73
7052,308583.09
7053,291099.65
7054,274472.64
7055,257275.06
7056,245411.16
7057,239191.99
7058,236732.94
7059,240540.98
7060,255670.21
7061,290970.80000000005
7062,322606.61000000004
7063,336993.84
7064,340382.7
7065,340115.48000000004
7066,341886.18
7067,338446.84
7068,335653.02
7069,330892.58
7070,327530.07
7071,324740.81
7072,327452.59
7073,338250.65
7074,344472.50000000006
7075,331796.87
7076,310610.7700000001
7077,292139.04
7078,274707.97
7079,257485.35
7080,245541.58
7081,238856.15
7082,236140.17
7083,239269.52
7084,255035.92
7085,289934.2100000001
7086,321789.81
7087,336228.34
7088,340171.84
7089,341112.55
7090,341840.71
7091,338509.77
7092,334327.34
7093,329229.08
7094,325901.53
7095,324084.22000000003
7096,327386.29
7097,339277.79
7098,344823.71
7099,331467.8
7100,310808.85000000003
7101,292076.92
7102,273878.0
7103,256378.79
7104,244683.64
7105,238198.42
7106,235161.66
7107,238195.61
7108,254347.01
7109,289890.81
7110,321084.93
7111,335426.27
7112,338934.2
7113,340152.76
7114,340458.61
7115,336384.25
7116,331800.4
7117,326566.54000000004
7118,322814.85
7119,321584.56
7120,325504.36000000004
7121,338132.45
7122,343629.16000000003
7123,329992.14
7124,309728.63
7125,291081.82
7126,273159.34
7127,256407.17
7128,244792.99
7129,238455.99
7130,234779.68
7131,237253.16
7132,252928.81000000003
7133,288265.94
7134,321177.26
7135,336148.53
7136,338348.41
7137,337669.47000000003
7138,336330.51
7139,332263.97000000003
7140,325150.4
7141,319169.28
7142,315352.74
7143,313175.65
7144,316727.19999999995
7145,328275.65
7146,332594.10000000003
7147,319541.49999999994
7148,299681.14
7149,284035.99999999994
7150,268719.83
7151,253092.63
7152,240447.41
7153,232646.08
7154,227043.61
7155,226458.87
7156,230144.3
7157,242307.52
7158,257895.32
7159,271568.14
7160,283962.01
7161,287057.22
7162,286607.06
7163,284515.22
7164,278141.69
7165,270857.63
7166,266482.29
7167,266392.24
7168,273107.25
7169,288240.13
7170,293411.95
7171,283206.72
7172,270074.93999999994
7173,259638.83
7174,249122.01
7175,234134.9
7176,222649.7834
7177,213012.6166
7178,210241.73
7179,206874.58
7180,208619.21
7181,212670.41
7182,220085.5
7183,230234.32
7184,243988.43
7185,256352.82
7186,263415.36
7187,267876.4
7188,269273.24
7189,263091.02
7190,258021.74
7191,257019.41
7192,262033.72
7193,280125.48
7194,292670.38000000006
7195,291666.41000000003
7196,280772.0
7197,268691.3300000001
7198,259522.34000000003
7199,248115.83
7200,236622.14
7201,228796.38000000003
7202,224838.93
7203,223866.84000000003
7204,228912.79
7205,247538.91
7206,283268.85
7207,312592.32
7208,328384.28
7209,332745.5999999999
7210,334477.21
7211,337346.93999999994
7212,333735.78
7213,334186.62
7214,331418.39
7215,329772.53
7216,331506.06
7217,343923.2
7218,349957.26
7219,345319.1
7220,329735.3
7221,310026.2
7222,292575.48
7223,275402.55
7224,259837.32
7225,250069.24
7226,244303.16
7227,242381.51
7228,246363.4
7229,262837.21
7230,297520.81
7231,324930.39
7232,340596.46
7233,345610.14
7234,345740.43000000005
7235,346826.18
7236,343525.27
7237,341838.14
7238,338586.14
7239,337623.06
7240,340747.87
7241,352639.74
7242,357687.14
7243,352365.34
7244,335923.32
7245,316556.1099999999
7246,298868.5
7247,282080.03
7248,265270.34
7249,255532.7
7250,249825.59000000003
7251,247410.97
7252,251818.21
7253,267401.51
7254,300318.95
7255,327696.66
7256,342724.15
7257,347162.45
7258,348039.83
7259,348147.96
7260,345800.96
7261,343166.75
7262,340525.98000000004
7263,339119.18
7264,342515.81
7265,354560.47000000003
7266,358046.47000000003
7267,353615.84
7268,336743.37
7269,317682.47
7270,299733.66000000003
7271,284008.31
7272,267051.78
7273,255447.74
7274,249430.29
7275,246477.99
7276,249067.64
7277,262609.48
7278,292260.00999999995
7279,318713.71
7280,335035.26
7281,341199.58
7282,341046.30999999994
7283,341110.47
7284,337279.74000000005
7285,334315.39
7286,331309.64
7287,329502.36999999994
7288,332194.27
7289,342637.41000000003
7290,345425.67
7291,339127.39
7292,322347.28
7293,304285.36
7294,288557.49
7295,272006.55
7296,256351.41000000003
7297,244766.0
7298,238653.59
7299,233731.03000000003
7300,233950.42
7301,239763.12
7302,252248.82
7303,264696.92
7304,276404.92
7305,284679.17999999993
7306,289352.08
7307,293051.64
7308,295060.45
7309,290846.25
7310,285280.36
7311,283190.42000000004
7312,287142.85000000003
7313,299873.22000000003
7314,305536.19999999995
7315,301828.79
7316,289673.93
7317,276521.51
7318,266838.88
7319,254533.35
7320,240133.36
7321,229088.2
7322,222748.83
7323,218518.13
7324,218866.22
7325,224789.95
7326,236089.56
7327,248505.39
7328,264020.64
7329,278422.78
7330,284834.46
7331,288543.6
7332,289060.53
7333,285426.31000000006
7334,280606.47
7335,277984.72000000003
7336,282860.42000000004
7337,297175.94
7338,303328.8
7339,298305.15
7340,285064.9
7341,272304.16
7342,263202.82
7343,252012.19
7344,236325.41
7345,225153.91
7346,218812.84
7347,214246.66
7348,213770.07
7349,216207.97
7350,221085.71
7351,228737.07
7352,242078.81
7353,256900.13
7354,267646.55
7355,275705.35000000003
7356,278452.94999999995
7357,271552.86000000004
7358,266575.14
7359,265075.01
7360,270303.36
7361,285450.57000000007
7362,295732.44
7363,294515.83
7364,284543.99000000005
7365,272654.98000000004
7366,263052.15
7367,250911.28
7368,238264.78
7369,230456.31
7370,225925.355
7371,224052.66
7372,229356.64000000004
7373,248119.68
7374,287340.17000000004
7375,319500.75000000006
7376,337647.54000000004
7377,341807.75
7378,343257.12
7379,344888.74000000005
7380,343364.3
7381,342654.92
7382,340482.36999999994
7383,338854.25
7384,341884.17
7385,353423.8
7386,357154.53
7387,352500.33
7388,335722.42
7389,315017.24000000005
7390,297074.3
7391,280298.69
7392,264525.48
7393,254169.53
7394,249040.08
7395,246818.57
7396,251217.46
7397,267788.48000000004
7398,302711.28
7399,332852.05
7400,346459.66000000003
7401,350918.35
7402,351541.60000000003
7403,353077.15
7404,350628.26
7405,348609.81
7406,345730.28
7407,344525.24
7408,349496.48
7409,360877.82000000007
7410,364989.17
7411,360292.04999999993
7412,343766.66
7413,323762.06999999995
7414,304529.44000000006
7415,286961.9
7416,269747.49
7417,259547.78000000003
7418,253624.04
7419,252140.8
7420,255990.66
7421,271868.28
7422,307737.66
7423,336360.94
7424,350340.29
7425,355854.69
7426,355538.58
7427,356565.76
7428,353852.99999999994
7429,351646.25000000006
7430,348924.0
7431,348140.12
7432,352407.83
7433,364268.35
7434,366955.94
7435,361404.41
7436,344629.9
7437,324898.26
7438,307269.11
7439,289359.88
7440,272357.19
7441,261650.94
7442,255571.81
7443,253211.36
7444,256591.19
7445,272817.38
7446,309288.825
7447,339337.81999999995
7448,352509.95
7449,356900.61
7450,357038.19
7451,358115.3
7452,355410.68999999994
7453,353911.42
7454,351391.86000000004
7455,350877.83
7456,356202.93000000005
7457,367576.31
7458,371632.4
7459,366381.9900000001
7460,349426.08
7461,329536.27
7462,311689.79000000004
7463,294471.35
7464,276806.72000000003
7465,265830.16000000003
7466,259476.84
7467,256795.1
7468,260938.35000000003
7469,276871.18000000005
7470,313296.00999999995
7471,344242.77
7472,357865.75
7473,363206.69
7474,362586.21
7475,362792.47
7476,358352.47
7477,353673.98000000004
7478,349363.69
7479,346064.39
7480,350640.74
7481,360783.43
7482,363622.73
7483,357355.46
7484,340026.94
7485,321693.15
7486,306893.61000000004
7487,291409.31999999995
7488,274509.5
7489,262108.9
7490,254573.74
7491,248276.95
7492,247793.11
7493,251783.37
7494,263463.5
7495,277971.86
7496,295289.68
7497,307764.78
7498,312969.99
7499,314025.11
7500,313211.72
7501,307089.61
7502,301049.17
7503,300035.34
7504,306277.17
7505,321271.2299999999
7506,325957.78
7507,321546.96
7508,307035.32
7509,293200.99
7510,284221.44
7511,272815.98000000004
7512,259081.19
7513,247930.15
7514,240709.31
7515,234950.35
7516,233426.25
7517,235920.31
7518,241520.85
7519,249745.17
7520,262250.37
7521,276704.25
7522,285613.37999999995
7523,291707.69
7524,292729.96
7525,287619.64
7526,281040.29000000004
7527,280443.9
7528,288484.22
7529,304548.52
7530,313507.6
7531,312668.47000000003
7532,304477.92999999993
7533,293941.54000000004
7534,286297.24
7535,272604.87
7536,258181.53
7537,249236.14
7538,243789.93
7539,240913.41
7540,244508.9
7541,260292.55
7542,292229.66
7543,319022.08
7544,334541.08
7545,344891.14
7546,348946.48
7547,350336.45
7548,350569.49000000005
7549,348233.48
7550,344645.00000000006
7551,344008.48
7552,348715.25000000006
7553,359368.49999999994
7554,362952.37
7555,359000.14
7556,343546.74
7557,325123.09
7558,308896.08
7559,291055.41000000003
7560,273682.54
7561,262960.96
7562,257985.48
7563,255310.72
7564,259605.06
7565,277678.02
7566,314973.1699999999
7567,349030.03
7568,364277.32
7569,370824.70000000007
7570,370540.77
7571,371050.19
7572,368061.61
7573,364055.78
7574,360728.59
7575,360180.11000000004
7576,364940.48
7577,375031.28
7578,379223.21
7579,374243.17
7580,358137.21
7581,337854.14
7582,319369.34
7583,301817.14
7584,284068.62
7585,272758.06999999995
7586,266488.19
7587,263539.34
7588,267856.06
7589,283964.47
7590,318615.28
7591,351171.73
7592,366145.56
7593,371305.74
7594,371344.62
7595,372228.26
7596,368165.75
7597,364783.16
7598,360938.95
7599,360220.69
7600,364703.13
7601,374878.86
7602,378044.44
7603,373355.83
7604,357166.37
7605,336667.79000000004
7606,318104.84
7607,300554.62999999995
7608,283288.19999999995
7609,272513.92
7610,266196.38
7611,263085.56999999995
7612,266664.25
7613,282802.04
7614,320325.53
7615,352647.79000000004
7616,366732.82
7617,371021.56
7618,371748.3
7619,373115.33
7620,371675.11
7621,367658.08
7622,365284.11
7623,365070.16
7624,369730.01
7625,380543.58
7626,383319.64
7627,378521.64
7628,361690.14
7629,341518.35
7630,323409.48
7631,305651.96
7632,286856.59
7633,275325.72000000003
7634,268713.23
7635,265615.64
7636,269529.82
7637,285715.29
7638,321683.0
7639,354588.0999999999
7640,370752.29
7641,376534.7
7642,376692.15
7643,375624.78
7644,373320.99
7645,368968.36
7646,364582.58
7647,363422.85
7648,368255.99
7649,376564.47
7650,376694.16
7651,368555.7
7652,350890.25
7653,332674.24
7654,317500.18
7655,301806.24
7656,283113.33
7657,270588.72000000003
7658,262288.06000000006
7659,257463.21
7660,256705.58
7661,260271.14
7662,271202.28
7663,286638.09
7664,303138.43
7665,316191.18000000005
7666,324555.78
7667,326646.54000000004
7668,324786.58
7669,318528.92
7670,312721.11
7671,311118.94
7672,317452.63
7673,329943.93
7674,335043.41
7675,331339.53
7676,317657.19999999995
7677,303907.51
7678,293430.46
7679,280697.58
7680,265438.6
7681,253825.16
7682,246276.2
7683,240261.49
7684,239036.89
7685,240376.61
7686,245941.19
7687,255317.57
7688,267224.41000000003
7689,282796.21
7690,294619.39
7691,302096.92
7692,304208.24
7693,299267.07
7694,293775.52
7695,291549.98000000004
7696,298658.85
7697,313670.89
7698,321549.96
7699,320199.29
7700,311984.45000000007
7701,300524.52
7702,291538.06000000006
7703,277977.12
7704,262738.87
7705,252895.7
7706,247507.03
7707,244450.79
7708,249911.91000000003
7709,269817.29000000004
7710,312098.77
7711,347489.15
7712,364217.01
7713,371199.22
7714,372810.0399999999
7715,373116.0
7716,371078.71
7717,369302.63
7718,366416.3
7719,365454.58
7720,370778.4
7721,380705.74
7722,383599.8000000001
7723,378188.52
7724,361302.71
7725,341182.18000000005
7726,322591.45
7727,305070.08
7728,286843.60000000003
7729,275821.26
7730,269994.81999999995
7731,267080.74
7732,270193.76
7733,288057.78
7734,325745.94
7735,360606.0
7736,375955.09
7737,379533.96
7738,377290.77
7739,377557.72
7740,372938.33
7741,370323.09
7742,366576.64
7743,365830.2
7744,372451.69
7745,383195.53
7746,384345.02
7747,378666.65
7748,362524.5
7749,342853.29
7750,324309.27
7751,306717.48
7752,289675.23
7753,278074.0
7754,271603.45
7755,268352.11
7756,272081.84
7757,288485.4
7758,325604.24000000005
7759,359862.22000000003
7760,375249.8599999999
7761,379342.69
7762,378655.01
7763,377811.78
7764,374341.29
7765,371237.51
7766,367286.03
7767,367195.29
7768,373695.35
7769,383886.83
7770,386841.3
7771,380288.86
7772,363890.47
7773,344037.86000000004
7774,326223.94
7775,308469.81
7776,290751.85000000003
7777,279031.3
7778,271773.10000000003
7779,268881.87000000005
7780,272418.84
7781,288561.7
7782,325095.85
7783,358989.50000000006
7784,373852.57
7785,378553.41
7786,378887.44
7787,379310.63
7788,375925.23
7789,373040.4
7790,369197.26
7791,369113.21
7792,373902.98
7793,382941.05
7794,384159.59
7795,377080.65
7796,360519.84
7797,341323.43500000006
7798,323684.47
7799,305806.11000000004
7800,288428.88
7801,276162.51
7802,269581.47
7803,266071.47000000003
7804,269607.23
7805,285572.08
7806,322484.66
7807,356130.37
7808,370747.07
7809,375752.9
7810,375525.41
7811,373792.53
7812,369295.91
7813,365147.1
7814,361095.7
7815,359726.25
7816,365878.06
7817,374451.68
7818,373872.99
7819,365438.37
7820,348300.36
7821,329893.00999999995
7822,314176.73000000004
7823,298051.43
7824,279976.0
7825,265954.68
7826,257802.35
7827,252434.98
7828,250906.89
7829,254580.93
7830,267342.91
7831,284898.68000000005
7832,301102.3
7833,315655.4733
7834,323049.2667
7835,324972.56
7836,324342.34
7837,317895.12
7838,311705.91
7839,310811.73000000004
7840,318488.69
7841,328646.67000000004
7842,332411.27
7843,326862.72000000003
7844,313048.07
7845,299178.35000000003
7846,290198.31999999995
7847,278872.75
7848,263329.89
7849,251721.83
7850,244145.06000000003
7851,238786.07
7852,237575.21
7853,239435.58
7854,244924.26
7855,254100.24
7856,267288.98
7857,283419.8
7858,295233.74
7859,302342.94
7860,303661.80000000005
7861,297572.78
7862,291881.81
7863,290614.13
7864,299199.46
7865,312927.47
7866,320737.74
7867,319104.31999999995
7868,310015.55
7869,298442.53
7870,288740.07
7871,275683.14
7872,260168.745
7873,251027.14
7874,246085.69
7875,243453.23000000004
7876,248568.86
7877,267714.73
7878,309680.4
7879,347006.0
7880,363968.02
7881,369313.16
7882,369981.41
7883,369842.0
7884,367382.04
7885,364780.56
7886,361368.46
7887,361403.65
7888,366874.17
7889,375028.85
7890,376450.98
7891,370660.15
7892,354208.54000000004
7893,334135.77
7894,316444.05
7895,298492.54000000004
7896,279793.29000000004
7897,268416.72000000003
7898,262108.72000000003
7899,259176.07
7900,262560.27
7901,279519.65
7902,316960.87
7903,352058.0
7904,366175.67
7905,369364.58
7906,369319.59
7907,369890.39
7908,366772.83
7909,364453.64
7910,362430.3000000001
7911,361928.02
7912,367391.99
7913,376088.7
7914,376709.91
7915,371224.54
7916,354430.58
7917,334765.85000000003
7918,315932.13
7919,297229.77
7920,278987.74
7921,266706.27
7922,260085.17
7923,256778.55
7924,260313.49
7925,277475.23
7926,313905.94
7927,348950.71
7928,366075.55
7929,371021.52
7930,371253.41
7931,371862.8
7932,368942.54
7933,367751.46
7934,364687.35
7935,364692.12
7936,369487.47
7937,377478.13
7938,378420.7
7939,371853.77
7940,355278.49
7941,335045.44
7942,316890.68
7943,298963.63
7944,280277.32
7945,268414.34
7946,261786.21
7947,258301.27
7948,262055.22
7949,279270.66000000003
7950,316622.32
7951,349835.23000000004
7952,363432.12
7953,366684.95
7954,367065.47
7955,368323.78
7956,365322.21
7957,363932.31
7958,361750.61
7959,361897.38
7960,367865.12
7961,375462.98
7962,375890.33
7963,369929.56
7964,354315.6
7965,334247.95
7966,316868.39
7967,299942.77
7968,281721.45
7969,269295.36
7970,263210.81
7971,259534.7
7972,263914.55000000005
7973,280873.46
7974,318207.82
7975,352549.49999999994
7976,365941.39
7977,367451.14
7978,366761.63
7979,366052.98
7980,361926.69
7981,357853.91000000003
7982,353778.53
7983,352754.21
7984,358574.18
7985,368354.65
7986,368145.13
7987,361317.72
7988,345959.62
7989,328848.31
7990,314561.47
7991,299054.47000000003
7992,282382.81
7993,269928.77
7994,262087.54
7995,256717.4
7996,255731.12
7997,260336.74
7998,271431.46
7999,289165.30000000005
8000,305446.83
8001,317923.21
8002,322097.21
8003,321446.18000000005
8004,318454.84
8005,313522.94
8006,308028.55
8007,307791.2
8008,317845.04
8009,329861.02
8010,333564.1
8011,329505.71
8012,316961.76
8013,304002.82
8014,295116.97000000003
8015,283927.87999999995
8016,269885.35000000003
8017,258106.26
8018,250435.23
8019,244117.28
8020,242332.24
8021,245496.29
8022,255809.15
8023,264338.88
8024,276585.42
8025,291039.54000000004
8026,301138.35000000003
8027,307725.5
8028,310279.85
8029,305198.36
8030,300117.94
8031,299507.93
8032,307535.74
8033,320505.60000000003
8034,327782.2
8035,327628.79
8036,319124.5
8037,307986.47000000003
8038,298839.41
8039,286036.66000000003
8040,269920.19000000006
8041,261348.55
8042,255778.09
8043,252683.71
8044,257264.62
8045,277744.71
8046,321156.25
8047,359648.00000000006
8048,375738.86
8049,381227.49
8050,381896.8599999999
8051,381699.02
8052,378200.4
8053,376005.29
8054,373680.12
8055,373669.05
8056,379983.0
8057,388922.57
8058,390087.14
8059,384749.77
8060,368970.77
8061,351173.81
8062,333553.27
8063,315058.32
8064,300223.81
8065,288284.67
8066,282446.66
8067,279211.73
8068,283627.91
8069,301517.9
8070,339271.64
8071,373786.13
8072,388320.84
8073,391068.18
8074,390778.25
8075,388990.04
8076,385004.19
8077,381448.73
8078,378494.71
8079,379133.52
8080,386706.6
8081,397560.29
8082,398666.45
8083,393559.77
8084,377843.12
8085,358312.35
8086,340418.08
8087,321667.27
8088,303094.09
8089,291704.61000000004
8090,284514.46
8091,281241.33
8092,285609.04
8093,302666.81
8094,340931.11
8095,375957.22
8096,390235.8
8097,393649.46
8098,391136.78
8099,390056.62
8100,385806.22
8101,381807.48
8102,377990.61
8103,379264.04
8104,387234.09
8105,398220.52
8106,398719.22
8107,393039.04
8108,377438.85
8109,358790.52
8110,340859.82
8111,322685.1
8112,305043.16000000003
8113,293709.73000000004
8114,287176.15
8115,283096.89
8116,286131.42
8117,303253.34
8118,341169.62
8119,374851.4
8120,390072.01
8121,394877.36
8122,393558.52
8123,392151.5800000001
8124,387875.78
8125,385276.42
8126,383116.9
8127,383151.76
8128,390969.12
8129,399387.1
8130,399433.34
8131,392433.7
8132,375931.8
8133,356975.82
8134,339910.62
8135,321916.62000000005
8136,304491.73
8137,293611.22
8138,286603.6
8139,282870.5
8140,284966.36000000004
8141,300005.96
8142,334562.82
8143,366540.35
8144,380205.36
8145,384948.1
8146,385384.02
8147,384861.54999999993
8148,379223.43
8149,375715.18
8150,372275.52
8151,370646.92
8152,376702.43
8153,382698.44
8154,379875.96
8155,371262.87
8156,355299.56000000006
8157,337824.53
8158,323337.43000000005
8159,308819.88000000006
8160,291398.0
8161,277405.35000000003
8162,268998.45
8163,262837.52
8164,261218.4
8165,265906.15
8166,278297.09
8167,296030.65
8168,311961.26000000007
8169,325551.86
8170,332049.60000000003
8171,333006.65
8172,330348.57
8173,324416.01000000007
8174,318142.73
8175,317210.9
8176,323969.25999999995
8177,334749.71
8178,338151.79
8179,332992.51
8180,319656.56999999995
8181,306346.37999999995
8182,297079.01
8183,285398.2
8184,268226.37
8185,256206.81
8186,248176.13
8187,242372.93
8188,241754.53
8189,244699.56999999995
8190,251393.37
8191,262006.92
8192,274703.30000000005
8193,289165.66000000003
8194,299537.67000000004
8195,305267.67
8196,307035.98000000004
8197,300700.19
8198,296268.13
8199,295154.58
8200,303891.87999999995
8201,317308.2
8202,323205.75999999995
8203,322541.08
8204,313541.89
8205,302800.66
8206,294862.98
8207,280963.19
8208,267471.24
8209,257322.79
8210,252312.33
8211,249285.26
8212,254044.27
8213,273107.69
8214,313471.06
8215,350512.46
8216,367141.96
8217,372384.73
8218,373882.3599999999
8219,374346.66
8220,372217.65
8221,371091.86
8222,369617.91
8223,369356.09
8224,375429.79
8225,383986.87000000005
8226,384866.57
8227,379700.92
8228,363886.19
8229,344503.68
8230,326751.38
8231,309272.31
8232,293564.01
8233,281898.99999999994
8234,275526.77
8235,272895.62000000005
8236,277486.04
8237,295095.56000000006
8238,334243.63
8239,370924.06
8240,386066.79
8241,389682.11
8242,387256.95
8243,384571.88
8244,380246.22
8245,377596.97
8246,376534.4900000001
8247,377371.39
8248,385839.71
8249,397178.24
8250,398720.89
8251,393413.02
8252,377331.98
8253,357282.46
8254,338310.59
8255,319270.72000000003
8256,301105.55999999994
8257,289029.07
8258,282366.41000000003
8259,279559.16000000003
8260,283050.06
8261,298998.05
8262,336376.54
8263,373283.91
8264,389699.31
8265,393226.93
8266,392656.67
8267,391958.86
8268,388270.92
8269,385285.75
8270,382960.38000000006
8271,384063.81000000006
8272,391153.78
8273,397803.9
8274,398435.67
8275,392548.77
8276,375850.81
8277,356363.84
8278,338107.96
8279,318484.19
8280,299972.31
8281,288570.66000000003
8282,282031.25
8283,277792.79
8284,280810.28
8285,298936.5
8286,336910.88
8287,373854.44
8288,390019.06
8289,394739.69
8290,395054.3
8291,395789.73
8292,392917.34
8293,391133.01
8294,389111.5500000001
8295,388607.63
8296,394809.62
8297,401766.54
8298,401796.0400000001
8299,395697.47
8300,378884.0500000001
8301,358406.37000000005
8302,339194.43000000005
8303,320167.87000000005
8304,300699.46
8305,288014.49
8306,280933.45
8307,277573.13000000006
8308,280738.31
8309,296376.73
8310,333314.74999999994
8311,370452.38
8312,387801.35
8313,392459.33
8314,392908.25
8315,392473.4
8316,387252.43
8317,382469.02
8318,377488.0
8319,376005.72
8320,381214.45
8321,386676.21
8322,383904.49
8323,375388.2
8324,358538.75999999995
8325,340750.72000000003
8326,324667.82
8327,308534.36
8328,287526.87000000005
8329,276675.19000000006
8330,265567.68
8331,259165.38000000003
8332,258705.78000000003
8333,262784.69999999995
8334,274219.87
8335,292139.83
8336,309292.94000000006
8337,323367.85
8338,329857.88
8339,331355.19
8340,329808.28
8341,323507.32
8342,318418.61000000004
8343,317114.71
8344,324091.9
8345,335154.47
8346,337965.15
8347,332817.85000000003
8348,319234.27
8349,305746.54
8350,296802.33
8351,284987.91
8352,269883.48
8353,256803.48
8354,247448.47
8355,241679.31000000003
8356,240057.48
8357,242817.86
8358,250268.71
8359,262145.0800000001
8360,275216.78
8361,289252.63
8362,299481.44
8363,305513.63
8364,306879.56
8365,301939.76
8366,297704.03
8367,296860.62999999995
8368,306266.16
8369,320328.64
8370,327091.10000000003
8371,326585.23000000004
8372,318628.93
8373,306598.87
8374,297460.04000000004
8375,282513.59
8376,266039.85
8377,255211.77
8378,249506.25
8379,246394.28
8380,250957.92
8381,270347.91000000003
8382,312592.19
8383,351483.17
8384,369848.2899999999
8385,374445.46
8386,375197.01
8387,374933.82
8388,372472.03
8389,371096.59
8390,367347.78
8391,367213.18
8392,373518.81
8393,381130.9
8394,380432.42
8395,373919.19
8396,357360.80999999994
8397,337827.44
8398,318758.63
8399,300215.35
8400,280329.67
8401,268124.03
8402,260370.33
8403,257451.93
8404,260267.93
8405,276798.3
8406,314539.05
8407,350647.62
8408,366791.29
8409,368750.29
8410,368482.52
8411,368951.1
8412,364854.01
8413,361269.18
8414,360059.2
8415,360763.56000000006
8416,367988.71
8417,376559.11
8418,376117.15
8419,370724.74
8420,354024.76
8421,334310.28
8422,317101.06999999995
8423,298255.73
8424,279647.3
8425,266753.88
8426,260537.35
8427,256966.00000000003
8428,259568.46000000005
8429,276639.47
8430,315429.39
8431,351724.10000000003
8432,368138.54
8433,370764.1
8434,369816.52
8435,368843.81
8436,363762.06
8437,360013.84
8438,357643.25
8439,357403.44
8440,363729.82
8441,373861.34
8442,374332.15
8443,368444.84
8444,352832.52
8445,333138.73
8446,315652.7
8447,297334.59
8448,279183.02
8449,267511.19
8450,260410.19
8451,256542.81
8452,259406.47
8453,275089.2
8454,311520.11000000004
8455,346977.77
8456,362327.22
8457,365356.41
8458,363663.13
8459,362318.37
8460,358133.32
8461,356117.79000000004
8462,354250.85000000003
8463,354216.34
8464,361149.42
8465,368185.81
8466,366917.1
8467,360375.61
8468,344017.18999999994
8469,325289.89
8470,308893.00999999995
8471,290620.81
8472,272127.38
8473,260180.68
8474,252248.6
8475,249040.48
8476,251820.43
8477,266456.27
8478,299497.49000000005
8479,332510.94999999995
8480,347835.63000000006
8481,351907.56000000006
8482,351069.82
8483,349255.82
8484,345194.8
8485,340209.64
8486,336425.12
8487,335878.77
8488,341498.47
8489,348945.84
8490,347679.71
8491,340417.55999999994
8492,325385.38
8493,309469.84
8494,296293.55
8495,280339.73000000004
8496,263487.61
8497,251588.44
8498,242264.08
8499,236745.93
8500,236760.4
8501,242589.43
8502,254311.16
8503,270970.6
8504,288426.50999999995
8505,303000.39
8506,308375.58
8507,310085.8
8508,311468.96
8509,306500.58
8510,302244.16
8511,301996.97000000003
8512,309262.72000000003
8513,319799.86
8514,322241.85
8515,317214.43
8516,305390.0
8517,291813.11000000004
8518,281928.42
8519,269035.37999999995
8520,253304.58
8521,241220.73
8522,234251.25
8523,227631.37
8524,226155.67
8525,228976.56
8526,234792.9
8527,245967.13
8528,260059.38
8529,275431.69
8530,275068.91000000003
8531,294643.02
8532,298008.44999999995
8533,293236.4
8534,287640.30000000005
8535,285916.8900000001
8536,292841.79
8537,303266.34
8538,308715.33
8539,306923.26
8540,298081.56
8541,287782.76
8542,279148.37
8543,265134.15
8544,249346.47
8545,237237.65
8546,230568.25
8547,226132.01
8548,228834.83
8549,241222.01
8550,263839.56
8551,290068.21
8552,309177.63
8553,318243.5
8554,320565.14
8555,322619.0
8556,322381.74
8557,319870.42
8558,316654.86999999994
8559,315211.8
8560,322060.72000000003
8561,330847.3
8562,332737.54
8563,326295.48000000004
8564,312924.44
8565,298737.01
8566,286505.62
8567,269971.14
8568,249776.82
8569,236299.76
8570,229222.93
8571,223654.45
8572,224760.09
8573,231406.4
8574,245826.72
8575,264852.36
8576,282245.35000000003
8577,294378.39
8578,299980.53
8579,300585.42
8580,297695.16
8581,292446.31
8582,287319.29
8583,285103.71
8584,290063.25
8585,297397.48
8586,294633.29000000004
8587,284631.74000000005
8588,271499.33
8589,261515.75
8590,256103.4
8591,249612.61
8592,238351.21
8593,227949.61
8594,219538.3
8595,211996.91
8596,209257.87
8597,212303.26
8598,217532.94
8599,225368.97000000003
8600,235451.79
8601,249691.27
8602,261192.62
8603,267204.37
8604,267051.06
8605,258023.76
8606,251018.24
8607,248766.95
8608,254347.39
8609,266505.96
8610,272948.64
8611,272890.71
8612,268708.99999999994
8613,263203.58
8614,259401.91
8615,250585.01
8616,235553.54
8617,225252.96
8618,219546.26
8619,215128.11
8620,215779.21
8621,220747.12
8622,230638.3
8623,243562.06
8624,257441.38
8625,271792.58
8626,281883.16
8627,286518.13000000006
8628,287656.18
8629,282301.77
8630,277346.82
8631,276156.01
8632,282465.49
8633,293748.54000000004
8634,298646.07
8635,296561.59
8636,288167.53
8637,279896.96
8638,272638.79000000004
8639,259374.76
8640,244347.38
8641,233304.98
8642,227014.38
8643,222740.85
8644,224312.47000000003
8645,233614.09
8646,252664.8
8647,274510.41000000003
8648,292927.9
8649,306440.53
8650,312479.66
8651,314374.35000000003
8652,315366.93
8653,312594.77
8654,309395.88
8655,309435.71
8656,316234.59
8657,327639.08
8658,329959.78
8659,324997.16000000003
8660,311664.34
8661,298128.85000000003
8662,287400.84
8663,273659.24
8664,257162.81
8665,245199.24
8666,238725.31000000003
8667,233730.47
8668,233371.18
8669,238151.2
8670,247812.51
8671,262485.84
8672,278445.15
8673,294116.24
8674,301643.29
8675,303760.44
8676,304058.27
8677,299991.66000000003
8678,295953.58
8679,296584.42
8680,304317.35000000003
8681,318040.18999999994
8682,322702.18999999994
8683,319767.8
8684,308625.16
8685,296608.67
8686,287532.99999999994
8687,274363.54000000004
8688,258889.35
8689,247226.19
8690,240647.94
8691,234980.98
8692,233607.48
8693,236036.12
8694,241670.22
8695,250609.19
8696,262837.14
8697,277344.87
8698,287095.75
8699,293225.12
8700,295937.43
8701,290568.09
8702,285603.04000000004
8703,284473.65
8704,291636.2
8705,306145.11
8706,313992.26
8707,313859.71
8708,306262.88
8709,296568.9
8710,288494.11
8711,275687.76
8712,261103.15
8713,250077.29
8714,243514.47
8715,239263.13
8716,241013.02
8717,251652.89
8718,270459.14
8719,293312.96
8720,312643.09
8721,325423.73000000004
8722,327406.09
8723,325934.49
8724,324386.46
8725,319723.57
8726,315479.05999999994
8727,315044.86000000004
8728,321585.54
8729,336531.72
8730,342058.83
8731,338451.4
8732,325403.73000000004
8733,311714.15
8734,300700.29000000004
8735,285909.87
8736,267743.91000000003
8737,255165.84000000003
8738,247850.17
8739,242171.75
8740,242727.82
8741,250420.0
8742,264640.71
8743,283735.29000000004
8744,300405.13
8745,313066.66000000003
8746,318307.56999999995
8747,318939.72000000003
8748,317218.71
8749,311097.5200000001
8750,306728.98
8751,306269.67000000004
8752,313790.12
8753,325007.30999999994
8754,325820.02
8755,315942.63
8756,299314.87000000005
8757,285431.97000000003
8758,279475.32
8759,273265.54000000004
8760,264209.7
