t,EU27.Solar,EU27.WindOnshore,EU27.WindOffshore
0,0.0,0.0,0.0
1,0.0003658536585365854,0.32343260448027755,0.5206059999999999
2,0.00024369884767295083,0.3256790580190846,0.440324
3,0.00020298057738507265,0.332173738327295,0.45517399999999997
4,0.00020298057738507265,0.3440323136194316,0.451883
5,0.00020298057738507265,0.3523944991580344,0.435187
6,0.00020298057738507265,0.3648489564729295,0.40611499999999995
7,0.0013089905940795634,0.3679347604225136,0.42605200000000004
8,0.01662140152286331,0.3692108485992754,0.44830699999999996
9,0.054874689523189045,0.36313893708220646,0.421018
10,0.10587493383281078,0.36588642394244014,0.43516800000000005
11,0.13884563703733865,0.3759211231310915,0.508894
12,0.15181410073700072,0.3838710006633669,0.504548
13,0.14518893277413575,0.3935492039597897,0.44692200000000004
14,0.11298230791155991,0.40070737868041023,0.420944
15,0.07442047721812778,0.4041172756034087,0.41934799999999994
16,0.03714157742579095,0.4155133438791652,0.49093400000000004
17,0.01362372246426972,0.4258906975557483,0.48232700000000006
18,0.002241947962050572,0.43747703730162785,0.502454
19,0.0006712406856956718,0.44105826146859217,0.46806900000000007
20,0.00043711063154037224,0.448015767719549,0.468913
21,0.0003353149558206768,0.4497530234219522,0.42158100000000004
22,0.00037603322610855496,0.445195246721437,0.4396459999999999
23,0.00034549452339264634,0.44459426187681794,0.413321
24,0.0003353149558206768,0.43420478899831605,0.404688
25,0.0002538784152449204,0.42776706893912336,0.44059899999999996
26,0.00016226230709719448,0.4229046537735368,0.504398
27,0.00016226230709719448,0.4189689748430883,0.5396219999999999
28,0.00016226230709719448,0.4249901132826452,0.5399400000000001
29,0.00016226230709719448,0.4349543935296219,0.545044
30,0.00026405798281688993,0.44260250293412257,0.625483
31,0.0028113929720265476,0.43945833545950913,0.725348
32,0.02026385439146545,0.42867103383170885,0.713338
33,0.0714042713465532,0.415735699341736,0.696
34,0.13880013437029196,0.40669266979639734,0.6751199999999999
35,0.19112728531291992,0.4005229116701536,0.623583
36,0.22009436459139217,0.4001372659080472,0.5930030000000001
37,0.21010464595463982,0.39978102515691183,0.544041
38,0.16160328189258522,0.39037008215543195,0.499725
39,0.09168828128181115,0.37165293157115886,0.49234300000000003
40,0.04107984852803452,0.3543292340664387,0.456717
41,0.015789730852233397,0.3390603153543909,0.42406000000000005
42,0.00259701127896087,0.3329915293157116,0.418929
43,0.0004888228348059775,0.323789100372506,0.431542
44,0.00046744574290484147,0.3180982420778691,0.377188
45,0.00043690704018893285,0.3056440399040669,0.376165
46,0.0003758296347571156,0.2921958080318416,0.415121
47,0.0003351113644692374,0.2859992600908302,0.42332299999999995
48,0.0003249317968972678,0.2801568479869368,0.45160200000000006
49,0.0003351113644692374,0.27020717456753585,0.552677
50,0.0003351113644692374,0.2609405776394346,0.536625
51,0.00024349525632151145,0.2578122289125886,0.5534720000000001
52,0.00017223828331772465,0.25798872276368834,0.549454
53,0.0001824178508896942,0.2573032224320049,0.548369
54,0.0003961887699010547,0.26233677348573764,0.525994
55,0.0015014862168655075,0.2642276241261417,0.530715
56,0.01829258113115355,0.26310857529213655,0.508271
57,0.07256301152327048,0.2542504592539674,0.46432300000000004
58,0.14331650311494765,0.2407993570444456,0.40737799999999996
59,0.18736339020318418,0.22769454508343115,0.34532
60,0.1978884522985464,0.22005019901005254,0.287014
61,0.18511696323140195,0.20949705312037556,0.250555
62,0.14484577955128466,0.20429345052814207,0.23419600000000002
63,0.08386803208599697,0.20529609123845485,0.21857600000000002
64,0.03673897552831956,0.21266565035464613,0.21061300000000002
65,0.013577914410195856,0.23059231004745626,0.202547
66,0.0023111690215399648,0.24201886768382916,0.226005
67,0.0004136976261248422,0.24568881716589275,0.25689700000000004
68,0.0003556740909646159,0.24739807113333676,0.263491
69,0.0003556740909646159,0.24452951982446294,0.248227
70,0.0003658536585365854,0.23522720314333825,0.249231
71,0.00039639236125249403,0.22905642445272234,0.243495
72,0.0003556740909646159,0.2263848420676634,0.268955
73,0.00027423755038885947,0.2279003801602286,0.347699
74,0.00019280100981310312,0.2308022273817421,0.467052
75,0.00019280100981310312,0.23884287135786092,0.5579770000000001
76,0.00017244187466916404,0.24881869673929685,0.6046759999999999
77,0.00018262144224113358,0.2607383145379395,0.611511
78,0.0002538784152449204,0.26755338827371533,0.6014860000000001
79,0.0021211164949712937,0.2738425524314946,0.5871529999999999
80,0.01774064497740136,0.27863091289483083,0.524147
81,0.058892157661142565,0.27790752411083336,0.541309
82,0.11311321715053545,0.2824755702403429,0.5587489999999999
83,0.15413921576611425,0.28967916007552175,0.5572050000000001
84,0.16263711877519443,0.29929415216614785,0.570998
85,0.15002921535893154,0.30378916415777923,0.554909
86,0.1169453153630034,0.29923789355513597,0.516813
87,0.07696791400301314,0.2916848879930602,0.522413
88,0.0388634512805896,0.2866231438485483,0.538424
89,0.014826947351276517,0.29354537684339443,0.560415
90,0.0022918278431532228,0.2973369648415574,0.5924950000000001
91,0.00041776945315363004,0.29676174924733373,0.6041610000000001
92,0.00034549452339264634,0.29401579323365823,0.597726
93,0.00032513538824870716,0.2976938434454253,0.598054
94,0.0003556740909646159,0.2976028218604889,0.607036
95,0.0003556740909646159,0.3052473592896872,0.6143270000000001
96,0.0003149558206767376,0.30816547175588105,0.6143099999999999
97,0.000202878781709353,0.3123943078022146,0.601856
98,0.00019269921413738345,0.31853019594835946,0.5785440000000001
99,0.00016216051142147478,0.32851507883859776,0.565789
100,0.00017234007899344435,0.3372203015767719,0.557412
101,0.00017234007899344435,0.3356393835791193,0.56971
102,0.00019269921413738345,0.3414513701076695,0.571192
103,0.0019850156765340607,0.33439557075062515,0.5924659999999999
104,0.014063683374730239,0.3252284788488034,0.576977
105,0.047497149721079844,0.31355213808235954,0.5538240000000001
106,0.10347774746528765,0.2982275348267592,0.556373
107,0.14020735779144103,0.2841290758789611,0.530941
108,0.15720438535771,0.2758031203755677,0.49771099999999996
109,0.14704395537277576,0.2713977266928611,0.49378299999999997
110,0.11838114336902968,0.2618223452569271,0.488068
111,0.08003033511136448,0.24844268255345206,0.5305240000000001
112,0.041773178875361375,0.24954278716130018,0.517448
113,0.016724316951015922,0.25681909220799104,0.501909
114,0.0030429781342888548,0.26328143338266063,0.5049239999999999
115,0.0007016775927358607,0.26399614736949534,0.4972160000000001
116,0.0003453927277169267,0.2591309256518855,0.519165
117,0.00038611099800480483,0.2504501326733683,0.5173180000000001
118,0.0003352131601449571,0.24546123131091488,0.5095900000000001
119,0.00039629056557677437,0.24286223656682152,0.529701
120,0.0003862127936805245,0.23924070010715925,0.5032599999999999
121,0.0003047762531047681,0.2339206893912333,0.486624
122,0.00022333971252901176,0.2285304510894525,0.446342
123,0.0002131601449570422,0.22392349594325658,0.406487
124,0.00015208273952522494,0.21804459866306064,0.386559
125,0.00015208273952522494,0.2105063912843803,0.367282
126,0.00026405798281688993,0.19713297953768433,0.31848899999999997
127,0.0029205179363980616,0.18787225085472262,0.278402
128,0.01893409747953907,0.18062898657957854,0.295144
129,0.06892127122439838,0.17086550237281217,0.270838
130,0.12612290809886398,0.1589489462672858,0.29168099999999997
131,0.1609996335355674,0.15353427820584784,0.253159
132,0.17554460686510037,0.15485131652804,0.220033
133,0.15755395170813144,0.1587207863448487,0.228789
134,0.12152774950120121,0.16021661478797775,0.232504
135,0.07825522211816442,0.16511864060825635,0.262025
136,0.0407153182132823,0.17160381691075166,0.30434700000000003
137,0.016927501119752435,0.18538666632647857,0.345565
138,0.0033433771733376765,0.19892623871000664,0.378247
139,0.0007628567938433976,0.20460446752053885,0.381427
140,0.0004981880369721895,0.2088997040363321,0.30836399999999997
141,0.0004778289018282504,0.21224122314639998,0.299907
142,0.0004880084694002199,0.21082678471194571,0.351723
143,0.0005389063072600677,0.209412473848038,0.371041
144,0.000508367604544159,0.20622333775577892,0.344614
145,0.0004981880369721895,0.20377589682094197,0.28472800000000004
146,0.0004880084694002199,0.2062610986375466,0.269462
147,0.0004574697666843113,0.20844096035107418,0.24627200000000002
148,0.0003149558206767376,0.20891718120120428,0.25742800000000005
149,0.0003047762531047681,0.21288628361483897,0.293619
150,0.0005389063072600677,0.21291409399397868,0.260134
151,0.0025309458854187875,0.20825917232229424,0.181284
152,0.016689604625595503,0.20751996479052914,0.145457
153,0.05884237957571563,0.20452862683063733,0.159349
154,0.11407172523311208,0.2016025412052865,0.245982
155,0.1501626694898001,0.20187356483135174,0.416846
156,0.16694154892300178,0.2088868831964076,0.5647300000000001
157,0.15500091616108147,0.2169707098025208,0.6546960000000001
158,0.12230363614153669,0.22982172016124922,0.672419
159,0.0796567449814732,0.24992230953717406,0.672759
160,0.04133739158760537,0.27688351533397965,0.702047
161,0.017199906347978338,0.31278065520232684,0.6729759999999999
162,0.0032069709678732845,0.34836518344644596,0.678966
163,0.0004340567612687813,0.37913022401387964,0.718712
164,0.0004035180585528727,0.4092868806449967,0.736381
165,0.0004035180585528727,0.4318172424350667,0.69098
166,0.0003984282747668879,0.43337028626830637,0.651327
167,0.00043711063154037224,0.43827282237077103,0.65361
168,0.0004167514963964331,0.4370503138235443,0.6426069999999999
169,0.00040657192882446357,0.42927335816706647,0.652019
170,0.00037603322610855496,0.4273137470020921,0.6359130000000001
171,0.0003658536585365854,0.4265702658570189,0.637238
172,0.00037603322610855496,0.42785317905801906,0.600227
173,0.00037603322610855496,0.4271593866408123,0.56682
174,0.0006814202532676413,0.43622997142419756,0.560555
175,0.0037646076794657763,0.43821886002959637,0.542151
176,0.021544647583370664,0.43667021738021117,0.5485969999999999
177,0.061194470458894895,0.43611356330050516,0.5802510000000001
178,0.10668451484180952,0.4316691330305659,0.626944
179,0.14173632884075085,0.43349556054498134,0.63646
180,0.1520100574127611,0.4463344517017911,0.643038
181,0.13651410888065474,0.4538970888401286,0.651034
182,0.1057857608208803,0.45205809562688165,0.7083379999999999
183,0.06734048617614723,0.45626843394397104,0.728051
184,0.03789975161855124,0.4625731617084247,0.715346
185,0.01686041776945315,0.4688749553503087,0.722388
186,0.0030756545461948777,0.4777178904934429,0.747831
187,0.0007730363614153672,0.48113863091289477,0.750873
188,0.00043711063154037224,0.48088763586263206,0.750289
189,0.0004472901991123418,0.4825523677093433,0.743598
190,0.00043711063154037224,0.4723427055161503,0.7474400000000001
191,0.00039639236125249403,0.4730876537225086,0.7120569999999999
192,0.0003047762531047681,0.4690352477420012,0.698971
193,0.00026405798281688993,0.46261864060825636,0.650251
194,0.00027423755038885947,0.46071809460631724,0.648688
195,0.0002741357547131398,0.4493967188855438,0.6477639999999999
196,0.0002639561871411702,0.4423311603816911,0.648331
197,0.0002639561871411702,0.4327411083329081,0.646649
198,0.0005082658088684394,0.43236732663162736,0.685854
199,0.0019087707154200088,0.42640869775986123,0.745366
200,0.012687609430351398,0.41855838903913867,0.774234
201,0.04722728938474693,0.4086784967086799,0.775755
202,0.09544057168451484,0.40244769607592995,0.77472
203,0.13654230628282912,0.40196854110323,0.774692
204,0.14901614479416914,0.4060114430780221,0.78613
205,0.13885754713139786,0.4147852987702199,0.786296
206,0.10740217435563337,0.41514657855794257,0.790057
207,0.07297599657966529,0.4097146884727254,0.7960050000000001
208,0.04059275621971579,0.40176257845588614,0.7975240000000001
209,0.01752453275784845,0.3882103128029801,0.80406
210,0.003196689604625595,0.3836304026126448,0.7922469999999999
211,0.00045736797100859165,0.3762942031943665,0.8091020000000001
212,0.000426829268292683,0.3683696484155739,0.7889709999999999
213,0.000426829268292683,0.35139734398122163,0.7317049999999999
214,0.000426829268292683,0.3261587232739705,0.6611090000000001
215,0.0003352131601449571,0.3112618640608256,0.5598099999999999
216,0.0003250335925729875,0.29785624075113537,0.44223999999999997
217,0.0003453927277169267,0.2903258789610655,0.347155
218,0.0003352131601449571,0.27725028065520235,0.268425
219,0.0003453927277169267,0.26901777057712917,0.21335500000000002
220,0.0003352131601449571,0.2681731259886717,0.156254
221,0.0003250335925729875,0.2618963999591774,0.097773
222,0.0004980862412964698,0.25738486758177276,0.063693
223,0.0020950568019870515,0.248901681379803,0.039705000000000004
224,0.016465450547660736,0.23976884216971986,0.024763999999999998
225,0.050851928010098135,0.23042187579731593,0.026044
226,0.10630583492813227,0.21917506506097872,0.026279000000000004
227,0.15411875483529458,0.21569966066234622,0.024775
228,0.17210574534793757,0.2133441343062714,0.030562
229,0.16529897389958875,0.21205044139409096,0.046599
230,0.1291235392320534,0.21106942389141198,0.053439
231,0.0847580316788143,0.2093333801092004,0.052287
232,0.04574656948572824,0.2067838827371536,0.068209
233,0.018574046174518504,0.2044166198907996,0.101781
234,0.0035763874750600593,0.20791575241108334,0.140319
235,0.0008625147603729794,0.214360169923968,0.189387
236,0.0004655116250661672,0.21325011481349185,0.224295
237,0.00026192027362677636,0.21499017706791856,0.258386
238,0.00026192027362677636,0.2240770270959841,0.28695099999999996
239,0.00026192027362677636,0.23174790784303723,0.316956
240,0.00027220163687446556,0.23543622748379853,0.333859
241,0.000262022069302496,0.23724224371077204,0.390352
242,0.0002518425017305265,0.24151694136857685,0.530981
243,0.0002418665255099963,0.2521256442312599,0.632411
244,0.0002518425017305265,0.2648234423636271,0.645844
245,0.00022130379901461785,0.274316604582334,0.669811
246,0.0003943564477381001,0.28387259529519815,0.685264
247,0.001195590211327823,0.2972308899321325,0.664373
248,0.017844680157986893,0.30050977190386285,0.665302
249,0.059118449448267434,0.30196713782721846,0.6882910000000001
250,0.12110926747831752,0.30549357044445574,0.679978
251,0.1584122928457999,0.31130683267847126,0.663801
252,0.1694297406246183,0.32324207786906156,0.679888
253,0.15984791726047476,0.33379152421288966,0.690478
254,0.1311992548556537,0.34130039036587234,0.693187
255,0.08543538010505314,0.34983218094606316,0.7016899999999999
256,0.045246650922268816,0.35263956217788434,0.6688189999999999
257,0.018838205953011115,0.35580127060264327,0.637068
258,0.0034981066004316137,0.3566275450324029,0.626193
259,0.0005266908261737041,0.34935749094249113,0.598244
260,0.00029256077201840464,0.34596519875491144,0.58435
261,0.0002823812044464351,0.34095480175537074,0.555708
262,0.0003026385439146545,0.33188262234015414,0.5338990000000001
263,0.0003229976790585936,0.3334258432413124,0.5118699999999999
264,0.0002518425017305265,0.32928203296422925,0.507895
265,0.00015004682601083106,0.3253783742409552,0.537371
266,0.0001398672584388615,0.32474147828749295,0.536377
267,0.0001398672584388615,0.3225095677909884,0.5182100000000001
268,0.00012968769086689195,0.321539393784763,0.606362
269,0.00012968769086689195,0.32936909986222374,0.651304
270,0.0002518425017305265,0.33739182017655767,0.661764
271,0.0015157376114662646,0.3490407332755014,0.652018
272,0.01735402500101796,0.35707506250956783,0.667404
273,0.06089346064579177,0.365056768893198,0.697654
274,0.11315037257217316,0.38172137316936267,0.7045929999999999
275,0.14145771407630603,0.40636200693983776,0.683686
276,0.157585711958956,0.4236224294534877,0.7082309999999999
277,0.15295808054073864,0.4306997882328928,0.73446
278,0.1273272527383037,0.4363479103944481,0.742075
279,0.08283266826825196,0.4374068097157729,0.754871
280,0.044066126470947514,0.44342737408787064,0.757818
281,0.018753002972433732,0.44320865438587537,0.7523009999999999
282,0.0038981636060100165,0.4457068683982242,0.7601040000000001
283,0.0008727961236206687,0.4455051793641883,0.7557
284,0.000506331691029765,0.4412614175639129,0.7463919999999999
285,0.000506331691029765,0.4287082844312906,0.73487
286,0.00042489515045400874,0.41700521763535237,0.748433
287,0.0003943564477381001,0.4095388962596316,0.7456229999999999
288,0.0003943564477381001,0.40515506199928564,0.743644
289,0.0004147155828820392,0.39556609430014805,0.7300730000000001
290,0.0003943564477381001,0.38241127468490077,0.722271
291,0.0003943564477381001,0.38326478542634074,0.7058150000000001
292,0.00040453601531006966,0.3874627494004184,0.669177
293,0.0003943564477381001,0.3911830892483544,0.737258
294,0.000821898285760821,0.3965094147063326,0.808999
295,0.004017977116332098,0.40578028524774207,0.8372729999999999
296,0.018421250865263243,0.4218377175077817,0.831714
297,0.058212569730037876,0.4363333673521457,0.813759
298,0.10468789445824342,0.453708412001837,0.80683
299,0.13273799828983265,0.46798897790478156,0.7707579999999999
300,0.14261014292112872,0.4727825687605245,0.736034
301,0.13701606335762856,0.47169636934224624,0.714873
302,0.10580693432143004,0.47254292748890125,0.712443
303,0.07275733946821938,0.47765831504822165,0.7127859999999999
304,0.04160501241907243,0.4832499872429453,0.712482
305,0.018932366953051834,0.4972886156044292,0.71412
306,0.003735290524858504,0.5128945757003622,0.712683
307,0.0007608208803290038,0.522350806245854,0.709871
308,0.0003129199071623437,0.5219906745930499,0.649652
309,0.0003027403395903742,0.5239136092259019,0.656375
310,0.00029256077201840464,0.5167153135684034,0.674718
311,0.00036381774502219146,0.506585255396234,0.637957
312,0.00020094466387067875,0.5183364800734805,0.649288
313,7.878985300704427e-05,0.5152143823034138,0.5929439999999999
314,8.896942057901379e-05,0.5083478338521205,0.5766899999999999
315,8.896942057901379e-05,0.4947352273307139,0.582914
316,8.896942057901379e-05,0.4861153492881565,0.615989
317,8.896942057901379e-05,0.479146999540746,0.7152270000000001
318,0.0003027403395903742,0.48028543909782107,0.682624
319,0.0033590537073985094,0.47577582027861404,0.6354049999999999
320,0.017774542937416017,0.4656767617492473,0.630909
321,0.06617003949672218,0.4526194698168088,0.6751010000000001
322,0.13028360275255507,0.44099505026279534,0.683219
323,0.18331884441548926,0.44383662040108185,0.681192
324,0.20069556985219267,0.445885658519161,0.687541
325,0.1900467242151553,0.4511819411134356,0.688314
326,0.15547670914939532,0.4506820559269276,0.675689
327,0.09701514719654711,0.442324399142726,0.666283
328,0.04624954191945926,0.4327044318007858,0.657989
329,0.01899364794983509,0.418259363678114,0.6467280000000001
330,0.0041231320493505435,0.41437477675154366,0.6528510000000001
331,0.001181237021051346,0.41173853140786854,0.6396639999999999
332,0.001045848772344151,0.4085298132367199,0.630722
333,0.0010560283399161205,0.40173623513803125,0.615925
334,0.0010153100696282424,0.3850986758177271,0.6144639999999999
335,0.0007811800154729428,0.3739544318007858,0.6510670000000001
336,0.0007710004479009732,0.3648573761289994,0.6932820000000001
337,0.0007913595830449123,0.36664699954074603,0.731175
338,0.0006895639073252169,0.37607497321018524,0.642468
339,0.0005572295288896128,0.3785257947645048,0.633488
340,0.0005470499613176433,0.3834941572689698,0.6511170000000001
341,0.0005470499613176433,0.3829269786191764,0.641062
342,0.0006488456370373387,0.3861030387304179,0.597431
343,0.0026159452746447333,0.3864622773893963,0.578597
344,0.026265422044871534,0.37446203500535796,0.539905
345,0.0853989372531455,0.36195878195642195,0.50038
346,0.15451127896086972,0.3580463208654385,0.533345
347,0.19787450629097272,0.3635023217839465,0.526149
348,0.21499877845189136,0.36939997193447976,0.557134
349,0.20498900606702228,0.36779028677858855,0.587723
350,0.16626033226108555,0.36576306322396285,0.608654
351,0.09972189421393379,0.37389262387100064,0.608034
352,0.04235015676534061,0.3750327856304536,0.590464
353,0.012220876257176595,0.3798221028728887,0.587537
354,0.0013451280589600553,0.38260160994029696,0.592183
355,0.0005674090964615824,0.38124815022707564,0.60361
356,0.0005674090964615824,0.3777481884982395,0.596784
357,0.0006692047721812779,0.37251907179670357,0.604288
358,0.0006692047721812779,0.36143146910241364,0.632448
359,0.0006488456370373387,0.3584257794560392,0.6481030000000001
360,0.0006590252046093083,0.3548761927846099,0.636601
361,0.0006692047721812779,0.34584961983977147,0.623857
362,0.0006793843397532473,0.3347065239577485,0.611425
363,0.0005368703937456737,0.33153365311016997,0.59466
364,0.0005572295288896128,0.3297070980252079,0.59666
365,0.0005877682316055215,0.32182145226310155,0.579337
366,0.0006284865018933996,0.3162387100066337,0.653993
367,0.004744187466916405,0.3087520411287442,0.7165520000000001
368,0.03103454945233927,0.3038005817216921,0.7702110000000001
369,0.09156683904067757,0.3004637827218452,0.816691
370,0.161567755201759,0.30377985150788384,0.822125
371,0.20669937701046456,0.30995216104505796,0.812116
372,0.2180252656867136,0.31052374087870593,0.811819
373,0.2037280630318824,0.3158441343062714,0.796189
374,0.1633594608901014,0.31024735928968716,0.78956
375,0.08944531536300337,0.30383081594121547,0.791303
376,0.028596441223176842,0.31015971832423334,0.7719050000000001
377,0.006642676819088726,0.3214093356125937,0.775823
378,0.000707887128954762,0.33744788743174975,0.773392
379,0.00029256077201840464,0.3499624304740521,0.76363
380,0.000373997312594161,0.3612595677909885,0.77902
381,0.00022130379901461785,0.370959840791958,0.663292
382,0.0001398672584388615,0.3664471602796346,0.5795939999999999
383,0.00020094466387067875,0.3631193550033169,0.640884
384,0.00017040596115477013,0.3580465760065316,0.698741
385,0.00022160918604177695,0.35443856202479973,0.7201019999999999
386,0.0001907650962987092,0.35058127519518295,0.766854
387,0.00011950812329492242,0.3512500637852733,0.738005
388,0.00013019666924549044,0.3502809741286932,0.717087
389,0.00015055580438942952,0.3487907587896107,0.682776
390,0.00027220163687446556,0.3486726922488136,0.674095
391,0.004599841198745878,0.3491142139102924,0.6201409999999999
392,0.02723492406042591,0.3446567714446089,0.65978
393,0.07245907813836068,0.3333596979129459,0.69793
394,0.1141328026385439,0.33016022860641936,0.729662
395,0.1510476810945071,0.3328991682400367,0.7519100000000001
396,0.16605775886640337,0.33092571567076595,0.7755110000000001
397,0.1566332098212468,0.3262035005357963,0.786084
398,0.1224766887902602,0.31842220748073685,0.787449
399,0.07066391139704384,0.30550575343164776,0.7928559999999999
400,0.025271590862820152,0.3042988084910956,0.794096
401,0.006704975772629179,0.3111365897841506,0.805673
402,0.00040239830611995604,0.3174910062764709,0.782234
403,0.0001428193330347327,0.3231637495535031,0.75805
404,0.00012144224113359662,0.3230319053936827,0.754083
405,0.00012958589519117226,0.3233783232127367,0.729468
406,0.0001397654627631418,0.3159299892840741,0.685425
407,0.00011940632761920272,0.30117020462315663,0.533243
408,0.00012958589519117226,0.2846359774455274,0.441021
409,0.00012978948654261167,0.2732574501199163,0.385425
410,0.00011971171464636182,0.25720697045466145,0.30498400000000003
411,0.00011960991897064212,0.23685085727407257,0.26206599999999997
412,0.00010953214707439228,0.22202843547481754,0.253373
413,0.00011960991897064212,0.20765397764964022,0.24942899999999998
414,0.00030345290932041205,0.19852101086901058,0.24167000000000002
415,0.003330347326845556,0.1920422130938409,0.23999499999999999
416,0.024780630318824055,0.18678394652242689,0.216533
417,0.0816709760169388,0.1719631831402766,0.1885
418,0.15186907040188935,0.1558907613410216,0.13635799999999998
419,0.20493525795024228,0.14794318007858348,0.148567
420,0.2305203794942791,0.14441547175588104,0.13667100000000001
421,0.22641119345250216,0.14379299127417464,0.136537
422,0.18204100329817993,0.1457791371128234,0.136977
423,0.09968840343662201,0.14437675409501458,0.122733
424,0.028183252575430598,0.14678707200081645,0.121058
425,0.0054842420293985915,0.1576278894728785,0.132697
426,0.0005826784478195367,0.16444985201816603,0.14143599999999998
427,0.0002772914206604503,0.16513229065673315,0.15747
428,0.00025591432875931425,0.16177182732050824,0.15569000000000002
429,0.00015411865303961887,0.1560148236975047,0.146261
430,0.00013579543141007368,0.15037142164617037,0.14901
431,0.0001378313449244676,0.14686559167219473,0.18476
432,0.0001378313449244676,0.1446930652650916,0.223727
433,0.00013772954924874792,0.14176455579935707,0.236906
434,0.00013772954924874792,0.1386738403837322,0.229917
435,0.00012754998167677835,0.13732433535745264,0.2271
436,0.00011737041410480882,0.136586722457519,0.218367
437,0.00012754998167677835,0.13665242128897281,0.23462200000000002
438,0.00013844211897878577,0.1391986018268102,0.257868
439,0.002103404047396067,0.14465275297239374,0.26292
440,0.024270735779144105,0.1448273332652957,0.269997
441,0.09602039985341425,0.14084974741031792,0.282256
442,0.17884085264057983,0.13010690411797723,0.291761
443,0.23592837656256363,0.12077218451803848,0.28219700000000003
444,0.2562603322610856,0.11485788641118538,0.240398
445,0.2335089987377336,0.11692644282288106,0.210923
446,0.173203815301926,0.12166734704291474,0.181054
447,0.08943024960299685,0.1327563530132163,0.169067
448,0.021699478806140315,0.14479544062866767,0.165476
449,0.002894763630440979,0.15919107516456604,0.167812
450,0.00024156113848283726,0.17532434811450734,0.17761500000000002
451,0.00018353760332261087,0.1877039215185998,0.193905
452,0.00012144224113359662,0.19165356942389142,0.19575
453,0.000202878781709353,0.19234755319691785,0.176781
454,0.00020084286819495908,0.18647210032147782,0.16936700000000002
455,0.00020084286819495908,0.1812610348522733,0.16277400000000003
456,0.0001602263935828006,0.17278142062560595,0.14083600000000002
457,0.00015310069628242192,0.16584502730009695,0.112678
458,5.2322977319923454e-05,0.15882941266520387,0.093804
459,5.2322977319923454e-05,0.1510859442771853,0.07885199999999999
460,3.1963842175984365e-05,0.14753725059958156,0.058936
461,5.2322977319923454e-05,0.1437341812522325,0.039452999999999995
462,7.380186489677919e-05,0.14618321681890087,0.032588
463,0.0017248259293945194,0.14651560187783846,0.032782
464,0.019437477095972964,0.14820476348420675,0.030775
465,0.07612443503399975,0.1440992243710772,0.028011
466,0.15550256525102815,0.13500899372352912,0.024263999999999997
467,0.21283959037420092,0.13019409858651834,0.025431
468,0.22740797670914942,0.1305189569832117,0.032389
469,0.2127968361903986,0.1311997372046742,0.04347
470,0.16126135021784274,0.1348365183446446,0.045958
471,0.09141791196709964,0.1356481859468286,0.049853999999999996
472,0.03716132578688058,0.13463081083839365,0.050857
473,0.015064436662730565,0.1343157115885084,0.05142000000000001
474,0.0026776334541308683,0.13510384242486095,0.06354399999999999
475,0.0005368703937456737,0.13862434301168544,0.065935
476,0.0002518425017305265,0.14058261468592134,0.080192
477,3.8071582719166094e-05,0.13949826504056742,0.102557
478,3.8071582719166094e-05,0.13643478593662295,0.126372
479,4.825115029113563e-05,0.13567657039342756,0.164072
480,3.8071582719166094e-05,0.13729021023626067,0.20075199999999999
481,4.825115029113563e-05,0.13762208501301218,0.24263099999999999
482,4.825115029113563e-05,0.13999240955248252,0.29612799999999995
483,4.825115029113563e-05,0.13950687605245699,0.338567
484,3.8071582719166094e-05,0.14053834770628157,0.357794
485,3.8071582719166094e-05,0.14174076389243254,0.35570100000000004
486,8.041858381855939e-05,0.14714873450017862,0.33825
487,0.0032002524532757847,0.14721213706179517,0.29248
488,0.020980088765829227,0.1461206434658366,0.24766
489,0.08315495337758053,0.14279232790733273,0.243475
490,0.16316452217109817,0.13840868500280656,0.21490299999999998
491,0.22559000773647137,0.13715594223605654,0.22026300000000001
492,0.2531937375300297,0.14047730519977547,0.180934
493,0.24200038682356773,0.14317854773689853,0.21517600000000003
494,0.19280090801742744,0.14427431494616524,0.238223
495,0.11456451809927111,0.14353708475787108,0.23106400000000002
496,0.05032951260230466,0.14520691942644284,0.2052
497,0.02022456126063765,0.13745247997142418,0.193498
498,0.003992833584429333,0.13396049140174515,0.189156
499,0.00042489515045400874,0.13587424095524825,0.18923099999999998
500,0.0002518425017305265,0.13620171454814511,0.186611
501,0.000262022069302496,0.136344147063326,0.208116
502,0.0002518425017305265,0.1355306296882176,0.203189
503,0.002155421637688831,0.13374917079144766,0.23690799999999998
504,0.0019212915835335313,0.1398038602847375,0.3074
505,0.002002626328433568,0.1498949456549472,0.38996899999999995
506,0.002246935950160837,0.16053464816043275,0.4619629999999999
507,0.00239962946374038,0.1680490636321886,0.535279
508,0.0026541186530396185,0.17643925090575088,0.591149
509,0.002816991734191131,0.1858739858141552,0.6346759999999999
510,0.0028497699417728735,0.19293291064958923,0.648058
511,0.0043933995683863355,0.2032542608562535,0.6685260000000001
512,0.018769086689197446,0.21033104556819926,0.68535
513,0.06232175577181482,0.2046089324896668,0.6981700000000001
514,0.12076998249114376,0.19901285911108843,0.711862
515,0.1655452176391547,0.20213157626167272,0.6979529999999999
516,0.18330316788142845,0.21149283053528597,0.6533760000000001
517,0.16721568467771492,0.22571216257590448,0.6293209999999999
518,0.12557901380349362,0.23944398377302653,0.622571
519,0.06228989372531454,0.24947440934836965,0.6318269999999999
520,0.018167881428396922,0.26357433535745267,0.641354
521,0.010523738751577832,0.2813037709853549,0.641302
522,0.0005113196791400302,0.29254445833545956,0.643458
523,0.0052845189136365486,0.2958517885390621,0.637563
524,0.00014994503033511136,0.2932198805939685,0.620305
525,0.0001601245979070809,0.2833859136602541,0.5696490000000001
526,0.0001601245979070809,0.2775370592437619,0.507883
527,0.0002720998411987459,0.27605551870184214,0.45351400000000003
528,0.0002518425017305265,0.2703614711435424,0.40073800000000004
529,0.00023148336658658739,0.26755306934734907,0.384092
530,0.00020094466387067875,0.2697192810123999,0.35082599999999997
531,0.0002111242314426483,0.26762597591468085,0.333811
532,0.0001602263935828006,0.26266010103587284,0.290632
533,0.00014994503033511136,0.25702849926009086,0.26219499999999996
534,0.0002445132130787084,0.257565762616727,0.263425
535,0.0017032452461419438,0.24907428432923404,0.272179
536,0.018551243943157294,0.2400471373169363,0.255996
537,0.061384319394112145,0.23185940450068887,0.23464899999999997
538,0.10752850278920152,0.22303254324641528,0.194404
539,0.1446180626246997,0.22137942031943666,0.171541
540,0.15753125127244594,0.22730169158544675,0.137114
541,0.13805254692780652,0.2336704597642496,0.13392300000000001
542,0.09979712121829065,0.24112708577843545,0.14028000000000002
543,0.05491225212752963,0.2454615502372812,0.134608
544,0.022137403803086445,0.24799656835229886,0.131442
545,0.007760189747139541,0.2516901183854672,0.13333599999999998
546,0.0012799788264994505,0.2533991172118182,0.148207
547,0.0003637159493464718,0.24754707353166303,0.164185
548,0.000373997312594161,0.23990534265448793,0.164655
549,0.0003433568142025327,0.23339943613818442,0.159496
550,0.00032309947473431325,0.2286662499362147,0.128782
551,0.00032309947473431325,0.22088100219421342,0.11245
552,0.00032309947473431325,0.21492052354952293,0.112995
553,0.00032309947473431325,0.20916849517783337,0.10535950000000001
554,0.00032309947473431325,0.205245318160943,0.10119
555,0.0002111242314426483,0.20196209879063123,0.09514033
556,0.00015004682601083106,0.19965753686788792,0.08121667
557,0.0001602263935828006,0.19861267030667956,0.075414
558,0.00017386701412923976,0.19575591927335814,0.080919
559,0.001725029520745959,0.19384044751747717,0.091547
560,0.014178305305590617,0.19115438587538908,0.10215999999999999
561,0.05011177165194022,0.18595231412971372,0.126355
562,0.0990944256687976,0.1828802877991529,0.14386500000000002
563,0.13294332016775928,0.18155144920140837,0.141272
564,0.14766144794169145,0.18396138439557072,0.118724
565,0.1473025163891038,0.18902561616573965,0.10862100000000001
566,0.12244747343132861,0.19498105577384295,0.096192
567,0.07694226149273178,0.20264102923916927,0.10124200000000001
568,0.039046072722830734,0.20546065724345564,0.088779
569,0.018202899140844494,0.20796690820023475,0.088787
570,0.0039154688708823646,0.21112370515895293,0.08746699999999999
571,0.0004452542855979478,0.20973726845945806,0.0887
572,0.00017040596115477013,0.20739934683880187,0.08268199999999999
573,0.00023148336658658739,0.19526107312343727,0.070917
574,0.0002111242314426483,0.1848319895902434,0.052104
575,0.00022130379901461785,0.18072785375312547,0.041863
576,0.00023148336658658739,0.18326427514415472,0.047861
577,0.00023148336658658739,0.18010492677450632,0.046634
578,0.00023148336658658739,0.17731521406337705,0.051753
579,0.00020094466387067875,0.1777655380925652,0.054814
580,0.0001602263935828006,0.17545580956268816,0.050369
581,0.00032309947473431325,0.17410700617441444,0.049614
582,0.0003575064131275703,0.17741816349441242,0.078678
583,0.0009020114825522211,0.1774644078175231,0.126738
584,0.014778187222606778,0.17532881308363527,0.171437
585,0.06018231605521398,0.1755147471551768,0.246241
586,0.11516419642493586,0.17768229831096594,0.336638
587,0.15866474612158477,0.18586263203551562,0.39243900000000004
588,0.18015065760006518,0.19428522222789202,0.41618599999999994
589,0.17415000610774056,0.20390901668622752,0.465534
590,0.14947931511869375,0.2122933357146502,0.491701
591,0.10476108554908586,0.22033857223044345,0.511407
592,0.057036015310069625,0.22898664336378016,0.564765
593,0.026555437924996945,0.24299567535847327,0.615354
594,0.006542815261207704,0.26816017757820076,0.604914
595,0.0011984404902479742,0.2904532581517579,0.537193
596,0.0007301803819373754,0.3018110552635608,0.530948
597,0.0006589234089335885,0.30472559575445224,0.530439
598,0.000648743841361619,0.29894735163545444,0.527416
599,0.0007302821776130951,0.2951685844772159,0.5148119999999999
600,0.0007200008143654058,0.29549152931571154,0.507261
601,0.0007200008143654058,0.29370388324743585,0.49798899999999996
602,0.0006589234089335885,0.2860904730315864,0.47815
603,0.0006792825440775276,0.2790252972393734,0.45214400000000005
604,0.0006996416792214667,0.26993174975761597,0.40865
605,0.0006792825440775276,0.2599047685870286,0.38597099999999995
606,0.0006838633494849139,0.2578388273715364,0.40818699999999997
607,0.0021448348874139826,0.25919605041588,0.364114
608,0.01980872592532269,0.2598350512833597,0.26449
609,0.06845392727716926,0.26038845231412966,0.233183
610,0.1193502382018812,0.2545675996325968,0.255719
611,0.160601408852152,0.25041549726999035,0.329397
612,0.181354595056802,0.24664457570036227,0.375058
613,0.17223665458691315,0.24754075878961068,0.402456
614,0.14312665417973044,0.24542449099351946,0.45570900000000003
615,0.10148876175740056,0.24442006429555546,0.504972
616,0.058632782279408775,0.25001696688268615,0.5707929999999999
617,0.02798923001750886,0.26317306220339853,0.614164
618,0.006965165519768721,0.28677948155329896,0.661673
619,0.0012187996253919134,0.3080652013063225,0.732548
620,0.0006996416792214667,0.3303938740623565,0.7504400000000001
621,0.0006792825440775276,0.3486864698678369,0.754739
622,0.0004350747180259783,0.3595001785987651,0.759838
623,0.0003943564477381001,0.370182298310966,0.7674810000000001
624,0.0003943564477381001,0.38118379088636023,0.776442
625,0.0003841768801661306,0.3787463642394243,0.79296
626,0.000262022069302496,0.3854723937337347,0.81502
627,0.0001907650962987092,0.3894890161759453,0.8299780000000001
628,0.0001907650962987092,0.39758929938255855,0.813519
629,0.00018058552872673967,0.4015325049752513,0.7809809999999999
630,0.00021713017631011034,0.41149755064550697,0.694959
631,0.004641577425790952,0.4156170587334796,0.637855
632,0.028469909198257263,0.4150775628922794,0.579507
633,0.0760424895150454,0.41039240700107166,0.571337
634,0.12860672258642453,0.4065180895034955,0.576728
635,0.16058410358727956,0.41372301882941265,0.571908
636,0.17415550307422942,0.41633323978159914,0.558779
637,0.16792428437639964,0.40983989896412715,0.502277
638,0.14480526487234824,0.4031796320865439,0.462344
639,0.09675872388940919,0.3957331479308057,0.43473199999999995
640,0.04868683578321592,0.3872488773791907,0.43345100000000003
641,0.02059774420782605,0.38504407562382,0.432479
642,0.0038146911519198667,0.3879808133898045,0.444259
643,0.000506331691029765,0.3844738352809104,0.47221499999999994
644,0.00032309947473431325,0.38612274837985405,0.479995
645,0.00029256077201840464,0.38277804000612337,0.47722299999999995
646,0.0003129199071623437,0.3820759555033934,0.45638199999999995
647,0.00020094466387067875,0.3833115400316376,0.42139
648,0.00018058552872673967,0.38747136041230806,0.32140100000000005
649,0.00018058552872673967,0.3914415471755881,0.262941
650,0.0001806873244024594,0.3951657779251927,0.23785799999999999
651,0.00017050775683048985,0.3892672985661071,0.225399
652,0.00012968769086689195,0.3795639638720212,0.22565900000000003
653,0.00015004682601083106,0.3726310787365413,0.290389
654,0.0002782075817419276,0.3703681685972343,0.377427
655,0.002281444684229814,0.3667878374240955,0.42501000000000005
656,0.0205282177613095,0.36498768944226156,0.5016189999999999
657,0.06592684962742783,0.3606986400979742,0.6369739999999999
658,0.12181145404943197,0.3610189059549931,0.709109
659,0.16790402703693144,0.36415784303719956,0.719009
660,0.18890559469033757,0.3693993340817472,0.7154189999999999
661,0.17932998086241297,0.37430946063172926,0.71995
662,0.14375972148703123,0.3808734755319692,0.692948
663,0.09150800114011158,0.38249381282849415,0.6782279999999999
664,0.042218840343662196,0.3805045415114558,0.6783110000000001
665,0.012828494645547455,0.3681913047915497,0.6635759999999999
666,0.0019477584592206523,0.351756072358014,0.6643849999999999
667,0.0008727961236206687,0.33681245853957237,0.6530940000000001
668,0.0004768109450710534,0.3218638694698168,0.60922
669,0.0004279490207255996,0.30585580701127724,0.5247609999999999
670,0.00042693106396840265,0.2916195718732459,0.47179399999999994
671,0.0003434586098782524,0.2833961830892483,0.476742
672,0.0002518425017305265,0.27999585395723836,0.4365
673,0.0001602263935828006,0.27330637342450376,0.40860100000000005
674,0.00015004682601083106,0.26582078889625965,0.380097
675,0.0002111242314426483,0.26225493698015,0.38231299999999996
676,0.00022130379901461785,0.2631878603867939,0.36678
677,0.00018058552872673967,0.2620364724192478,0.391493
678,0.00028777637525957895,0.26089146297902743,0.356094
679,0.003093672380797264,0.2593159029443282,0.38277100000000003
680,0.027833584429333445,0.25650507730775113,0.406447
681,0.08180809479213322,0.24769601214471598,0.461215
682,0.14943788427867583,0.24536383119865288,0.506362
683,0.2018637770267519,0.24804982905546769,0.5706450000000001
684,0.21688383077486872,0.25566559932642746,0.5384760000000001
685,0.20516918441304616,0.26362836148390056,0.513183
686,0.16048576896453437,0.25910534775730976,0.508408
687,0.09537033266826826,0.25005874623666885,0.489856
688,0.030835437110631546,0.24436763280093893,0.5067689999999999
689,0.004964066126470947,0.25386838546716334,0.532213
690,0.00039333849098090314,0.26635939174363427,0.5546770000000001
691,0.00017132212223624742,0.2814855590141348,0.611622
692,0.0002023698033307545,0.28995407460325556,0.604979
693,0.0001708131438576489,0.28998073684747666,0.517303
694,0.0001398672584388615,0.2840403186712252,0.495971
695,0.00013009487356977075,0.2720443817931316,0.487357
696,0.0001398672584388615,0.27011653569423894,0.407628
697,0.00015004682601083106,0.26635154615502366,0.361171
698,0.0001602263935828006,0.26154353982752465,0.33471100000000004
699,0.00015004682601083106,0.25529245547787927,0.34224
700,0.0001398672584388615,0.2549447619533602,0.3584
701,0.00017040596115477013,0.2585152064091442,0.36504899999999996
702,0.0003396921698766236,0.26545842475889164,0.364241
703,0.002989230017508856,0.26937490432209005,0.391263
704,0.025504092186163934,0.26846207327652194,0.428593
705,0.08238700679995113,0.2614199877532275,0.469117
706,0.1333957001506576,0.25443926366280556,0.49349399999999993
707,0.17108829756911928,0.2629113512272287,0.482756
708,0.19009609511787942,0.2744882507526662,0.48748899999999995
709,0.1660078789853007,0.2868532811144563,0.47737799999999997
710,0.12390304979844458,0.2928438026228505,0.47002200000000005
711,0.07455047029602183,0.29805614379752005,0.460971
712,0.02563978582189829,0.29990457723120884,0.46052600000000005
713,0.0051271427989738995,0.3038723401541052,0.478023
714,0.0004391465450547661,0.3065092233505128,0.50431
715,0.0002477706747017387,0.3088466984742563,0.49333099999999996
716,0.00023148336658658739,0.30540146450987404,0.456321
717,0.00024166293415855692,0.2928146527529724,0.401562
718,0.00017040596115477013,0.28221475225799864,0.385963
719,0.00020094466387067875,0.27845040057151604,0.37903400000000004
720,0.00022130379901461785,0.274008011430321,0.36316
721,0.00017040596115477013,0.2716586722457519,0.35128899999999996
722,0.00018058552872673967,0.2702042404449661,0.329371
723,0.0002111242314426483,0.26897682043169874,0.315258
724,0.0002111242314426483,0.2670865438587538,0.32558000000000004
725,0.00022130379901461785,0.264552929019748,0.343491
726,0.0003520094466387068,0.2647312088584988,0.35152100000000003
727,0.0035361781831507798,0.2648284814002143,0.350556
728,0.035415122765584915,0.26429759657090374,0.35008
729,0.1033160959322448,0.25637061795172733,0.4220620000000001
730,0.16596481941447128,0.25233135173751087,0.458133
731,0.20483610896209128,0.2521758432413125,0.450197
732,0.21514119060222325,0.2536654845129357,0.459341
733,0.19721782238690502,0.2507221130785324,0.46787
734,0.15387922961032616,0.25019566132571314,0.42865299999999995
735,0.08992579095240032,0.2464755447262336,0.414033
736,0.028000732928865183,0.25109608613563306,0.38021099999999997
737,0.004404393501364063,0.2672382890238302,0.367225
738,0.0003789853007044261,0.29224422105424297,0.340047
739,0.0002518425017305265,0.31654188141041995,0.366923
740,0.00026192027362677636,0.33207959126396897,0.4194530000000001
741,0.0002517407060548068,0.3417096366790835,0.44744400000000006
742,0.0002518425017305265,0.34292889217737416,0.464088
743,0.00026181847795105664,0.3450460529672909,0.526483
744,0.0002719980455230262,0.35029468796244323,0.542795
745,0.0002719980455230262,0.35206759963259676,0.562159
746,0.0002719980455230262,0.354629662703475,0.649658
747,0.0002516389103790871,0.3555990075011481,0.664004
748,0.0002719980455230262,0.34764625963157625,0.6772600000000001
749,0.000231279775235148,0.3442185028320662,0.685329
750,0.0003227940877071542,0.34172966525488585,0.6552180000000001
751,0.0057819943808787005,0.3332543884268,0.6598139999999999
752,0.026674437069913272,0.32662754503240293,0.6779850000000001
753,0.058875768557351674,0.31279137112823396,0.685359
754,0.09822234211490698,0.3052427667500128,0.691429
755,0.12355511217883464,0.3027421288972802,0.654855
756,0.1324514434626817,0.2988357911925295,0.6001099999999999
757,0.13428030457266174,0.29226852324335356,0.569937
758,0.11479060629504459,0.28591570138286476,0.560524
759,0.07408780894987581,0.2833930576108588,0.5205
760,0.03247027566268985,0.28411925294687956,0.46683099999999994
761,0.009764343010708904,0.28250274276674997,0.438029
762,0.0008862331528156684,0.2761987166403021,0.41483600000000004
763,0.0001909686876501486,0.2787173419400929,0.354171
764,0.00017030416547905047,0.2754359723427055,0.309552
765,0.00019086689197442893,0.27132290656733177,0.288019
766,0.00018048373305102,0.2678196280042864,0.23886100000000002
767,0.00018048373305102,0.26624279226412206,0.198075
768,0.00020084286819495908,0.2684758508955452,0.178317
769,0.00020125005089783785,0.26877870337296533,0.193575
770,0.00020125005089783785,0.26968177527172527,0.20749300000000004
771,0.0002315851622623071,0.2668971653824565,0.22725599999999999
772,0.000211226027118368,0.26920217380211253,0.22116800000000003
773,0.00020104645954639847,0.27090651630351587,0.219608
774,0.0003437639969054115,0.275310570495484,0.200902
775,0.004469339142473228,0.2790013139766291,0.184301
776,0.022156643185797468,0.27284641781905394,0.202675
777,0.05885164298220611,0.26314072306985764,0.220883
778,0.09691335152082739,0.2558726463234169,0.23763600000000001
779,0.1295291949997964,0.25692574118487527,0.23379299999999997
780,0.14247587442485443,0.2605734296065724,0.229502
781,0.14460971537929065,0.2635025769250396,0.235517
782,0.12206431450791971,0.26861037403684235,0.26501399999999997
783,0.08177938841158026,0.27325190080114303,0.288897
784,0.04661407223421148,0.27567076593356127,0.296201
785,0.0245524044138605,0.2729498137470021,0.30140400000000006
786,0.0067935380105053145,0.2677786140735827,0.29411
787,0.0013617207541023655,0.26437656273919485,0.30159
788,0.0009239993485076753,0.26892968311476245,0.287346
789,0.0009138197809357058,0.2710116982191152,0.309664
790,0.0008731015106478277,0.26582174567535843,0.370177
791,0.0005880736186326805,0.2656499081492065,0.43860699999999997
792,0.0004150209699091983,0.2621014058274226,0.49546
793,0.0004353801050531374,0.2618916798489565,0.556629
794,0.0004150209699091983,0.2641832933612288,0.525991
795,0.000353943564477381,0.26974862223809765,0.53949
796,0.00029286615904556374,0.2725212404959943,0.561818
797,0.0002521478887576856,0.27275220697045466,0.515257
798,0.00033541675149639636,0.2738615604429249,0.4482299999999999
799,0.0036818477951056634,0.270649015155381,0.390992
800,0.022893440286656623,0.2665282313619432,0.313488
801,0.07344832851500467,0.25481821197122007,0.28942599999999996
802,0.13205413494034773,0.23940992243710774,0.298154
803,0.1830237387515778,0.23219261876817882,0.30259899999999995
804,0.1990810904352783,0.23304045262029904,0.30691199999999996
805,0.18404780324931796,0.2390960988926877,0.31150700000000003
806,0.1608508082576652,0.2393136704597643,0.311447
807,0.12530945885418787,0.23125433739858145,0.28706200000000004
808,0.0717603526202207,0.2249456549471858,0.256631
809,0.034323364143491186,0.22681118283410728,0.211049
810,0.009968545136202616,0.22309231004745628,0.20920699999999998
811,0.0025425505924508325,0.22192121243047405,0.24972799999999998
812,0.0016365690785455432,0.22548476807674644,0.322238
813,0.0009138197809357058,0.2284443409705567,0.372368
814,0.0006898692943523759,0.22787550390365874,0.43647700000000006
815,0.0006186123213485892,0.22806309639230493,0.5119600000000001
816,0.0003437639969054115,0.228014300658264,0.599406
817,0.0002521478887576856,0.23692433790886358,0.663911
818,0.00033358442933344195,0.24637272286574483,0.71007
819,0.00038448226719328964,0.2490319946930653,0.702148
820,0.00040473960666150905,0.25466653059141703,0.6956859999999999
821,0.0003947636304409789,0.2609292876460683,0.70625
822,0.0004362962661346146,0.2710986375465632,0.720453
823,0.0037737692902805485,0.2775225162014594,0.66358
824,0.03579522781872226,0.2751944812981579,0.6620779999999999
825,0.11815149232460606,0.26802973669439195,0.701155
826,0.1942158679099312,0.2631365132418227,0.718834
827,0.25327435970519974,0.25529838750829204,0.734281
828,0.28321562360030944,0.2558498111955912,0.744614
829,0.2686146626491307,0.2586795810583253,0.7654850000000001
830,0.2224994910216214,0.25928681685972343,0.780259
831,0.15309998371269187,0.26483173444915037,0.77212
832,0.07271204039252414,0.2734922437107721,0.746624
833,0.029732582759884364,0.2942968949328979,0.7213780000000001
834,0.008154444399201922,0.3129142853497984,0.672875
835,0.0025740054562482183,0.3273617135275808,0.634848
836,0.001544749379046378,0.33185551359902027,0.616133
837,0.0011885663097031638,0.3349941317548604,0.56474
838,0.0008017427419683212,0.3269811705873348,0.53547
839,0.0005879718229569609,0.3209240572536613,0.562192
840,0.0004352783093774177,0.31631448691126196,0.542158
841,0.0004250987418054482,0.3079582334030719,0.49371100000000007
842,0.0004250987418054482,0.2979939531560954,0.49245200000000006
843,0.0003945600390895395,0.2803998060927693,0.488638
844,0.0002723034325501853,0.26377615196203497,0.506541
845,0.00024176472983427664,0.2577361968668674,0.543718
846,0.00033541675149639647,0.2581001556360667,0.561404
847,0.003840649049228389,0.2556655355411543,0.55964
848,0.0358274970479254,0.24966174669592286,0.547643
849,0.11587992182092102,0.23625293412256984,0.535008
850,0.18577761716682276,0.2287079655049242,0.528984
851,0.23820330632354741,0.21915765168137974,0.5134190000000001
852,0.2616217069098905,0.21785056386181556,0.502564
853,0.24958782930901097,0.2168285324284329,0.487216
854,0.21313296551162506,0.21267209266724496,0.4482
855,0.15189920192190237,0.20786159871408885,0.413451
856,0.08087340689767498,0.2009148721743124,0.394093
857,0.03532371024878863,0.208416020309231,0.362533
858,0.009862372246426972,0.2100931902842272,0.355547
859,0.00011044830815586954,0.18676959483594427,0.42953800000000003
860,0.0015142106763304695,0.21591582895341122,0.524062
861,0.0014734924060425913,0.21900227075572792,0.537935
862,0.0011986440815994137,0.2167524365974384,0.5610980000000001
863,0.00105613013559184,0.21324660662346276,0.59633
864,0.0010459505680198704,0.21381997244476192,0.658787
865,0.000811820513864571,0.21122359289687198,0.6989860000000001
866,0.0006285882975691192,0.20887202122773893,0.731729
867,0.0006184087299971497,0.20889000867479715,0.729784
868,0.0006184087299971497,0.21278837322039082,0.7235429999999999
869,0.0006184087299971497,0.21410866459151914,0.7037019999999999
870,0.0006660491062339671,0.2241774251160892,0.679958
871,0.003231300134370292,0.23323168086952084,0.666367
872,0.04079563500142514,0.24022146246874526,0.6790579999999999
873,0.12939360315973777,0.23571688268612548,0.715163
874,0.20390243902439023,0.23258783232127367,0.711547
875,0.2651888309784601,0.22698168086952084,0.696819
876,0.2894395130094874,0.22193894473643924,0.661741
877,0.27820900688138767,0.21738665356942385,0.635122
878,0.23780477625310475,0.2089495841200184,0.603978
879,0.17111211775723767,0.21227184007756286,0.5281640000000001
880,0.08613206970967874,0.22350972087564422,0.466923
881,0.03127407467730771,0.22963993213246925,0.41411000000000003
882,0.00712213445172849,0.23731546920447008,0.389482
883,0.002203163809601368,0.2478947670561821,0.31899099999999997
884,0.001605623193126756,0.2503978287492984,0.296648
885,0.0007303839732888147,0.25227777210797575,0.297245
886,0.0006591270002850279,0.25678943205592697,0.302111
887,0.0006591270002850279,0.2575285120171455,0.299449
888,0.0006590252046093083,0.2566951574220544,0.29377700000000007
889,0.0006589234089335885,0.26318945501862534,0.279537
890,0.0006589234089335885,0.2714605551870184,0.296168
891,0.0005673073007858627,0.2850731617084248,0.356055
892,0.0004960503277820758,0.30150966984742567,0.48341300000000004
893,0.0004960503277820758,0.3125804332295759,0.606799
894,0.0005510199926707114,0.32590913149971934,0.60641
895,0.005282075817419276,0.331790197479206,0.6165849999999999
896,0.04349729223502585,0.3320961754350156,0.6065659999999999
897,0.11630634390651085,0.32361943154564476,0.632551
898,0.17788193737530034,0.30901069041179774,0.6608719999999999
899,0.22642585202980578,0.30731247129662703,0.674859
900,0.2463799421800562,0.3110372761136908,0.694125
901,0.23314273789649415,0.31547641220594985,0.707354
902,0.1960299686469319,0.3242023651579323,0.708231
903,0.1478044708660776,0.33077078124202686,0.698492
904,0.08306761268781303,0.33522197275093135,0.7457020000000001
905,0.03638767865141088,0.3412205312037557,0.7759809999999999
906,0.011315912700028501,0.3488387891003725,0.7473810000000001
907,0.0035051305020562724,0.3577967290911874,0.7139150000000001
908,0.0014529296795472127,0.3636212175332959,0.711124
909,0.0005469481656419236,0.3614998469153442,0.735324
910,0.00020084286819495908,0.3528111445629433,0.737811
911,0.00020084286819495908,0.347743595958565,0.763938
912,0.00020104645954639847,0.3465042480991989,0.677898
913,0.00020114825522211813,0.34709024340460276,0.672917
914,0.0002519442974062462,0.34316330305659026,0.64372
915,0.00026212386497821575,0.33851099658110934,0.660383
916,0.0002519442974062462,0.3366782543246415,0.707267
917,0.0002519442974062462,0.3411443078022146,0.772064
918,0.00034671607150128266,0.35010811603816905,0.8025329999999999
919,0.005552546927806507,0.3545216104505792,0.794626
920,0.04647797141577426,0.3525512833596979,0.792327
921,0.13919164053910987,0.347881563504618,0.78154
922,0.22668146097153796,0.3497430091340511,0.694983
923,0.2866223176839448,0.35550836862785123,0.701681
924,0.3009403884522986,0.3719955860590907,0.706399
925,0.2862416018567531,0.3842958105832526,0.704451
926,0.24473298994258724,0.38947128386998014,0.708745
927,0.16814518099271142,0.39267419758126243,0.775616
928,0.08481992344965186,0.39696171607899167,0.801918
929,0.03486807280426728,0.41219784916058577,0.813941
930,0.009981574982694736,0.42900463081083834,0.795671
931,0.0038259904719247528,0.4405461295096188,0.7917850000000001
932,0.002481269595667576,0.45193754146042764,0.789432
933,0.0012495419194592614,0.45576038424248616,0.790133
934,0.0006489474327130584,0.44594778537531254,0.7780969999999999
935,0.00046571521641760656,0.44690507475634017,0.722775
936,0.0001806873244024594,0.44823359442771854,0.690489
937,8.90712162547335e-05,0.44878259427463396,0.702513
938,7.889164868276396e-05,0.45002825687605247,0.660067
939,7.889164868276396e-05,0.44776247639944894,0.655848
940,7.889164868276396e-05,0.4415305914170536,0.70499
941,7.889164868276396e-05,0.4452735750369954,0.707205
942,0.0002675190357913596,0.4535237536357606,0.7073510000000001
943,0.007260678366382996,0.45343611267030665,0.708515
944,0.05157477910338369,0.4569410496504567,0.70689
945,0.14129290687731585,0.45246536459662196,0.6768489999999999
946,0.23264801091249648,0.45562713680665407,0.600741
947,0.29111690215399655,0.4570968132877481,0.5504359999999999
948,0.3021703856020196,0.46370005613104054,0.5444829999999999
949,0.28696292601490286,0.46760180129611667,0.546219
950,0.2406491510240645,0.46813593917436347,0.565169
951,0.15770705240441385,0.4654695233964383,0.6172639999999999
952,0.07539517081314386,0.4596176710721029,0.6401279999999999
953,0.027091595749012577,0.45539955095167617,0.65096
954,0.006035974591799341,0.4575153722508547,0.658574
955,0.001636365487194104,0.46174344287390934,0.661359
956,0.0012291827843153222,0.4640552125325305,0.677272
957,0.0005267926218494238,0.46196069551461955,0.6790400000000001
958,6.871208111079441e-05,0.44967163341327754,0.6826220000000001
959,6.871208111079441e-05,0.43731840332703986,0.6675770000000001
960,7.889164868276396e-05,0.4286071847731796,0.658216
961,7.889164868276396e-05,0.42182955299280495,0.707743
962,7.889164868276396e-05,0.42116420880747046,0.676565
963,7.889164868276396e-05,0.4241647956319845,0.685308
964,6.871208111079441e-05,0.4248411746695923,0.678176
965,6.871208111079441e-05,0.42850206664285345,0.691458
966,0.00042102691477666025,0.44170931775271716,0.637194
967,0.00971588826906633,0.44880600346991895,0.5037560000000001
968,0.044537949427908306,0.4548252283512782,0.405409
969,0.09203744044952968,0.45182374853293866,0.326795
970,0.13528390813958222,0.4566334132775424,0.26806599999999997
971,0.1716875687120811,0.4626009083022913,0.218036
972,0.18572651573761143,0.4721712507016379,0.20186500000000002
973,0.17486481534264425,0.47770360259223354,0.22371600000000003
974,0.14335019748361089,0.48786574475685063,0.291957
975,0.08838684392686999,0.4899119125376333,0.35492199999999996
976,0.03923266419642493,0.4975377608817676,0.40333300000000005
977,0.012399934850767541,0.4943972291677297,0.431044
978,0.0030930616067429456,0.4893914884931367,0.544596
979,0.0003028421352660939,0.4822031433382662,0.641457
980,9.925078382670305e-05,0.47621689544318013,0.6981280000000001
981,8.90712162547335e-05,0.4782794560391897,0.73751
982,7.889164868276396e-05,0.4710047456243303,0.7323740000000001
983,8.917301193045319e-05,0.47558076491299683,0.70935
984,6.871208111079441e-05,0.46645947083737305,0.700453
985,6.881387678651411e-05,0.46152497831300715,0.6234029999999999
986,7.899344435848365e-05,0.45239711435423796,0.60883
987,6.89156724622338e-05,0.44267062560596004,0.5885819999999999
988,6.89156724622338e-05,0.43609570342399334,0.618365
989,7.909524003420336e-05,0.42937267183752614,0.614224
990,0.00038957205097927443,0.42660081900290864,0.612456
991,0.007203774583655686,0.4213510358728377,0.6026630000000001
992,0.04153568956390733,0.41012438128284945,0.594602
993,0.11189777678244228,0.4029736694391999,0.600025
994,0.17293782320127044,0.4057828366586722,0.570534
995,0.21929801702023696,0.4161684824207787,0.498906
996,0.24327303636141534,0.4141006276470888,0.46095
997,0.24793802679262186,0.4155236133081594,0.45648600000000006
998,0.2225483529459668,0.41596015971832423,0.44772399999999996
999,0.16368032085996984,0.4064860055110476,0.48180100000000003
1000,0.0920461948776416,0.3890570623054549,0.510497
1001,0.036631682886110996,0.392189429504516,0.515807
1002,0.012096278350095687,0.39459674950247486,0.536516
1003,0.003062522904027037,0.39776879114150127,0.52291
1004,0.0012902601897471395,0.390710823085166,0.550223
1005,0.00012978948654261167,0.38382086543858757,0.537101
1006,8.90712162547335e-05,0.3708704776241261,0.60880667
1007,9.925078382670305e-05,0.36985884319028417,0.65208833
1008,0.00010943035139867258,0.3696574730826147,0.6288819999999999
1009,0.00011960991897064212,0.3675741184875236,0.6209640000000001
1010,0.00012978948654261167,0.35925371230290354,0.606564
1011,0.0001399690541145812,0.35003999336633157,0.608089
1012,0.00015014862168655075,0.3421285145685565,0.594885
1013,0.0001603281892585203,0.32388318365055874,0.5322389999999999
1014,0.0002995846736430636,0.31465804715007395,0.417246
1015,0.006611527342318498,0.3100369954584885,0.304508
1016,0.05255924508326886,0.29254496861764556,0.24136799999999997
1017,0.1409608493831182,0.27766354544062866,0.182651
1018,0.2309557595993322,0.2643869597387355,0.166329
1019,0.2880889897797142,0.25472833852120225,0.19073099999999998
1020,0.30899212101469925,0.24649806092769302,0.220098
1021,0.2966351439390854,0.23316572689697404,0.26742999999999995
1022,0.261906938393257,0.22638356636219825,0.37745199999999995
1023,0.19837808949875815,0.221325457978262,0.408578
1024,0.10704599128629017,0.21070623054549165,0.502925
1025,0.038613339305346314,0.21282026585701888,0.566084
1026,0.01105653731829472,0.23120241618615092,0.641862
1027,0.003194857282462641,0.26138114252181455,0.666478
1028,0.0021555234333645507,0.2820533755166607,0.660202
1029,0.0017585202980577386,0.291678892177374,0.719313
1030,0.0008728979192963883,0.29009197836403533,0.747817
1031,0.00031302170283806343,0.298526113690871,0.732545
1032,8.90712162547335e-05,0.29977273307138846,0.739426
1033,6.871208111079441e-05,0.29941846966372404,0.745534
1034,6.871208111079441e-05,0.3066836760728682,0.693427
1035,6.871208111079441e-05,0.30721768638056846,0.659695
1036,6.871208111079441e-05,0.30659826759197834,0.622915
1037,6.871208111079441e-05,0.30908691381333875,0.583114
1038,0.0001270410032981799,0.31422653977649645,0.5468310000000001
1039,0.006696832118571603,0.3133994999234577,0.523053
1040,0.06492243169510159,0.30807043169872933,0.5708230000000001
1041,0.17484272568101308,0.30142917283257636,0.6082390000000001
1042,0.27274950120118896,0.2940279124355769,0.628788
1043,0.33699682397491754,0.2853848165535541,0.6132270000000001
1044,0.3612966733173175,0.2825918507934888,0.6306109999999999
1045,0.3436395007940063,0.2770792085523294,0.669557
1046,0.29676483162995243,0.26800894269531056,0.676585
1047,0.2214543548190073,0.26717105934581825,0.675629
1048,0.12089061036687163,0.26111783691381335,0.6568480000000001
1049,0.044964269717822386,0.25951523192325354,0.635095
1050,0.013664542530233316,0.2690591672194724,0.59484
1051,0.004055030742294068,0.27448302036025923,0.621392
1052,0.00247312594161,0.2733494284839516,0.671624
1053,0.0013533735086933506,0.2690374802265653,0.6737679999999999
1054,0.0006713424813713913,0.2667308771750778,0.669748
1055,0.0004372124272160919,0.2588409577996632,0.633427
1056,0.00042703285964412237,0.2526777695565648,0.584549
1057,0.0001603281892585203,0.24766775526866358,0.513177
1058,0.00010943035139867258,0.24056411695667704,0.480624
1059,0.00010943035139867258,0.2367803107618513,0.463214
1060,0.00010943035139867258,0.23532728223707708,0.424896
1061,0.00010943035139867258,0.23617492473337753,0.40230099999999996
1062,0.0004367034488374933,0.23715115834056233,0.33663200000000004
1063,0.011858280060263038,0.23460178853906205,0.318324
1064,0.07810354656134208,0.23420268408429856,0.353477
1065,0.19850024430962177,0.2340362683063734,0.35669300000000004
1066,0.31379840384380475,0.22148492116140223,0.37278449999999996
1067,0.40416486827639564,0.21214159054957396,0.376581
1068,0.44227411539557804,0.21329380772567225,0.361673
1069,0.4349004438291461,0.20885709547379702,0.34483600000000003
1070,0.37293792499694606,0.20678152268204317,0.319385
1071,0.2743893277413575,0.20336224932387612,0.31550500000000004
1072,0.1429073862942302,0.1992561999285605,0.284141
1073,0.04718372083553891,0.200242575394193,0.25101
1074,0.014396453438657926,0.21400718222176865,0.22615299999999997
1075,0.005240950364428519,0.23511379292748893,0.207287
1076,0.0035195854880084696,0.24977145736592335,0.21217399999999997
1077,0.0022573191090842462,0.2623847400112262,0.218692
1078,0.0013004397573191091,0.26604435627902234,0.24280900000000002
1079,0.0008627183517244187,0.26219178955962646,0.258804
1080,0.0004453560812736675,0.25699182272796856,0.26022199999999995
1081,0.00017050775683048985,0.2536653569423891,0.254986
1082,7.889164868276396e-05,0.24292991274174616,0.253762
1083,6.871208111079441e-05,0.2334139791804868,0.226492
1084,7.889164868276396e-05,0.22613174210338322,0.21277
1085,6.871208111079441e-05,0.21859481043016787,0.194657
1086,0.0002342318498310192,0.2182497958871256,0.180329
1087,0.009215053544525429,0.21645111496657646,0.17227
1088,0.09280935705851215,0.21328175230902688,0.17820500000000003
1089,0.23312207337432306,0.20462047762412613,0.196356
1090,0.35416364672828693,0.18435334489972957,0.21049299999999999
1091,0.43275072274929766,0.16496338725315102,0.227456
1092,0.4655426727472618,0.15603606419349902,0.25314000000000003
1093,0.4462564640254081,0.1517753355105373,0.27219499999999996
1094,0.3830097927440043,0.14649506301984996,0.294069
1095,0.2771460564355226,0.1420602643261724,0.315491
1096,0.1410713994869498,0.14478427820584783,0.335654
1097,0.03905095891526528,0.1634010307700158,0.351315
1098,0.00807188810619325,0.1928159922437108,0.37504299999999996
1099,0.002916853292072153,0.2189074220543961,0.43871099999999996
1100,0.0014775642330713793,0.2395399168240037,0.5380480000000001
1101,0.0005410440164501811,0.2483372454967597,0.632518
1102,0.00033643470825359334,0.2510921952339644,0.66829
1103,6.871208111079441e-05,0.25348025207939995,0.6891240000000001
1104,6.871208111079441e-05,0.25355245700872586,0.6957210000000001
1105,6.871208111079441e-05,0.2567208628871766,0.684037
1106,6.871208111079441e-05,0.2606446139715263,0.6695909999999999
1107,6.871208111079441e-05,0.2656973006072358,0.629539
1108,6.871208111079441e-05,0.26962979027402156,0.579428
1109,5.853251353882487e-05,0.2756560315354391,0.559037
1110,0.0004037216499043121,0.28269275909577996,0.585812
1111,0.01570890508571196,0.29058070112772366,0.633
1112,0.10576926992141374,0.2884751492575395,0.6759360000000001
1113,0.252111445905778,0.2705155125784559,0.674405
1114,0.37485025856101634,0.23339886207072513,0.6707179999999999
1115,0.4480992711429619,0.20637119201918663,0.663666
1116,0.4741245571888106,0.1998899704036332,0.67402
1117,0.45552994828779675,0.20023530387304184,0.6540819999999999
1118,0.3906163728164827,0.19877391947747103,0.603623
1119,0.28162038356610614,0.19800275552380464,0.568337
1120,0.14286900932448388,0.19976724753788846,0.535465
1121,0.04246365894376806,0.2130138541613512,0.512545
1122,0.009967119996742537,0.23261710976169822,0.49293099999999995
1123,0.0012860865670426321,0.25250440118385464,0.5057269999999999
1124,0.0003944582434138198,0.2613437005664132,0.5023110000000001
1125,0.00015004682601083106,0.26585338317089346,0.465447
1126,0.00015004682601083106,0.2628202658570189,0.47075600000000006
1127,0.00014047803249317968,0.2567370643465837,0.435084
1128,0.0001399690541145812,0.2486362708577844,0.378914
1129,0.0001399690541145812,0.23546218809001376,0.33111199999999996
1130,0.00011960991897064212,0.2281122748379854,0.34121799999999997
1131,0.00010943035139867258,0.21965160483747512,0.35717000000000004
1132,0.00011960991897064212,0.20973337755778942,0.346159
1133,0.00011960991897064212,0.20332410573046894,0.31363800000000003
1134,0.000770389673846655,0.2023751722202378,0.296856
1135,0.020019544769738183,0.2044837857835383,0.30135700000000004
1136,0.11236736023453724,0.2041462979027402,0.29649000000000003
1137,0.25085111364469237,0.19079986732663165,0.279124
1138,0.3697629178712488,0.1637597591468082,0.313556
1139,0.44709699091982574,0.14077607541970708,0.353976
1140,0.47421953255425703,0.130324284329234,0.358709
1141,0.4528764404088114,0.12874668316579066,0.369186
1142,0.3889985341422696,0.12547207480736847,0.372294
1143,0.28132232582759886,0.121915216614788,0.389077
1144,0.14416914369477582,0.12549478236464764,0.4165
1145,0.04186784885378069,0.14003699545848852,0.442011
1146,0.009638116372816483,0.16764102923916926,0.4850129999999999
1147,0.0031225823527016574,0.196766533142828,0.572879
1148,0.0016261859196221343,0.21379439455018623,0.636846
1149,0.0003333808379820025,0.22195654947185797,0.6460309999999999
1150,0.00031302170283806343,0.22630370720008164,0.6651590000000001
1151,0.0002723034325501853,0.22850614890034188,0.646364
1152,0.00012978948654261167,0.22619980098994744,0.61312
1153,0.00012978948654261167,0.21929663979180486,0.562074
1154,0.00012978948654261167,0.2118727356227994,0.509251
1155,0.00012968769086689195,0.20195036230035213,0.438381
1156,0.00012978948654261167,0.1942001326733684,0.385696
1157,0.00012978948654261167,0.18866216767872632,0.335225
1158,0.0011057046296673318,0.18597878501811502,0.366325
1159,0.021593407712040394,0.18282721845180386,0.375914
1160,0.11554033144672016,0.17679619329489207,0.38318700000000006
1161,0.24982318091127487,0.16116803592386594,0.4129
1162,0.3603976139093611,0.13535050007654234,0.44693999999999995
1163,0.4290224561260638,0.1221635964688473,0.457425
1164,0.45206115884197234,0.12086805378374241,0.39943300000000004
1165,0.43114377621238653,0.12409010307700158,0.334618
1166,0.36931756178997516,0.1242948538041537,0.317317
1167,0.262359827354534,0.12441547175588101,0.306636
1168,0.12147145649252819,0.12561087156197376,0.283494
1169,0.023573435400464186,0.13760007909373884,0.28903399999999996
1170,0.0028886558898977973,0.1593328060417411,0.315288
1171,0.00023463903253389797,0.1853951497678216,0.379484
1172,0.0001399690541145812,0.20509331785477372,0.421516
1173,0.00012978948654261167,0.2178211588508445,0.45976399999999995
1174,0.00012978948654261167,0.22556737000561308,0.483022
1175,0.00012978948654261167,0.22723133642904525,0.532355
1176,0.00012978948654261167,0.22618111190488344,0.565256
1177,0.00012978948654261167,0.23029035056386182,0.610849
1178,0.00012978948654261167,0.2296686355054345,0.635542
1179,0.00012978948654261167,0.22694793845996838,0.670635
1180,0.00012978948654261167,0.22420510792468232,0.7076439999999999
1181,0.00012978948654261167,0.23357580241873757,0.730633
1182,0.0010677348426238853,0.239989794356279,0.734012
1183,0.020115029113563256,0.23899200132673368,0.7366769999999999
1184,0.0904191945926137,0.2358693932744808,0.729461
1185,0.18196659065922874,0.22327773383681174,0.7550570000000001
1186,0.25626562563622296,0.21814831351737504,0.750822
1187,0.2988755649660002,0.22580477879267238,0.749112
1188,0.3092342929272365,0.23780285247741995,0.757659
1189,0.29468728368418906,0.2463053018319131,0.750661
1190,0.25789914084449694,0.2544208297188345,0.7457799999999999
1191,0.1845320452787165,0.25796505842731027,0.758494
1192,0.09484272568101307,0.2573777874164413,0.7570819999999999
1193,0.025425200537481162,0.2592225213042813,0.73682
1194,0.0040132945152489925,0.26658812573353063,0.716723
1195,0.00025296225416344313,0.2692922386079502,0.707676
1196,0.00017050775683048985,0.2706607516456601,0.694048
1197,0.0001603281892585203,0.2667966397918048,0.681654
1198,0.0001603281892585203,0.2613009644333316,0.6557649999999999
1199,0.0001603281892585203,0.2567271776292289,0.626462
1200,0.00016083716763711878,0.2550591289483084,0.612286
1201,0.00016083716763711878,0.25601743889370815,0.5796720000000001
1202,0.00016093896331283847,0.2544879956115732,0.5365439999999999
1203,0.00016093896331283847,0.2504102668775833,0.504551
1204,0.00016104075898855816,0.23777357503699548,0.49276099999999995
1205,0.00016104075898855816,0.2289640633770475,0.494666
1206,0.0011335966448145283,0.22304593815379906,0.50085
1207,0.018123600309458855,0.21698723018829413,0.508066
1208,0.07913443136935543,0.2071308746236669,0.519915
1209,0.17674243658129404,0.1915348012450885,0.5284610000000001
1210,0.272350360356692,0.17584081747206204,0.563116
1211,0.3376071908465329,0.17249968107363373,0.5668479999999999
1212,0.3640352823812044,0.17798782976986274,0.577086
1213,0.3538554094222078,0.17940118385467166,0.587843
1214,0.30646738466549944,0.1768390569985202,0.6074430000000001
1215,0.22415031149476772,0.16951701791090473,0.645753
1216,0.12170670629911641,0.15621204776241263,0.6765009999999999
1217,0.04097174152042021,0.14448984538449763,0.7020719999999999
1218,0.008526507593957408,0.1455178088482931,0.712551
1219,0.0007106356121991938,0.15477094708373731,0.727996
1220,0.00018139989413249727,0.1636554064397612,0.737363
1221,0.0001712203265605277,0.1727525258968209,0.7433230000000001
1222,0.0001712203265605277,0.18135728682961677,0.716279
1223,0.000171118530884808,0.18692574118487523,0.734005
1224,0.00017040596115477013,0.19381678318109916,0.7499359999999999
1225,0.00017030416547905047,0.20050128846251977,0.748312
1226,0.00017030416547905047,0.20450113537786396,0.743761
1227,0.00017030416547905047,0.20457633821503293,0.7435649999999999
1228,0.00017030416547905047,0.20320425320202068,0.72556
1229,0.00017030416547905047,0.2053822651426239,0.692717
1230,0.0009935257950242275,0.21031886258100732,0.677951
1231,0.01794169143694776,0.20912512119201915,0.657293
1232,0.08466193656093489,0.20705394958412002,0.654799
1233,0.18275723767254362,0.19770698321171606,0.709497
1234,0.27013640620546436,0.19058344389447363,0.697731
1235,0.3314776660287471,0.19307814971679338,0.670133
1236,0.3501454660206034,0.20777338368117573,0.682925
1237,0.3290030131520013,0.22386034852273307,0.6352140000000001
1238,0.27796225416344317,0.2304140302087054,0.560931
1239,0.20497577262917868,0.21929625708016534,0.47831100000000004
1240,0.1150631133189462,0.20983989896412716,0.394241
1241,0.04364469237346798,0.1996775654436904,0.363756
1242,0.010968178671770024,0.19602534826759196,0.343882
1243,0.0018163402418665256,0.20414189671888555,0.327158
1244,0.0005937741764729835,0.20837526151962038,0.262425
1245,0.0003026385439146545,0.21291989845384496,0.21394899999999997
1246,0.0003026385439146545,0.21667391692606014,0.21925699999999998
1247,0.00024156113848283726,0.22033563810787363,0.217423
1248,0.00022140559469033757,0.2213278818186457,0.214148
1249,0.00022140559469033757,0.21893663570954744,0.217192
1250,0.00022140559469033757,0.2148096009593305,0.21795
1251,0.00022140559469033757,0.21622091391539522,0.18913899999999997
1252,0.00022140559469033757,0.21633540848088992,0.190162
1253,0.00022140559469033757,0.21816062407511347,0.18574200000000002
1254,0.0010969502015554379,0.22045785069143237,0.17316700000000002
1255,0.01535730282177613,0.22056500995050266,0.193267
1256,0.06527342318498311,0.22039081236924019,0.219013
1257,0.14441660898245046,0.21824635148236976,0.229785
1258,0.21708009283765628,0.21110890697555748,0.22889299999999999
1259,0.27416171261044836,0.1977996632137572,0.259348
1260,0.2997238283317725,0.18840358218094605,0.26582799999999995
1261,0.30070676737652186,0.18984002653467366,0.260235
1262,0.273228857038153,0.1935479920395979,0.258684
1263,0.21105775886640338,0.19592890493442872,0.22633499999999998
1264,0.12435176513701697,0.1913306245853957,0.17038299999999998
1265,0.0491612036320697,0.18951140480685816,0.170726
1266,0.013406592287959608,0.2038611777312854,0.168487
1267,0.0032925811311535487,0.2318118206868398,0.161086
1268,0.001371594934647176,0.2508306118283411,0.190904
1269,0.00024176472983427664,0.2706455707506251,0.244209
1270,0.00012978948654261167,0.280523485737613,0.277864
1271,0.00012968769086689195,0.2857513267336837,0.3623
1272,0.00012978948654261167,0.28844287390927176,0.358825
1273,0.00012968769086689195,0.288564703781191,0.300537
1274,0.00012978948654261167,0.28603070623054555,0.273568
1275,0.00012968769086689195,0.2704900622544267,0.282922
1276,0.00012978948654261167,0.2562589299382559,0.253419
1277,0.00012968769086689195,0.2471413354084809,0.24855
1278,0.000405757563418706,0.24611318058886564,0.23857200000000003
1279,0.01771733376766155,0.25100563861815584,0.228192
1280,0.10983621075776702,0.24543048680920546,0.250663
1281,0.24113950079400628,0.227560277083227,0.254684
1282,0.35185542978134293,0.20221692095728938,0.227093
1283,0.42625758377784106,0.19115483237230188,0.169746
1284,0.4484402866566228,0.18590460274531817,0.12507000000000001
1285,0.42673856834561674,0.18561444353727613,0.09053399999999999
1286,0.36350350177124485,0.18453430371995716,0.069749
1287,0.2612952481778574,0.18576963310710823,0.065822
1288,0.13397624088928703,0.1864046155023728,0.09544000000000001
1289,0.038323832403599496,0.19397567229678012,0.13873600000000003
1290,0.007416323954558409,0.21842622595295197,0.21414699999999998
1291,0.0009033348263365773,0.24558554880849112,0.267654
1292,0.00047579298831385643,0.25937343726080525,0.303123
1293,0.0001602263935828006,0.2615535541154258,0.312215
1294,0.0001398672584388615,0.25292576669898453,0.30004400000000003
1295,0.0001398672584388615,0.24552699392764196,0.27836099999999997
1296,0.0001398672584388615,0.23588074705312034,0.226275
1297,0.0001398672584388615,0.22177960912384545,0.17813099999999998
1298,0.0001398672584388615,0.21298527835893252,0.153764
1299,0.0001397654627631418,0.20192676174924737,0.15821500000000002
1300,0.0001397654627631418,0.19762725162014597,0.148523
1301,0.0001397654627631418,0.1983938868194111,0.12138899999999998
1302,0.0004932000488619243,0.19939289176914834,0.100483
1303,0.02134044545787695,0.19472425626371384,0.07587100000000001
1304,0.11658159941365691,0.18559301168546208,0.063982
1305,0.2476039333849098,0.16806092769301423,0.059565
1306,0.35103241174314914,0.14976061386946984,0.06593099999999999
1307,0.41471466672095764,0.14157919579527478,0.068761
1308,0.44435054358890835,0.13498788079808133,0.063788
1309,0.43274797426605327,0.1347959509108537,0.057543000000000004
1310,0.38378873325461127,0.13537569525947848,0.076839
1311,0.29729131886477456,0.13754286370362812,0.084405
1312,0.16928356203428477,0.14254732867275605,0.095196
1313,0.0586691233356407,0.14916881410419966,0.09698
1314,0.01640518750763468,0.16433522988212484,0.101401
1315,0.0043226515737611465,0.18334643057610858,0.081353
1316,0.003203917097601694,0.19697594019492776,0.067398
1317,0.002827273097438821,0.19924586671429298,0.068617
1318,0.0016668023942342928,0.19910923865897842,0.070665
1319,0.0003027403395903742,0.19890550849619842,0.054327
1320,0.0001399690541145812,0.19023173189773945,0.043973000000000005
1321,0.0001399690541145812,0.18122997142419758,0.049759000000000005
1322,0.0001398672584388615,0.17602464662958617,0.06476900000000001
1323,0.0001399690541145812,0.17805754707353166,0.070115
1324,0.0001398672584388615,0.17936699494820638,0.094946
1325,0.0001398672584388615,0.17994680308210442,0.082697
1326,0.0010072682112463862,0.1814829438179313,0.072102
1327,0.025197687202247646,0.18266692606011126,0.068621
1328,0.13240991082698805,0.17797998418125224,0.089399
1329,0.270307219349322,0.17126173649027912,0.082265
1330,0.39027729142066053,0.15176143032096748,0.08128099999999999
1331,0.4634113766847185,0.13984889268765627,0.09036300000000001
1332,0.4900524247729956,0.13876811501760475,0.115945
1333,0.4691604910623397,0.14289699954074603,0.134643
1334,0.3978021295655361,0.14764032760116344,0.150558
1335,0.30117981188159126,0.14575693983773028,0.160675
1336,0.17156571928824463,0.1465222355462571,0.17364200000000002
1337,0.06317745022191458,0.16035215849364698,0.192286
1338,0.019029174640661263,0.1856115094147063,0.192748
1339,0.0056817256402948,0.20855443435219675,0.164927
1340,0.004608697422533491,0.2239673802112568,0.167673
1341,0.0037230750437721406,0.22848420676634176,0.184011
1342,0.002705220082250906,0.22535152064091443,0.174186
1343,0.0014530314752229324,0.22228134408327804,0.15325
1344,0.0008931552587646078,0.21830044139409097,0.134425
1345,0.0007711022435766929,0.21696847731795682,0.126946
1346,0.0004452542855979478,0.21411944430269939,0.111224
1347,0.0002723034325501853,0.2119709649436138,0.09660099999999999
1348,5.853251353882487e-05,0.20993812828494157,0.084717
1349,5.8430717863105176e-05,0.20650533244884423,0.066037
1350,0.0017795920029317154,0.2034352196764811,0.049296
1351,0.02909330591636467,0.19673897790478134,0.039477
1352,0.1337879188892056,0.18340677144460887,0.033804999999999995
1353,0.276313571399487,0.16617479716283107,0.022422
1354,0.39270359135143945,0.15247269990304638,0.017339
1355,0.4512145242070117,0.15057221768638057,0.016676999999999997
1356,0.4642018201066818,0.14924880083686276,0.016628
1357,0.434012174762816,0.15104588712558042,0.027131
1358,0.3730449122521275,0.15694430269939277,0.040102
1359,0.2842379575715624,0.16542614941062406,0.050762
1360,0.16339875402092918,0.15710038526305048,0.059900999999999996
1361,0.06341687365120731,0.1585180129611675,0.064432
1362,0.01916415570666558,0.17048011175179875,0.045585
1363,0.006813591758622094,0.1934318390569985,0.045112
1364,0.0057284498554501405,0.20210459509108536,0.061921000000000004
1365,0.00529072844985545,0.20476042251365006,0.07204100000000001
1366,0.003977666028747099,0.20178675307445015,0.07042899999999999
1367,0.0026135021784274605,0.1977855666683676,0.070426
1368,0.0014633128384706217,0.2035143134153187,0.074588
1369,0.0003027403395903742,0.2090884446598969,0.086759
1370,5.8430717863105176e-05,0.21248960300045924,0.10526599999999998
1371,5.8430717863105176e-05,0.21404290197479206,0.129152
1372,5.853251353882487e-05,0.2142166530591417,0.152852
1373,5.8430717863105176e-05,0.2119355641169567,0.181788
1374,0.0009152449203957816,0.2086085880491912,0.204265
1375,0.03090221507390366,0.20359213144869112,0.216707
1376,0.14634441548923005,0.19877391947747103,0.21545300000000003
1377,0.29881061932489106,0.1897948665612084,0.222716
1378,0.42241092878374525,0.1754782619788743,0.23734
1379,0.49309184005863427,0.16276394346073383,0.20647100000000002
1380,0.5113253796978705,0.1568108001224677,0.21281099999999997
1381,0.48842145445661467,0.15991822727968566,0.262486
1382,0.42804155299482877,0.1660756110629178,0.305525
1383,0.32528899792336824,0.16704725213042812,0.333329
1384,0.184341585569445,0.1611119048834005,0.346903
1385,0.05919133515208274,0.16720358983517886,0.37863199999999997
1386,0.013493118612321348,0.18622403939378476,0.42157700000000004
1387,0.003433975324728206,0.21317586875542174,0.441913
1388,0.0025117065027077646,0.24169949482063585,0.43049799999999994
1389,0.0022977319923449652,0.2633825968260448,0.39611199999999996
1390,0.0020229854635775073,0.27792142930040314,0.424525
1391,0.0014428519076509628,0.2884850359748941,0.46447200000000005
1392,0.0007506413127570342,0.29693849823952645,0.47286999999999996
1393,0.0005266908261737041,0.3053763331122111,0.511767
1394,7.878985300704427e-05,0.3121509669847426,0.509087
1395,7.878985300704427e-05,0.3167306220339848,0.487576
1396,7.889164868276396e-05,0.3191959866306068,0.432463
1397,7.878985300704427e-05,0.32150348267591977,0.362408
1398,0.002237367156643186,0.3290775373781701,0.332443
1399,0.038898672584388616,0.3233658212991785,0.297968
1400,0.15840781383606828,0.2988579246823494,0.25924
1401,0.291777657885093,0.2671192657039343,0.224644
1402,0.3910447290199112,0.24955037760881768,0.21043499999999998
1403,0.444984018078912,0.2561291906924529,0.200076
1404,0.45388849301681666,0.26386398428330865,0.204731
1405,0.42448379412842546,0.28435685308975867,0.232604
1406,0.355074107251924,0.30007698882482015,0.25338
1407,0.2583494849138809,0.30799478236464767,0.262402
1408,0.14022568101307056,0.3069723044343522,0.253736
1409,0.04422899955209903,0.3035834566515283,0.22828500000000004
1410,0.009111730933669937,0.29594038628361485,0.213231
1411,0.0026155380919418545,0.28480283972036535,0.177717
1412,0.002440449529703978,0.2719420702148288,0.170492
1413,0.0024402459383525386,0.26007392713170385,0.158599
1414,0.0023180911274889044,0.2504869367760371,0.13178
1415,0.001402031841687365,0.23865138796754604,0.10259699999999998
1416,0.0006184087299971497,0.22726629075878962,0.073324
1417,5.853251353882487e-05,0.2195592437618003,0.08312699999999999
1418,5.853251353882487e-05,0.21385658519161097,0.140298
1419,5.853251353882487e-05,0.20993028269633107,0.19118700000000002
1420,5.853251353882487e-05,0.20557942542225854,0.251835
1421,5.893969624170365e-05,0.20306794407307238,0.30312100000000003
1422,0.002069404291705688,0.2006845435525846,0.31074700000000005
1423,0.021758723889409175,0.19242505230392407,0.29696100000000003
1424,0.0715656174925689,0.18425339337653723,0.298739
1425,0.1363824870719492,0.17460772056947493,0.315959
1426,0.19010617288977566,0.16721207327652193,0.330939
1427,0.2271443259090354,0.17081128489054445,0.342926
1428,0.23580449122521277,0.17528301525743736,0.309034
1429,0.22640925933466347,0.1793690360769505,0.281105
1430,0.1993113522537563,0.18426060111241516,0.230343
1431,0.15364387800806223,0.18764651477266928,0.213281
1432,0.09118551243943158,0.18863021125682503,0.22096099999999996
1433,0.03565342644244473,0.1882855794254223,0.201532
1434,0.00929781342888554,0.18259248864622135,0.169482
1435,0.0010336332912577874,0.18154443282135022,0.136997
1436,0.00015513660979681583,0.1786191126192785,0.134493
1437,8.387963679302903e-05,0.1777617109761698,0.141224
1438,8.398143246874873e-05,0.178514887482778,0.138725
1439,8.398143246874873e-05,0.17656280298004798,0.130996
1440,8.398143246874873e-05,0.18041670919018216,0.09427800000000001
1441,8.387963679302903e-05,0.1814529647395009,0.07741899999999999
1442,8.387963679302903e-05,0.17960293667398072,0.081949
1443,7.37000692210595e-05,0.18421741848242076,0.09514
1444,7.37000692210595e-05,0.1992894320559269,0.103529
1445,5.456248218575674e-05,0.21342686380568454,0.11488399999999999
1446,0.0013340323303066086,0.21979850232178397,0.12258600000000001
1447,0.01892707357791441,0.21854059294790024,0.157551
1448,0.07234455800317602,0.2067524365974384,0.18174300000000002
1449,0.14641648682763958,0.19678777363882227,0.203391
1450,0.20507207133840957,0.20056481859468284,0.22042200000000003
1451,0.24368225497780854,0.20204980354135837,0.29541
1452,0.26233437843560403,0.20740285502883096,0.34826799999999997
1453,0.25620882364917136,0.2130749604531306,0.39310100000000003
1454,0.2246877926625677,0.21506569883145385,0.431083
1455,0.17870973981025284,0.2161066744909935,0.50306
1456,0.11485768964534389,0.21670982803490332,0.61728
1457,0.05661559916934729,0.2206573072409042,0.7022870000000001
1458,0.020135184657355757,0.23563281369597391,0.7402270000000001
1459,0.005792581131153548,0.2665849364698678,0.738105
1460,0.00396738466549941,0.2918335714650201,0.786792
1461,0.0034380471517569933,0.31198774047048017,0.835442
1462,0.0020639073252168246,0.32151018012961174,0.840144
1463,0.0008727961236206687,0.3369467903250497,0.851107
1464,9.914898815098333e-05,0.3464839005970302,0.8556959999999999
1465,8.896942057901379e-05,0.3596047864469051,0.841891
1466,8.90712162547335e-05,0.3686838546716335,0.8159719999999999
1467,6.871208111079441e-05,0.3762087947134765,0.820846
1468,5.863430921454456e-05,0.38089535388069595,0.8108
1469,6.280793191905208e-05,0.3876993289789254,0.810153
1470,0.0017840710126633822,0.40345524825228357,0.768051
1471,0.02737530029724337,0.40953704648670713,0.741469
1472,0.10073598273545338,0.4062864851763025,0.7657349999999999
1473,0.18884838552058308,0.4038382150329132,0.780556
1474,0.26653365365039294,0.4050717584324131,0.765837
1475,0.3057445335722138,0.41779749451446646,0.750124
1476,0.30964320615660246,0.42165892738684485,0.7423489999999999
1477,0.29400586343092144,0.4184778920242895,0.7445769999999999
1478,0.2565959526039334,0.4178769709649437,0.761662
1479,0.19577028787817097,0.41622518752870336,0.697503
1480,0.11748737733621074,0.4177784227177629,0.565137
1481,0.050474673235880944,0.42394524672143696,0.598399
1482,0.017086302373875154,0.4254105858039496,0.6590550000000001
1483,0.00576509629870923,0.43318243863856704,0.717338
1484,0.004547620017101674,0.4507920217380211,0.67693
1485,0.0034380471517569933,0.45609882890238307,0.658377
1486,0.002440449529703978,0.450131014951268,0.665091
1487,0.0019212915835335313,0.4516161274684901,0.682333
1488,0.0011883627183517246,0.44487153645966226,0.7354419999999999
1489,0.0005165112586017346,0.44655954993111185,0.759625
1490,0.000506331691029765,0.45883604633362257,0.744567
1491,0.000506331691029765,0.4608339924478237,0.739575
1492,0.000262022069302496,0.4642819053936827,0.747054
1493,0.00021682478928295126,0.47028237740470474,0.796795
1494,0.003435400464188281,0.47926544879318256,0.795947
1495,0.03593132863715949,0.48607867275603417,0.7768
1496,0.10951158434789687,0.48262903760779696,0.7168549999999999
1497,0.18839142473227743,0.482619533602082,0.606471
1498,0.2547487682723238,0.4886196229014646,0.586752
1499,0.28409941365690783,0.5030361790069908,0.530392
1500,0.2833447005171221,0.5172936546410165,0.548817
1501,0.2710112382425995,0.5291757666989845,0.602137
1502,0.2461947758459221,0.5362559958156862,0.649097
1503,0.18509894539679952,0.5374933025463081,0.696206
1504,0.106755161040759,0.5304600831759964,0.700566
1505,0.03550582271265117,0.520498864622136,0.702863
1506,0.007458365568630644,0.5093749681073634,0.695192
1507,0.001616922513131642,0.5058003138235445,0.651983
1508,0.0015141088806547495,0.5090561693116293,0.627368
1509,0.0009947473431328637,0.5131495254375671,0.6094
1510,0.0004553320574941977,0.49670708526815327,0.594779
1511,0.0001806873244024594,0.49279315711588517,0.5418569999999999
1512,0.0001806873244024594,0.4935123360718478,0.5534100000000001
1513,0.00017030416547905047,0.49145098739602994,0.587929
1514,0.0001601245979070809,0.48468088227789957,0.541655
1515,0.0001600228022313612,0.480117556258611,0.59766
1516,0.0001600228022313612,0.4736202607541971,0.598536
1517,0.00018618429089132293,0.4745869903556667,0.632709
1518,0.0036829675475385805,0.4771533270398531,0.6472650000000001
1519,0.03490756952644652,0.4743712047762413,0.646646
1520,0.10903233030660857,0.46535541154258303,0.5597989999999999
1521,0.19788600920232907,0.46027478695718727,0.516829
1522,0.2640976831304206,0.4674299637699648,0.5312
1523,0.30626694898000734,0.465253801602286,0.600331
1524,0.3215215399649823,0.46188587538909015,0.608306
1525,0.3013334215562523,0.4520842475889167,0.625883
1526,0.2620498595219675,0.438825713119355,0.629984
1527,0.20236603689075286,0.41653027249068736,0.636008
1528,0.11776680646606133,0.3844451956932184,0.625159
1529,0.03883902031841687,0.34114462672858087,0.653907
1530,0.005111262673561628,0.3147368219625452,0.6299889999999999
1531,0.000442200415326357,0.3190381180792978,0.6009939999999999
1532,0.0001602263935828006,0.3279574041945196,0.565155
1533,6.861028543507471e-05,0.3376009083022911,0.5556780000000001
1534,6.861028543507471e-05,0.34406427004133283,0.5256689999999999
1535,6.861028543507471e-05,0.34213521202224834,0.508035
1536,6.861028543507471e-05,0.3410088278818187,0.564487
1537,6.861028543507471e-05,0.3394230622033984,0.560638
1538,6.861028543507471e-05,0.3374291983466857,0.533449
1539,5.8430717863105176e-05,0.3369014389957646,0.549441
1540,5.8430717863105176e-05,0.33363097668010405,0.5647519999999999
1541,7.522700435685491e-05,0.3353325126294841,0.55752
1542,0.0032023901624658986,0.34346041485941725,0.585836
1543,0.04266012459790707,0.3504965045670255,0.670149
1544,0.13378903864163852,0.34719944379241724,0.716239
1545,0.23110560283399162,0.335386283614839,0.739917
1546,0.3050521193859685,0.3390111369087106,0.766605
1547,0.34700557840302954,0.3708050339337654,0.772334
1548,0.3418284539272772,0.41008036944430265,0.794786
1549,0.30681644203754227,0.4337877608817677,0.833918
1550,0.2557239708457185,0.45303745471245604,0.849305
1551,0.18294759558613952,0.45944022044190436,0.8549200000000001
1552,0.09240980903131236,0.4643323595448284,0.863505
1553,0.026841280182417847,0.4682982726948003,0.8830399999999999
1554,0.006506779592002931,0.47940673317344484,0.8801979999999999
1555,0.0007272283073415043,0.47961422666734704,0.881993
1556,0.0004452542855979478,0.4648370286268307,0.8806379999999999
1557,0.0002518425017305265,0.4520269684135327,0.8753619999999999
1558,7.878985300704427e-05,0.43224779302954536,0.870761
1559,6.861028543507471e-05,0.4151925677399602,0.86761
1560,6.861028543507471e-05,0.3972974817574118,0.8609630000000001
1561,6.861028543507471e-05,0.38368328060417406,0.8618950000000001
1562,5.8430717863105176e-05,0.37904130734296065,0.8495959999999999
1563,5.8430717863105176e-05,0.38393510486298926,0.8212969999999999
1564,5.8430717863105176e-05,0.3905159590753687,0.823169
1565,9.426279571643794e-05,0.3943167959381538,0.805444
1566,0.0035145974998982044,0.40600538347706283,0.7321529999999999
1567,0.03287674579583859,0.4140302724906873,0.6884379999999999
1568,0.10316116291379944,0.4245809307547073,0.689997
1569,0.1902057290606295,0.4400814537939481,0.764942
1570,0.2603367400952808,0.4597643134153187,0.7033309999999999
1571,0.30829013803493627,0.4715150278103792,0.676082
1572,0.32046703856020203,0.4895092361075674,0.699362
1573,0.31099607068691726,0.4980859953054038,0.706691
1574,0.2717588256850849,0.5067826070316884,0.7679239999999999
1575,0.21526721364876422,0.504289942338113,0.882279
1576,0.14130278105786068,0.49537799152931566,0.880026
1577,0.054156521030986615,0.4769238276266775,0.8709220000000001
1578,0.011334541308685206,0.45989730571005755,0.85755
1579,0.003043079929964575,0.4595304128182886,0.864102
1580,0.002348833421556252,0.4664051895698321,0.885475
1581,0.0018805733132456531,0.4746740572536613,0.8869560000000001
1582,0.0012288773972881633,0.46605322243200487,0.884876
1583,0.0007707968565495338,0.46279436903607696,0.852929
1584,0.0007708986522252535,0.4551132826453028,0.840047
1585,0.0003841768801661306,0.44478574526713277,0.8403939999999999
1586,0.0003536381774502219,0.4370943894473644,0.8486879999999999
1587,0.0003434586098782524,0.4310889421850283,0.86535
1588,0.0003536381774502219,0.4213658978415064,0.848814
1589,0.00036951830286249436,0.41147018676328007,0.8351029999999999
1590,0.004076000651492324,0.41202939225391644,0.8248630000000001
1591,0.035636528360275255,0.4073088993213247,0.815715
1592,0.11419825725803169,0.3986029749451447,0.739956
1593,0.2022755405350381,0.3817399984691534,0.659326
1594,0.2761896860621361,0.3772872123284176,0.6332049999999999
1595,0.3254402662974877,0.37809250140327605,0.622124
1596,0.3472818518669326,0.37444723682196257,0.616111
1597,0.33942302211002073,0.3660662346277492,0.568691
1598,0.3030285231483366,0.3652396412716232,0.548551
1599,0.24724744492853945,0.36021368066540804,0.5988120000000001
1600,0.15171434097479541,0.34723573761289994,0.664696
1601,0.06138340323303067,0.32277242690207686,0.7130620000000001
1602,0.020528624944012377,0.3049489717813951,0.755392
1603,0.0060722138523555515,0.2968624024085319,0.801851
1604,0.0036648479172604748,0.3079281905393683,0.812077
1605,0.0023824259945437517,0.32874770373016277,0.823767
1606,0.0019345250213770918,0.34310117620043884,0.836599
1607,0.0007435156154566555,0.353052890748584,0.844558
1608,7.166415570666558e-05,0.3668290427106189,0.845418
1609,5.8430717863105176e-05,0.3816613512272286,0.844057
1610,5.8430717863105176e-05,0.39728051487472577,0.844018
1611,5.8430717863105176e-05,0.41052833341838035,0.8427610000000001
1612,5.8227126511665784e-05,0.41779851507883853,0.850967
1613,9.711307463658943e-05,0.4229903173955198,0.862334
1614,0.003104666313774991,0.42519320559269275,0.872677
1615,0.033335946089010145,0.4310965326325459,0.8412440000000001
1616,0.10579940144142679,0.4335796933204062,0.755825
1617,0.19150148621686547,0.43358339286625497,0.706697
1618,0.27518078912007815,0.4427818033372455,0.69845
1619,0.32430422655645585,0.4508237230188294,0.6582819999999999
1620,0.3315595097520257,0.4570450196458642,0.6694410000000001
1621,0.3106600431613665,0.4629193243863858,0.667171
1622,0.2659908791074555,0.4625435653416338,0.6132519999999999
1623,0.20738334215562526,0.45164827524621104,0.687656
1624,0.13045777515371149,0.4476000790937389,0.774995
1625,0.05965654139012175,0.42803719957136294,0.794959
1626,0.022835213160144963,0.41621536459662195,0.816651
1627,0.008050205627264955,0.42785298770219926,0.804726
1628,0.005880939777678245,0.4415210874113385,0.786112
1629,0.005789527260881958,0.4457591723222943,0.769349
1630,0.005769168125738019,0.4327486987804256,0.7779370000000001
1631,0.005117675801131968,0.4269467903250498,0.813562
1632,0.003672177205912293,0.42677469765780474,0.654961
1633,0.0016871615293782317,0.416952339643823,0.653481
1634,0.0008727961236206687,0.3989380389855591,0.612936
1635,0.0006284865018933996,0.38939633617390423,0.5551349999999999
1636,0.000506331691029765,0.37746370617951724,0.529163
1637,0.0002941895028299198,0.36136443078022146,0.48088800000000004
1638,0.004660715012826255,0.34989966576516807,0.394205
1639,0.03500335925729875,0.33353682961677805,0.345262
1640,0.0952554053503807,0.3236311042506506,0.33942100000000003
1641,0.1578933384909809,0.3208075215594223,0.344904
1642,0.21422228103750157,0.31831166760218405,0.31534500000000004
1643,0.25337870027281245,0.3109775730979232,0.274381
1644,0.2807961439798038,0.30157862172781547,0.176756
1645,0.28881479294759554,0.29979703526049906,0.163375
1646,0.26529958467364306,0.3046431851814053,0.257031
1647,0.2135791359583045,0.31910158442618763,0.355261
1648,0.1404682601083106,0.33198697504720104,0.47858999999999996
1649,0.06539781750071257,0.3515639511149665,0.49648000000000003
1650,0.02500580235351602,0.37523524008776854,0.421129
1651,0.008470825359338735,0.39096487982854516,0.36424399999999996
1652,0.005850604666313775,0.400023664336378,0.4304799999999999
1653,0.00573862942302211,0.41189072306985763,0.438742
1654,0.0057284498554501405,0.4124752513139766,0.41306399999999993
1655,0.005708090720306202,0.41555678165025256,0.44854499999999997
1656,0.004802109206400913,0.41676812777465944,0.4949259999999999
1657,0.0034584062869009325,0.4176938434454253,0.5113469999999999
1658,0.0021350625025448916,0.4232318084400674,0.5679679999999999
1659,0.0014428519076509628,0.425049306016227,0.6413260000000001
1660,0.0009236939614805164,0.42398957748634997,0.6422469999999999
1661,0.0006257380186489678,0.41921773740878704,0.5825070000000001
1662,0.005044281118938068,0.41413628361483906,0.5416059999999999
1663,0.03777128547579299,0.4056924529264683,0.5394080000000001
1664,0.11432947188403438,0.39160528397203653,0.5357649999999999
1665,0.19813897145649254,0.39195514619584626,0.475329
1666,0.27497200618917705,0.39518574271572177,0.42457899999999993
1667,0.3226279571643797,0.39556131040465375,0.41576499999999994
1668,0.3342393827110225,0.3932357631270092,0.38646499999999995
1669,0.3195790748808991,0.3923249732101853,0.358314
1670,0.28513426849627427,0.38774786957187324,0.397382
1671,0.23289445824341384,0.3802567995101291,0.449157
1672,0.1567923164623967,0.3758909526968414,0.458351
1673,0.07696323140193005,0.3583494922692249,0.430199
1674,0.026251781424325094,0.3370444455784049,0.418759
1675,0.008107414797019423,0.32427635607490946,0.362009
1676,0.005423062828291054,0.3166695157422054,0.344447
1677,0.0053212671525713585,0.3087460453130581,0.285405
1678,0.005311087584999389,0.2912751313976629,0.255735
1679,0.004954802719980455,0.2825342526917385,0.276726
1680,0.003600920232908506,0.2803248583966934,0.32840699999999995
1681,0.002104523799828983,0.2750456702556513,0.375417
1682,0.0011069261777759683,0.27521285145685564,0.41071499999999994
1683,0.0006997434748971864,0.2750535796295351,0.51702
1684,0.0006997434748971864,0.27343190284227176,0.596975
1685,0.00045797874506290975,0.2819906108077767,0.680254
1686,0.0022326845555600797,0.3008899959177425,0.727172
1687,0.04171678407101267,0.31159310098484455,0.7518030000000001
1688,0.14515483122276965,0.3113443384191457,0.78182
1689,0.2641697544688302,0.3204331657906822,0.7849809999999999
1690,0.35502636508001145,0.34984009031994695,0.793707
1691,0.40096583737122854,0.3813032607031689,0.803705
1692,0.4145415122765585,0.4068356763790376,0.798143
1693,0.40306272649537844,0.433232701433893,0.807006
1694,0.35442118978785786,0.45043986324437424,0.8207209999999999
1695,0.2659006881387679,0.45759134051130285,0.8309840000000001
1696,0.16137770267519036,0.4558997550645506,0.8479540000000001
1697,0.07017030416547905,0.45566228249221824,0.8536740000000002
1698,0.024268394478602545,0.4673892687656275,0.87175
1699,0.008196994991652754,0.4836771572179415,0.8720479999999999
1700,0.005596115477014537,0.4947630377098536,0.877484
1701,0.005484140233722871,0.5077041766596928,0.870246
1702,0.005443421963434994,0.5075469459611164,0.8707130000000001
1703,0.00529072844985545,0.508277542480992,0.878994
1704,0.004242232989942587,0.5086340383732206,0.8801970000000001
1705,0.0029295777515371143,0.5081640684798694,0.8878470000000002
1706,0.00129015839407142,0.5134499540746033,0.885102
1707,0.0009033348263365773,0.5199105730468948,0.882072
1708,0.0006997434748971864,0.5176899525437566,0.8751129999999999
1709,0.0005410440164501811,0.511761047609328,0.8689790000000001
1710,0.004540799706828453,0.5151136015716691,0.8727010000000001
1711,0.04764902886925363,0.509014198601827,0.8040269999999999
1712,0.1406883423592166,0.5118248328825841,0.694746
1713,0.23003420334704186,0.5104544700719499,0.673942
1714,0.2884687894458243,0.5161895315609533,0.6751719999999999
1715,0.31742894661834764,0.5188591366025412,0.6733210000000001
1716,0.3175484547416426,0.5232441189978058,0.673561
1717,0.302521784274604,0.5310361279787722,0.673426
1718,0.26917810171423917,0.5322725417155687,0.6743309999999999
1719,0.21950873406897672,0.5262175970811859,0.7173229999999999
1720,0.1421511462193086,0.5241607133744962,0.770554
1721,0.06761248422167025,0.5153077001581874,0.749372
1722,0.025536259619691356,0.5189373373475531,0.750857
1723,0.0086163931756179,0.5162571439506046,0.77775
1724,0.00602253756260434,0.5109257794560392,0.7535930000000001
1725,0.005696893195977035,0.5013527580752155,0.726023
1726,0.0055747383851134005,0.48062126856151455,0.718639
1727,0.005645995358117187,0.4662179160075522,0.717403
1728,0.0044957042224846285,0.45210242639179465,0.7204849999999999
1729,0.0031927195732725272,0.43517521814563465,0.730196
1730,0.001571114459057779,0.4263294126652038,0.7826730000000001
1731,0.0008992629993077895,0.41939506046843905,0.8120129999999999
1732,0.0007872877560161245,0.41452715976935245,0.8702
1733,0.0005714809234903701,0.41011538755932025,0.89007
1734,0.004263813673195162,0.4224942593254069,0.878584
1735,0.03971293619447046,0.43012457263866916,0.8606309999999999
1736,0.11107099230424691,0.4456398938613053,0.845295
1737,0.1871551162506616,0.45793858753890904,0.8525719999999999
1738,0.23660755731096542,0.4630324156758687,0.8479470000000001
1739,0.256715562522904,0.46851865081390015,0.8547529999999999
1740,0.2541446109369274,0.47000108434964544,0.8108150000000001
1741,0.2369850156765341,0.47022541715568716,0.746454
1742,0.2132540005700558,0.4653641501250192,0.730913
1743,0.17221904393501364,0.45741248660509265,0.784616
1744,0.11929760983753408,0.44490323774047047,0.8431939999999999
1745,0.06487916853292072,0.44090351839567277,0.840076
1746,0.027006698155462354,0.439026445374292,0.804868
1747,0.008839325705444033,0.4317927488901362,0.7698219999999999
1748,0.005924915509589152,0.4313911568097158,0.734888
1749,0.005699947066248627,0.4298168724804817,0.724898
1750,0.005699947066248627,0.42447109251416026,0.7294120000000001
1751,0.005414919174233479,0.4279862989233046,0.728492
1752,0.004793965552343337,0.4223109404500688,0.723406
1753,0.004529296795472129,0.4179309333061183,0.714433
1754,0.0032772099841198747,0.4081469740266368,0.721368
1755,0.0024424854432183716,0.3991825279379497,0.6895889999999999
1756,0.0014245286860214174,0.3907247282747359,0.674845
1757,0.0012362066859399814,0.38536242792264125,0.717867
1758,0.0056207500305387025,0.37608109659641786,0.7593690000000001
1759,0.04240024023779469,0.3643797520028576,0.776716
1760,0.11449590781383606,0.3629998214012349,0.795064
1761,0.1894202736267763,0.3652575011481349,0.797074
1762,0.24528624944012378,0.37462245496759705,0.8004680000000001
1763,0.26992568915672466,0.39366854620605196,0.7925949999999999
1764,0.27590791563174394,0.4081722329948461,0.8375130000000001
1765,0.2681739891689401,0.42120892228402307,0.8275529999999999
1766,0.24131479294759559,0.4337120477624126,0.787546
1767,0.1956306242110835,0.4407407383783233,0.796652
1768,0.13153446801579868,0.44056921977853747,0.8165020000000001
1769,0.06555997801213405,0.4349791422156451,0.814554
1770,0.027240115639887617,0.44251435168648273,0.803035
1771,0.009106030375829634,0.4497869571873246,0.794037
1772,0.006118327293456574,0.450131270092361,0.7252179999999999
1773,0.005945274644733091,0.44716142776955653,0.7192059999999999
1774,0.005924915509589152,0.4349413813338777,0.757524
1775,0.005931023250132335,0.4305646910241363,0.792254
1776,0.005897430677144835,0.43104314435883045,0.772673
1777,0.005642941487845597,0.4268468388018574,0.7553989999999999
1778,0.0038207988924630486,0.4169510001530846,0.747897
1779,0.0024261981351032203,0.4059385365106903,0.751888
1780,0.0012148295940388452,0.3863167831810992,0.836786
1781,0.0008448023127977523,0.37070412563147426,0.798741
1782,0.006752310761838836,0.36112345001785984,0.738872
1783,0.04325552750519158,0.3481789942338113,0.62116
1784,0.11254193981839654,0.3466037531254784,0.598368
1785,0.1982757848446598,0.35959560136755625,0.558476
1786,0.26382965511625067,0.3682460325560035,0.526671
1787,0.3034526039333849,0.3772240011226208,0.551228
1788,0.32216214015228634,0.37961103740368424,0.628124
1789,0.3141135632558329,0.3822847884880339,0.723657
1790,0.28973909768313044,0.38960172475378885,0.782249
1791,0.24366057249888023,0.40109047303158646,0.811552
1792,0.16542713465531986,0.4044456421901312,0.829709
1793,0.08379473919947883,0.4015621013420421,0.825802
1794,0.030457469766684314,0.399822166658162,0.816549
1795,0.009503033511136447,0.4046812649895392,0.8455450000000001
1796,0.006724011563988761,0.41337066897994584,0.864864
1797,0.006516348385520583,0.425491401745165,0.8835930000000001
1798,0.006493953336862251,0.4172212583558708,0.8796510000000001
1799,0.006463414634146342,0.41414451191508905,0.8721369999999999
1800,0.006300541552994829,0.41543718426289733,0.670867
1801,0.005750844904108474,0.41295702148288005,0.6545310000000001
1802,0.0034095443625554787,0.41519071796703577,0.609975
1803,0.0021370984160592856,0.4119430269939277,0.627894
1804,0.0008544729019911235,0.4106909220799102,0.625206
1805,0.0008426646036076389,0.40225047201102204,0.630524
1806,0.00895354045360153,0.4017490559779558,0.642955
1807,0.0649452339264628,0.398092246262183,0.643186
1808,0.16173164623966774,0.3907545159973465,0.679164
1809,0.27211785903334834,0.39184600959330507,0.7099449999999999
1810,0.3589365405757564,0.41022356738276267,0.6818270000000001
1811,0.3925616881794861,0.4253491605858039,0.684001
1812,0.39301956512887326,0.43174382558554886,0.6563859999999999
1813,0.3640320249195814,0.43579884676225955,0.6437229999999999
1814,0.3110015676534061,0.43809798693677604,0.651192
1815,0.2428861109980048,0.43346411440526617,0.687416
1816,0.1542595382548149,0.42107471806909225,0.721602
1817,0.06791787124882935,0.41774276675001276,0.858618
1818,0.02171983794128426,0.42047736898504867,0.8681190000000001
1819,0.0075270776497414395,0.40570125529417767,0.8494649999999999
1820,0.005118591962213445,0.4185365744756851,0.8414530000000001
1821,0.004392788794332017,0.42739890034188904,0.827141
1822,0.0036599617248259295,0.43023849313670465,0.832764
1823,0.002194103994462315,0.43798387508292075,0.8014389999999999
1824,0.0012066859399812696,0.43696886002959634,0.7628550000000001
1825,0.0012168655075532392,0.4345281165484512,0.7067899999999999
1826,0.0011456085345494524,0.4292616216767873,0.659148
1827,0.0006977075613827926,0.4209240572536612,0.656154
1828,0.0005857323180911275,0.41342418482420784,0.6434690000000001
1829,0.0005930616067429456,0.4062498724294535,0.6374860000000001
1830,0.00976872022476485,0.4107819436648467,0.63361
1831,0.055557229528889605,0.39614500944022046,0.595403
1832,0.1411821531821328,0.38543118844721125,0.57899
1833,0.22818681542408079,0.38294560391896726,0.58808
1834,0.3077526568671363,0.3853787569525947,0.5768800000000001
1835,0.3498028217761309,0.3791054115425831,0.569469
1836,0.3703226922920316,0.36912977751696696,0.565786
1837,0.37065729467812214,0.3599767821605348,0.561611
1838,0.3419281118938067,0.35913073429606573,0.596751
1839,0.2885670222728938,0.3628323212736643,0.600424
1840,0.19061779795594289,0.3563587538909016,0.631898
1841,0.08612189014210676,0.3393697377149563,0.653176
1842,0.025609450710533815,0.32549159310098486,0.6473260000000001
1843,0.008185797467323588,0.3075938281369597,0.641929
1844,0.005792581131153548,0.2959606700005103,0.640125
1845,0.005385398428274767,0.28722368219625455,0.632892
1846,0.00510037053625962,0.2798014364443537,0.579923
1847,0.004672828698236899,0.2690951421135888,0.5332809999999999
1848,0.003603974103180097,0.2545306041741082,0.51157
1849,0.0016596766969339141,0.23798916926060115,0.482382
1850,0.0013135713994869497,0.22640155380925647,0.44438599999999995
1851,0.0005602833991612036,0.22081830127060262,0.406492
1852,0.0004890264261574168,0.21058484717048528,0.37983
1853,0.0006876297894865427,0.20304191968158394,0.377768
1854,0.011236308481615703,0.1976224039393785,0.339235
1855,0.07069271957327253,0.17988939633617387,0.251713
1856,0.18827171301763101,0.15787563147420522,0.18675899999999998
1857,0.30956736837819127,0.15165261264479257,0.13605
1858,0.39710401482145036,0.152437490432209,0.100223
1859,0.4208600716641556,0.15272605500841968,0.068261
1860,0.41722057087014935,0.152928126754095,0.063133
1861,0.39456747017386706,0.15311744144511916,0.069677
1862,0.35243637770267516,0.15393886819411134,0.075423
1863,0.284914288041044,0.158035222227892,0.071314
1864,0.19028981228877398,0.1543224728274736,0.087935
1865,0.08860590822101874,0.14330943511762007,0.10517699999999999
1866,0.026587910745551526,0.13629496861764556,0.118399
1867,0.010248177857404617,0.13648747257233246,0.13519
1868,0.006542815261207704,0.13919464713986834,0.157248
1869,0.006448145282788388,0.14555423023932237,0.230909
1870,0.006102039985341423,0.15457276623973057,0.26896800000000004
1871,0.005521804633739159,0.16589025105883556,0.33141800000000005
1872,0.00504336495785659,0.1798922666734704,0.38905
1873,0.004005049065515697,0.19582991019033524,0.443457
1874,0.0029463740380308644,0.20155138541613513,0.537708
1875,0.0024475752270043567,0.20752481247129662,0.585501
1876,0.002437395659432387,0.21461932948920756,0.59553
1877,0.002557412761105908,0.22286338470174008,0.6314649999999999
1878,0.01277800399039049,0.23209158289534107,0.619174
1879,0.08322488700679996,0.22811712251875288,0.576108
1880,0.2143716152937823,0.21353108894218506,0.5582060000000001
1881,0.34587035302740343,0.19851144307802213,0.5089670000000001
1882,0.4309212508652633,0.19660809052405978,0.44581400000000004
1883,0.46930656785699737,0.20501766852069195,0.4173
1884,0.47893226515737614,0.21390971832423328,0.36420600000000003
1885,0.4493859684840588,0.2211196866867378,0.353207
1886,0.39679944215969704,0.22695336020819512,0.34315100000000004
1887,0.3183699458447005,0.22797232994846148,0.320799
1888,0.20787297935583696,0.2252720441904373,0.316681
1889,0.09451718311006146,0.22090058427310305,0.318679
1890,0.02823730607923775,0.22583207888962598,0.34402
1891,0.00989596481941447,0.2320316885237537,0.346594
1892,0.005732521682478928,0.23536376741337958,0.390697
1893,0.005223543303880451,0.23821739296831146,0.411376
1894,0.004835701779388412,0.23512903760779713,0.449083
1895,0.004293130827802435,0.23139115680971578,0.493237
1896,0.0040081029357872874,0.22456466551002705,0.536308
1897,0.0033260719084653285,0.2189720365362045,0.583358
1898,0.0021656012052608,0.21229225136500485,0.613758
1899,0.0015344680157986887,0.2057946369342246,0.6134229999999999
1900,0.0005674090964615824,0.20219504260856255,0.62239
1901,0.00031027321959363165,0.20279341225697814,0.6465890000000001
1902,0.012124882934972922,0.20519990304638464,0.6532849999999999
1903,0.08658964127203876,0.20494380517426136,0.6460359999999999
1904,0.2224265035221304,0.19521259631576263,0.681579
1905,0.3622802231361212,0.18638783997550645,0.68571
1906,0.4652952074595871,0.1912748762565699,0.676431
1907,0.5153135306812167,0.19659756595397254,0.663166
1908,0.527251618551244,0.1969039904066949,0.650359
1909,0.5068574656948572,0.196518727356228,0.634
1910,0.4577602915428153,0.196263203551564,0.58971
1911,0.367873691925567,0.19374770373016276,0.48928600000000005
1912,0.24046072722830733,0.19082837934377708,0.428859
1913,0.10798546357750723,0.19192886666326478,0.388425
1914,0.030954843438250744,0.1904993749043221,0.316669
1915,0.010525978256443667,0.19311495381946212,0.26046199999999997
1916,0.006302577466509223,0.19669509363678114,0.22179400000000002
1917,0.006230302536748239,0.19597948665612083,0.200408
1918,0.006263895109735739,0.19270609021789048,0.18578499999999998
1919,0.006212997271875891,0.1837446420370465,0.147903
1920,0.005692719573272527,0.17155801908455373,0.143655
1921,0.005089987377336211,0.16276470888401287,0.141552
1922,0.0031762286738059365,0.15669879318262997,0.11032
1923,0.001924141862453683,0.14886998009899477,0.06732
1924,0.0010080825766521438,0.14152312854008267,0.051562000000000004
1925,0.0006755161040758988,0.13663405113027505,0.059971000000000003
1926,0.014919581416181441,0.1328113359187631,0.080483
1927,0.0922343132863716,0.1257875567688932,0.073664
1928,0.2217377539802109,0.11463980456192273,0.10636399999999999
1929,0.3544925485565374,0.10472495790171965,0.139648
1930,0.46060100166944906,0.10355819768331886,0.19007000000000002
1931,0.5188725110957286,0.1057536867887942,0.22672200000000003
1932,0.5371625473349891,0.10774799714241975,0.20586800000000002
1933,0.520999837126919,0.11209062611624228,0.171594
1934,0.4688886966081682,0.11839497116905648,0.15749499999999997
1935,0.37577944948898584,0.12595607746083584,0.162638
1936,0.24380939777678245,0.13058006327499105,0.166474
1937,0.10753644285190764,0.1360301321630862,0.180565
1938,0.02917372450018323,0.1489357427157218,0.20971700000000001
1939,0.009749175455026671,0.16494903556666837,0.24629
1940,0.006244350339997558,0.17642636628055317,0.31065
1941,0.0059471069668960465,0.18708080318416084,0.345118
1942,0.0053556740909646156,0.19478523498494665,0.37983100000000003
1943,0.0045513864571033015,0.2007179670357708,0.388948
1944,0.0026784478195366257,0.2037423457672093,0.35268999999999995
1945,0.0014570015065760006,0.20104314435883042,0.359964
1946,0.0004778289018282504,0.19690654181762515,0.3592125
1947,0.0003139378639195407,0.19070859060060213,0.34160799999999997
1948,0.00022028584225742087,0.18369795121702304,0.343992
1949,0.0005429781342888555,0.1788537148543144,0.30132000000000003
1950,0.016712101469929557,0.17435423789355511,0.226021
1951,0.0967582149110306,0.16675773077511863,0.206896
1952,0.22973716356529178,0.1609378348726846,0.22491599999999998
1953,0.35243281485402506,0.15417449099351943,0.244523
1954,0.4420624821857567,0.15638739347859368,0.267579
1955,0.49358035750641316,0.169159692810124,0.303764
1956,0.5090877071542,0.1786075036995459,0.35365599999999997
1957,0.4892918074840181,0.19063447211307852,0.354434
1958,0.4310630522415408,0.20316285655967747,0.33027699999999993
1959,0.3378281892585202,0.2096808822778997,0.34881599999999996
1960,0.21410114418339507,0.21182400367403173,0.327656
1961,0.08727045075125209,0.20272388630912894,0.308489
1962,0.019208335029927928,0.19769569321834976,0.284061
1963,0.006819801294840995,0.20293680155125787,0.227496
1964,0.0043531902764770555,0.20679115425830483,0.21631999999999998
1965,0.0034095443625554787,0.20916683676072867,0.1984
1966,0.0020129076916812574,0.20608983517885393,0.183971
1967,0.001157722219960096,0.199887674133796,0.172319
1968,0.0008013355592654424,0.1902726182578966,0.147532
1969,0.0005468463699662039,0.18201771954891055,0.131305
1970,0.0002823812044464351,0.17280808286982702,0.11796799999999999
1971,0.0002304654098293904,0.16718560238812064,0.11469800000000001
1972,0.00022842949631499652,0.16222100321477775,0.101498
1973,0.0006516959159574901,0.1572694800224524,0.086344
1974,0.01625687120811108,0.15173177016890338,0.087297
1975,0.0912498473064864,0.14162677960912384,0.089435
1976,0.21539018282503364,0.12884816553554115,0.09217033
1977,0.3369883749338328,0.1183199596877073,0.11013167000000001
1978,0.43026914776660286,0.12077084502730011,0.141147
1979,0.4831016124435034,0.1309650073990917,0.191987
1980,0.49387658292275743,0.14729703526049906,0.22843599999999997
1981,0.4705017508856223,0.16469389447364394,0.27044
1982,0.41726688790260197,0.17445929223860795,0.322755
1983,0.33245694042917057,0.18178898555901415,0.390533
1984,0.21601632802638546,0.187813058121141,0.461446
1985,0.09332505395170815,0.18883056080012245,0.532682
1986,0.023311718718188847,0.19099817574118488,0.5898899999999999
1987,0.0071013681338816725,0.2002768280859315,0.648843
1988,0.004564823486298302,0.22159488697249577,0.742428
1989,0.0032599047192475267,0.2409063249476961,0.801064
1990,0.0020259375381733785,0.25087022248303315,0.800675
1991,0.0012705118286575187,0.25894779813236724,0.7919390000000001
1992,0.0008421556252290403,0.2653054038883502,0.773835
1993,0.0003129199071623437,0.2725820278614073,0.81235
1994,0.0003129199071623437,0.2754603383170894,0.838108
1995,0.0003027403395903742,0.2880056258611012,0.836324
1996,0.0003129199071623437,0.30510358728376796,0.826851
1997,0.0008040840425098743,0.3137473210185232,0.8161970000000001
1998,0.016015208273952523,0.3186206434658367,0.8223130000000001
1999,0.08325074310843275,0.3138947287850181,0.845425
2000,0.19076703041654794,0.31346149920906263,0.8188770000000001
2001,0.29959017060955256,0.3295779328468643,0.822831
2002,0.38586556863064464,0.3517835000255142,0.8306720000000001
2003,0.4288438047151757,0.3622557661887023,0.82388
2004,0.4438748523962703,0.3702629228963617,0.811197
2005,0.42898407915631737,0.3683804919120274,0.800682
2006,0.38545461948776405,0.3672423712813186,0.811386
2007,0.3101089213730201,0.3790385007909374,0.7895650000000001
2008,0.20618215318213284,0.3766184875236006,0.7445120000000001
2009,0.10069536626084123,0.35976826810226054,0.711665
2010,0.03198552465491265,0.3429521100168393,0.684992
2011,0.010400871370984159,0.3336726922488136,0.657396
2012,0.006191620179974755,0.32189569832117165,0.735086
2013,0.0060155136609796826,0.32115872327397055,0.7402040000000001
2014,0.005995358117187182,0.3165125401847222,0.676384
2015,0.005985076753939493,0.3165671403786294,0.5894820000000001
2016,0.005068915672462234,0.31440392662142164,0.527051
2017,0.0024527668064660614,0.313212545287544,0.559184
2018,0.0016898082169469438,0.31550275552380463,0.631399
2019,0.0008647542652388127,0.3211460300045926,0.675245
2020,0.0005806425343051428,0.33075942746338727,0.7001069999999999
2021,0.0009076102447168044,0.3414911083329081,0.715199
2022,0.013044505069424651,0.35119769607592993,0.758429
2023,0.06639236125249401,0.345785005357963,0.7217180000000001
2024,0.15836668838307744,0.3429156886258101,0.6988840000000001
2025,0.2570989250376644,0.3513141041996224,0.674719
2026,0.3294983509100533,0.35893127774659384,0.666912
2027,0.36559153467160715,0.36171684441496144,0.607046
2028,0.36720122969176267,0.35958775577894575,0.5648589999999999
2029,0.3549443177653814,0.3615004847680767,0.583312
2030,0.321309906755161,0.3583976501505333,0.57807
2031,0.2612193086037705,0.3442111675256417,0.523602
2032,0.1755654749786229,0.3355125146706129,0.42439099999999996
2033,0.08441966285272201,0.31993717150584267,0.35434849999999996
2034,0.024474428926259218,0.2978304715007399,0.333924
2035,0.006341056231931267,0.28082557279175385,0.259519
2036,0.003382568508489759,0.27521776292289635,0.193096
2037,0.002687456736837819,0.266789432055927,0.173503
2038,0.002420090394560039,0.25823066030514874,0.204886
2039,0.001972189421393379,0.2500727789967852,0.23235299999999998
2040,0.0018296754753858054,0.2421755881002194,0.264244
2041,0.0014713546968524777,0.23780113027504207,0.28368899999999997
2042,0.0002599861557881021,0.2295336658672246,0.306623
2043,0.0001581904800684067,0.22348401541052207,0.331681
2044,0.0001571725233112097,0.2191534418533449,0.352993
2045,0.0004572661753328719,0.2184260345971322,0.373319
2046,0.012676513701697952,0.21925671021074655,0.395114
2047,0.06830082658088683,0.21060972342705514,0.407931
2048,0.16661285068610288,0.194827907332755,0.43078500000000003
2049,0.276268883097846,0.19068084400673574,0.392395
2050,0.35447982409707235,0.20022324845639636,0.37869
2051,0.3825747180259783,0.21059377710874116,0.41323899999999997
2052,0.37942312390569644,0.2227349211614022,0.426509
2053,0.36412465898448626,0.22773134918609989,0.426415
2054,0.3167415204202126,0.22600225799867332,0.42339499999999997
2055,0.25363787206319477,0.22639300658264022,0.409483
2056,0.18068651003705363,0.22605577384293515,0.408933
2057,0.0961277942912985,0.22570973873552075,0.395363
2058,0.03470672665825155,0.22600206664285352,0.368922
2059,0.011198847672950854,0.2271967648109405,0.33355999999999997
2060,0.0061661712610448305,0.23391750012757057,0.30915699999999996
2061,0.00596257990960544,0.2379049726999031,0.26011599999999996
2062,0.005860784233885745,0.23626288462519773,0.224863
2063,0.00551467893643878,0.23014026381589023,0.21233200000000002
2064,0.005015880125412273,0.225052048782977,0.188993
2065,0.004690133963109247,0.21779538960044909,0.190302
2066,0.00419133515208274,0.21036140735826908,0.175104
2067,0.0031937375300297244,0.20697530234219522,0.150344
2068,0.0015446475833706583,0.20529117977241415,0.134952
2069,0.0013695590211327822,0.20500656988314536,0.118658
2070,0.012465491265931028,0.20267566464254735,0.108476
2071,0.06976128914043732,0.19694519569321836,0.08975899999999999
2072,0.17856091453235068,0.17965052048782976,0.07586699999999999
2073,0.297994625188322,0.16864092718273208,0.078775
2074,0.37929984934239996,0.17037020972597847,0.077798
2075,0.41075165926951424,0.1708170893504108,0.068875
2076,0.40670680809479215,0.17304976527019442,0.060765
2077,0.3794688301640946,0.17581447415420728,0.06284100000000001
2078,0.3305454212305061,0.17647197275093124,0.070602
2079,0.26694898000732925,0.17873800836862783,0.077
2080,0.18781068040229656,0.1818541741082819,0.093474
2081,0.09899700720713385,0.18464867071490532,0.101828
2082,0.03550337961643389,0.18886953360208195,0.11330499999999999
2083,0.011572030620139256,0.1958056080012247,0.11864299999999998
2084,0.006391139704385358,0.2073529111598714,0.14011700000000002
2085,0.006146830082658089,0.21323984538449758,0.158375
2086,0.00611629137994218,0.21379624432311065,0.185364
2087,0.006075573109654302,0.21486113946012145,0.203679
2088,0.0060043161366505155,0.2131617084247589,0.237114
2089,0.005495337758052038,0.21332882584068988,0.256242
2090,0.004151634838552059,0.21359334336888303,0.28934
2091,0.002716315810904353,0.21197064601724752,0.31865299999999996
2092,0.0018219390040311086,0.2095172730519978,0.342907
2093,0.0016278146504336496,0.21066311170077057,0.378794
2094,0.0218053463088888,0.21160496504567028,0.399153
2095,0.10890264261574169,0.2028332142674899,0.40145299999999995
2096,0.2468771122602712,0.18711856406592847,0.399067
2097,0.3830277087829309,0.18788347706281575,0.395357
2098,0.47583340119711715,0.1976047992039598,0.383272
2099,0.5257173541267968,0.19642859876511715,0.372913
2100,0.5455132537969787,0.19907460325560036,0.369005
2101,0.5357134858911193,0.19827900954227687,0.360484
2102,0.4898649171383201,0.19265385007909375,0.35627200000000003
2103,0.39911244350339997,0.18463795478899833,0.343696
2104,0.2678823445580032,0.18187439403990407,0.332596
2105,0.12326621605114213,0.1768134791039445,0.32685899999999996
2106,0.03326397654627631,0.17086932948920752,0.31554099999999996
2107,0.009848120851826216,0.17392847119457056,0.309008
2108,0.005285435074718026,0.1818717788437006,0.288498
2109,0.005011604707032045,0.18615859570342402,0.261687
2110,0.0047563011523270495,0.18791288207378679,0.227742
2111,0.004013192719573273,0.18666913303056587,0.193948
2112,0.0033617003949672217,0.18403620452110017,0.18703000000000003
2113,0.0027712854757929884,0.18082212838699802,0.167177
2114,0.002038356610611181,0.17694972444761953,0.155304
2115,0.0013054277454293743,0.17335657243455632,0.147221
2116,0.0007280426727472618,0.1691502525896821,0.152751
2117,0.0012030212956553607,0.16500204112874417,0.157501
2118,0.029147563011523273,0.16243525794764502,0.170148
2119,0.13485911478480392,0.15603899831606877,0.177318
2120,0.2878304287633861,0.1419356916875032,0.179639
2121,0.4304557392401971,0.12589388681941113,0.179768
2122,0.5282003542489514,0.1256220339847936,0.178817
2123,0.5838914450914124,0.13746823493391847,0.184038
2124,0.6006153548597255,0.15111713527580753,0.199086
2125,0.5730687324402458,0.16107931060876665,0.177644
2126,0.508150067185146,0.1664902153390825,0.157683
2127,0.40229142066045037,0.16808663315813643,0.158959
2128,0.26282880003257464,0.16569576976067768,0.170685
2129,0.11549208029642899,0.1558843190284227,0.20822799999999997
2130,0.028402622256606537,0.15203060417410827,0.237355
2131,0.009218514597499899,0.15688702352400877,0.26885299999999995
2132,0.005028095606498636,0.16178388273715366,0.292723
2133,0.0037230750437721406,0.16852196764810942,0.30052999999999996
2134,0.002552119385968484,0.17236011889574934,0.32858699999999996
2135,0.0014120078179078951,0.17704878297698626,0.352052
2136,0.0007002524532757849,0.17476845945808034,0.38757600000000003
2137,0.00033388981636060105,0.17533206613257135,0.41957800000000006
2138,0.00020165723360071662,0.1712668393121396,0.488875
2139,0.0010914186245368296,0.17167289763739352,0.52643434
2140,0.0019984873162588053,0.17236662371791597,0.5585936600000001
2141,0.0029971700802149926,0.17323257386334642,0.557153
2142,0.033974001384421186,0.17064187120477622,0.559383
2143,0.13062960625432632,0.16576956932183495,0.536558
2144,0.2588590740665337,0.16897069704546616,0.52184
2145,0.3700836760454416,0.17048323723018832,0.483041
2146,0.45270705240441383,0.1659834413430627,0.48239399999999993
2147,0.49972189421393387,0.16688223962851456,0.452905
2148,0.5093288611099801,0.17090543195387048,0.410864
2149,0.48543741601856755,0.17462519773434707,0.378389
2150,0.42960717048739777,0.18044675205388577,0.359633
2151,0.34290239830611996,0.1860318543654641,0.384301
2152,0.22376837411946746,0.19091774251160892,0.375801
2153,0.09456706299116414,0.19087519773434705,0.376957
2154,0.021186733987540205,0.19273147675664645,0.38478099999999993
2155,0.005388961276924957,0.20364953819462164,0.355773
2156,0.0013130624211083511,0.21602687911415014,0.329701
2157,0.0006513905289303311,0.22003884523141296,0.303807
2158,0.00018313042061973207,0.21772573608205337,0.2895829999999999
2159,0.00018262144224113358,0.2145912639689749,0.27366499999999994
2160,0.00018313042061973207,0.20449985967239884,0.24953699999999998
2161,0.00018262144224113358,0.19761774761443077,0.225555
2162,0.00018262144224113358,0.18879841302240138,0.214283
2163,0.00018343580764689115,0.1809798055824871,0.213294
2164,0.0001985015676534061,0.1748339031484411,0.200443
2165,0.002344252616148866,0.1737352018166046,0.190531
2166,0.03646707927847225,0.16758917181201205,0.190125
2167,0.1401492324606051,0.1434928177782314,0.180925
2168,0.28197503970031357,0.10736681634944124,0.170226
2169,0.40489484506698165,0.09966397918048682,0.16272
2170,0.49418308970234937,0.10792685104862991,0.159086
2171,0.5464967018201066,0.11087245496759708,0.146504
2172,0.5591295451769209,0.11792882839210084,0.156874
2173,0.5309089335885012,0.1286273409195285,0.19108
2174,0.46608992629993073,0.13782594274633872,0.21446700000000002
2175,0.36304704996131765,0.14653614073582694,0.214473
2176,0.22516419642493588,0.14885792468234935,0.22482600000000003
2177,0.09399456411091657,0.14854314435883043,0.23061199999999998
2178,0.019795085304776253,0.153658595703424,0.237564
2179,0.004050449936886681,0.18929274889013625,0.299004
2180,0.0003248300012215481,0.2327875440118386,0.38697200000000004
2181,0.00017234007899344435,0.2518692274327703,0.45107299999999995
2182,0.00017244187466916404,0.2582335306424453,0.49537600000000004
2183,0.00017244187466916404,0.2569560391896719,0.529827
2184,0.00017244187466916404,0.25412072000816455,0.585647
2185,0.00017244187466916404,0.2525288309435117,0.6306860000000001
2186,0.00017234007899344435,0.24948008623768944,0.609792
2187,0.00017234007899344435,0.24995063019849978,0.5995179999999999
2188,0.00017631011034651247,0.2517056819921416,0.580392
2189,0.0018258072397084571,0.25679753278563044,0.61698
2190,0.03293344598721446,0.24305289074858397,0.597033
2191,0.124053605602834,0.22053209674950242,0.583807
2192,0.24505944867462026,0.20018038475276828,0.58917
2193,0.35421434097479537,0.19797328672756034,0.5886950000000001
2194,0.42873956594323875,0.2070418941674746,0.573587
2195,0.46985677348426247,0.22304523651579322,0.579121
2196,0.4739741031800969,0.24483747512374343,0.632093
2197,0.4397807321144998,0.2732976348420677,0.6638660000000001
2198,0.3746433079522782,0.30162735367658317,0.687067
2199,0.2784311250458081,0.3129250012757055,0.657163
2200,0.1732371024878863,0.3101743251518089,0.6841550000000001
2201,0.08304328352131601,0.29438306883706683,0.5826110000000001
2202,0.02589844863390203,0.29788768689085066,0.51331
2203,0.00847917260474775,0.30522114354237895,0.466082
2204,0.004582943116576407,0.30715900392917284,0.43227299999999996
2205,0.0032290606295044583,0.30472821095065583,0.478678
2206,0.0028220815179771158,0.29329023575037,0.502279
2207,0.0027102080703611713,0.2811257462876971,0.506537
2208,0.001549737367156643,0.2693455630963923,0.5469980000000001
2209,0.0005093855613013559,0.2553224983415829,0.543738
2210,0.0002823812044464351,0.24332646578557943,0.46573400000000004
2211,0.00028227940877071544,0.22961263203551563,0.398362
2212,0.00029042306282829107,0.2181271368066541,0.337051
2213,0.0014490614438698647,0.21173011175179873,0.26058400000000004
2214,0.021323038397328877,0.2008503214777772,0.21046199999999998
2215,0.074505374811678,0.17929479001888043,0.206723
2216,0.1588808583411377,0.16057629994386896,0.17811400000000002
2217,0.25423622704507515,0.1580416645404909,0.135264
2218,0.32775896819903094,0.16935965964178193,0.099646
2219,0.3692611669856265,0.18696452263101496,0.101488
2220,0.37874516470540326,0.20701523192325355,0.105551
2221,0.36120536259619695,0.22249298361994183,0.105822
2222,0.3147716722993607,0.2328427182732051,0.13129200000000002
2223,0.24775560894173215,0.24385900903199473,0.127886
2224,0.15976851663341338,0.24794847425626373,0.11857100000000001
2225,0.08129748768272325,0.25179115425830484,0.144067
2226,0.03367859033348264,0.2567058733479614,0.197127
2227,0.012509975976220531,0.26117575394192993,0.215544
2228,0.005936011238242599,0.271894550186253,0.18093700000000001
2229,0.005540127855368704,0.2689722916772975,0.17601999999999998
2230,0.005395577995846736,0.26853912588661527,0.18703
2231,0.005039293130827803,0.2604392891769149,0.21303699999999998
2232,0.004988395292967955,0.24575872582538144,0.217666
2233,0.004336902968361904,0.23413507169464715,0.21000299999999997
2234,0.0037668471843316097,0.2198779787722611,0.20376599999999997
2235,0.001649395333686225,0.20511270857784358,0.204927
2236,0.0007750722749297609,0.19551512986681635,0.195608
2237,0.0021467690052526566,0.18545555442159511,0.19434200000000001
2238,0.02666395211531415,0.1796696560698066,0.20096399999999998
2239,0.08892340893358848,0.16506238199724446,0.19031099999999998
2240,0.18245856915998207,0.1489562815737103,0.175431
2241,0.2811280996783257,0.1500896183089248,0.15454400000000001
2242,0.34615365039293133,0.16361037403684237,0.146283
2243,0.3662076021010628,0.18314748430882277,0.146206
2244,0.3664265645995357,0.20003954686941877,0.151817
2245,0.34373926055621157,0.21263433178547742,0.15381599999999998
2246,0.30164674864611757,0.2249914527733837,0.143233
2247,0.23649843234659393,0.23189888758483443,0.170144
2248,0.16373966773891444,0.2309463820993009,0.202216
2249,0.08743118612321348,0.2309820380670511,0.21350700000000003
2250,0.03248870067999511,0.2340643338266061,0.22601500000000002
2251,0.01090272405228226,0.24538666632647854,0.21571300000000002
2252,0.006282014740013844,0.24987663928152265,0.21443
2253,0.006007370006922106,0.2537226361177731,0.235181
2254,0.005987010871778167,0.25666702811654846,0.254879
2255,0.005722342114906959,0.2508972674388937,0.266022
2256,0.005447493790463781,0.24238748277797628,0.262969
2257,0.00413432957367971,0.23484034546103996,0.271019
2258,0.003890019951952441,0.22904436903607697,0.276929
2259,0.0024547009243047354,0.22439027657294486,0.245185
2260,0.0012121829064701333,0.22054351431341532,0.23036399999999999
2261,0.0019537644040881143,0.21241892891769146,0.254378
2262,0.02095708294311658,0.19864366994948202,0.302743
2263,0.07669469440938148,0.1765827039853039,0.328624
2264,0.15338002361659675,0.1581219064142471,0.342437
2265,0.230319231239057,0.14786210899627494,0.340801
2266,0.2769273993240767,0.153416020309231,0.34795299999999996
2267,0.3055027688423796,0.16439161606368324,0.33945
2268,0.3166971375055988,0.17452633056080016,0.34025700000000003
2269,0.3008378802068488,0.17602420013267334,0.31082400000000004
2270,0.2636095728653447,0.17781573710261778,0.288008
2271,0.20396962417036527,0.17254828545185488,0.270976
2272,0.13615029113563257,0.1690576363729142,0.269023
2273,0.0654067755201759,0.1679142215645252,0.28731
2274,0.01773708212875117,0.17174465479410114,0.295858
2275,0.004863593794535609,0.18115476858702867,0.31593899999999997
2276,0.0016668023942342928,0.189645098739603,0.305755
2277,0.001392055865466835,0.1965073735775884,0.287711
2278,0.0012801824178508897,0.20117186304026127,0.267181
2279,0.00046571521641760656,0.19864603000459255,0.221667
2280,0.0001806873244024594,0.19824431035362555,0.212825
2281,0.00017050775683048985,0.19841761494106244,0.20824099999999998
2282,0.00017050775683048985,0.19631837781293054,0.16880599999999998
2283,0.00017050775683048985,0.1975148619686687,0.139279
2284,0.00018302862494401238,0.19727381742103384,0.147204
2285,0.0014794983509100537,0.1994959687707302,0.148347
2286,0.02650311494767702,0.19419770883298465,0.15948299999999999
2287,0.09947524329166497,0.18485909833137726,0.142254
2288,0.1987733621075777,0.16619642037046486,0.12493899999999998
2289,0.29991011441833954,0.16329993111190488,0.123375
2290,0.382178631051753,0.1733253176506608,0.113649
2291,0.422168451484181,0.1880354135837118,0.124004
2292,0.4368924834073049,0.20234123845486554,0.177826
2293,0.4140548271509426,0.21251645660050006,0.22495500000000002
2294,0.3604998167677837,0.21801557636372915,0.241387
2295,0.2814979233682154,0.22167774404245547,0.257671
2296,0.18493444358483652,0.22274059805072208,0.259682
2297,0.08855867502748482,0.21405444710925145,0.26759700000000003
2298,0.023557758866403353,0.21093604888503342,0.291869
2299,0.004789181155584511,0.22068492626422415,0.33755
2300,0.0007363899181562768,0.2357226871459917,0.379214
2301,0.00033816523474082826,0.2372199826504057,0.39434400000000003
2302,0.0002719980455230262,0.2340180257182222,0.358627
2303,0.00018038193737530028,0.22089599173342855,0.286796
2304,0.00018038193737530028,0.20949482063581157,0.23617600000000002
2305,0.00018038193737530028,0.19484251416033066,0.18410100000000001
2306,0.00018038193737530028,0.18321968923814874,0.144297
2307,0.00018038193737530028,0.1727280323518906,0.12562
2308,0.00018190887251109573,0.16650022962698371,0.11055799999999999
2309,0.0017142391791196711,0.1612683063734245,0.096401
2310,0.03263630440978867,0.15497167933867423,0.089564
2311,0.11879015839407144,0.14086059090677144,0.08341900000000001
2312,0.23484557595993322,0.12226061386946983,0.06705
2313,0.3423542285923694,0.11838138490585294,0.06057100000000001
2314,0.4202159086282014,0.1341719395825892,0.060617
2315,0.4555808461256565,0.15628036179006993,0.06999
2316,0.4565884197239301,0.1667709343266827,0.06212
2317,0.42328993444358487,0.1697993315303363,0.058955999999999995
2318,0.36406571928824466,0.1717099556054498,0.062124
2319,0.2846620383566106,0.1766998137470021,0.074474
2320,0.1797551813998941,0.177562764708884,0.08468099999999999
2321,0.08103292072152775,0.18116695157422055,0.089458
2322,0.01787817093529867,0.18088425524314947,0.11174
2323,0.0024884970886436745,0.18721232841761495,0.13853800000000002
2324,0.0002823812044464351,0.19588119355003317,0.173238
2325,0.0001907650962987092,0.19926174924733378,0.184986
2326,0.0001907650962987092,0.19566993672500893,0.19686700000000001
2327,0.0001907650962987092,0.1914499668316579,0.204918
2328,0.0001907650962987092,0.18704036332091645,0.20923000000000003
2329,0.0001907650962987092,0.17798872276368832,0.177511
2330,0.0001907650962987092,0.1720473797009746,0.155394
2331,0.0001907650962987092,0.16907492218196662,0.17893699999999998
2332,0.00020532187792662567,0.1659514849211614,0.254819
2333,0.001446821939004031,0.16245101291013933,0.314573
2334,0.026476139093611302,0.1559191457876206,0.376239
2335,0.09797263732236655,0.14818333163239272,0.43517
2336,0.19366698562645057,0.1419553375516661,0.445659
2337,0.2864093611303392,0.14063721487982855,0.469566
2338,0.3536435726210351,0.15036032300862373,0.514103
2339,0.391336780813551,0.1627838444659897,0.5077659999999999
2340,0.3974099108269881,0.1740749859672399,0.48769700000000005
2341,0.3723421149069587,0.18927731285400823,0.49106099999999997
2342,0.3310112382425994,0.20440481961524723,0.474204
2343,0.26523484262388536,0.22101680104097568,0.456958
2344,0.17759416100004066,0.2288828009389192,0.464642
2345,0.08755608941732156,0.23411370362810638,0.45613899999999996
2346,0.02453672787979967,0.23040873603102513,0.4604690000000001
2347,0.004648499531739891,0.23326842118691637,0.488654
2348,0.0014326723400789932,0.24218528346175439,0.51095
2349,0.0007302821776130951,0.23819136857682296,0.507386
2350,0.0004247933547782891,0.23589190947594021,0.477545
2351,0.00020074107251923936,0.23319889523906723,0.44235
2352,0.00019056150494726982,0.2350695897331224,0.407292
2353,0.00019056150494726982,0.23384740011226204,0.38145
2354,0.0001907650962987092,0.23965211511966114,0.36119
2355,0.0001907650962987092,0.2476622697351636,0.36639700000000003
2356,0.00021010627468545136,0.24807132469255502,0.353298
2357,0.00179150209699092,0.2507473082614686,0.35424700000000003
2358,0.02879229610326154,0.2420990457723121,0.336947
2359,0.10485412679669369,0.2253716767872634,0.368933
2360,0.20540596115477017,0.22080822319742818,0.39501400000000003
2361,0.29597428641231327,0.22169451956932187,0.40335499999999996
2362,0.3613677266989698,0.22405227840996073,0.397426
2363,0.4069860336332913,0.22951740062254428,0.393646
2364,0.420890101388493,0.23694800224524162,0.39213
2365,0.4058612932122643,0.23841027963463793,0.408023
2366,0.3554036198542286,0.24010951931418073,0.402823
2367,0.28435451362026143,0.2480791702811655,0.4189
2368,0.19165743719206807,0.25847361841098127,0.496179
2369,0.09642768435196869,0.26469517017910904,0.538235
2370,0.03032187792662568,0.2679621880900137,0.549369
2371,0.007297731992344966,0.2745396616829106,0.54995
2372,0.003356508815505517,0.2771699112108997,0.5326110000000001
2373,0.0025829634757115515,0.2768281497167934,0.49368999999999996
2374,0.0025422452054236736,0.270761596162678,0.43287600000000004
2375,0.0024709882324198866,0.2608075215594224,0.373248
2376,0.0011883627183517246,0.2531841608409451,0.344287
2377,0.0008626165560486991,0.25099785681481857,0.378154
2378,0.0008626165560486991,0.24459400673572482,0.38432
2379,0.0008320778533327905,0.24040688625810072,0.377012
2380,0.0005939777678244228,0.238710899627494,0.383893
2381,0.0022647501934117843,0.23959222074807368,0.43443699999999996
2382,0.031742029398591144,0.2287772363116804,0.46874799999999994
2383,0.1082282462640987,0.20388273715364597,0.480245
2384,0.21774288448226717,0.19333156860743989,0.47020500000000004
2385,0.3259266460360764,0.20350480940960347,0.4558940000000001
2386,0.39451596156195284,0.20928586008062458,0.420029
2387,0.427652184535201,0.20745126805123235,0.386027
2388,0.4297302414593429,0.20552673878654895,0.359194
2389,0.40985127651777353,0.2093037199571363,0.356582
2390,0.36484140233722867,0.2139830713884778,0.370952
2391,0.2916786106926178,0.22253048936061642,0.40541
2392,0.1978958833828739,0.23579068224728278,0.43565699999999996
2393,0.10384014007084975,0.24747844057763943,0.44186100000000006
2394,0.03585885011604707,0.2475248124712966,0.43615999999999994
2395,0.010058532513538825,0.2557503699545849,0.44301999999999997
2396,0.004233885744533572,0.26710886870439354,0.4340539999999999
2397,0.0039694205790138035,0.2669334592029392,0.412574
2398,0.003216234374363777,0.26045140837883346,0.362402
2399,0.0025648438454334457,0.25084266724498655,0.316979
2400,0.001872633250539517,0.23893185181405321,0.263343
2401,0.001526731544443992,0.22491050926162168,0.23068400000000003
2402,0.0011091656826418014,0.21550243659743834,0.209752
2403,0.0009259334663463497,0.2074587947134765,0.20358600000000002
2404,0.0006629952359623764,0.20028913864366993,0.199064
2405,0.002481676778370455,0.1962896744399653,0.19164299999999998
2406,0.0347312594161,0.18523651579323366,0.189163
2407,0.12303575064131275,0.15694041179772414,0.182833
2408,0.24153253389796003,0.14238148696229014,0.17531
2409,0.352370312309133,0.15363218860029595,0.16166
2410,0.4011629137994218,0.16371134612440683,0.147923
2411,0.41123091331080264,0.16472081185895804,0.12763
2412,0.4027817704303921,0.16580822319742816,0.12156299999999999
2413,0.38306455881754137,0.17166300964433331,0.11267100000000001
2414,0.3354435237591107,0.17969657345512066,0.124751
2415,0.26904770145364226,0.1915327601163443,0.148928
2416,0.19026192027362673,0.19859570342399346,0.171428
2417,0.10426839447860256,0.1985799484614992,0.19284900000000002
2418,0.038475202573394686,0.1981101061386947,0.2119
2419,0.011849831019178305,0.19561552788692146,0.257287
2420,0.006495276680646606,0.20149289432055928,0.286988
2421,0.006138991815627673,0.20367575394192988,0.26812
2422,0.006118632680483733,0.20113327294994132,0.259959
2423,0.0060982735453397946,0.19384153186712252,0.2496
2424,0.00596614275825563,0.1855135990202582,0.217131
2425,0.005619935665132946,0.17965842986171354,0.206058
2426,0.004795594283154852,0.17183994999234578,0.206473
2427,0.002891709760169388,0.16795740419451957,0.210579
2428,0.0019313693554297816,0.16530482982089098,0.204007
2429,0.003194348304084042,0.16544509363678114,0.18269100000000002
2430,0.03099892096583737,0.1600450961881921,0.20558099999999999
2431,0.10593641842094548,0.1480122595295198,0.223796
2432,0.21147522293252982,0.1407891514007246,0.238313
2433,0.3155363614153671,0.14663169107516452,0.21470799999999998
2434,0.3725709515859767,0.15355519977547585,0.20015700000000003
2435,0.39363614153670756,0.15504413940909323,0.11110999999999999
2436,0.3837237876135022,0.15554000612338625,0.117
2437,0.35479386375666755,0.1631281573710262,0.119746
2438,0.31966061321715056,0.16838055569730062,0.159202
2439,0.24669734109695018,0.17579399908149204,0.163386
2440,0.17952441060303762,0.17452633056080008,0.216244
2441,0.10615853658536585,0.1680835076797469,0.275125
2442,0.04658017427419683,0.15944200642955556,0.28469900000000004
2443,0.015300908017427419,0.15546091238454865,0.350985
2444,0.007281037501526935,0.15721366790835337,0.313629
2445,0.006517569933629219,0.15766316272898911,0.314538
2446,0.006487031230913311,0.1578404857886411,0.27024699999999996
2447,0.006466672095769371,0.1550087385824361,0.277344
2448,0.0064768516633413415,0.15166715568709496,0.28742599999999996
2449,0.0064463129606254325,0.14887144716027967,0.299026
2450,0.006436133393053463,0.14851692861152216,0.311621
2451,0.006364876420049676,0.14684830586314232,0.329866
2452,0.005448206360193818,0.14794439199877532,0.317325
2453,0.004689828576082088,0.14912014594070522,0.32437
2454,0.02771774095036443,0.1466344976271878,0.327194
2455,0.09708945803982247,0.13140295708526814,0.420404
2456,0.20059163646728284,0.12313504618053783,0.477504
2457,0.3037508652632437,0.13515002296269837,0.496478
2458,0.3723529052485851,0.1511254273613308,0.508656
2459,0.4032220367278799,0.15791690054600194,0.516418
2460,0.4017438617207541,0.15940979486656123,0.5159600000000001
2461,0.3760741479701943,0.16612708577843546,0.517365
2462,0.3338894091778981,0.17233033117313873,0.486625
2463,0.279525733946822,0.17598088993213246,0.51389
2464,0.20200578199438085,0.18086499209062612,0.55817
2465,0.11780304572661751,0.17417232229422874,0.59266
2466,0.0463588704751822,0.16549631321120584,0.63678
2467,0.014081090435278311,0.1679988008368628,0.6192409999999999
2468,0.006787226678610692,0.18270876919936727,0.683634
2469,0.0058303473268455554,0.19341767872633567,0.654083
2470,0.00483274970479254,0.19389804561922744,0.658344
2471,0.0046087992182092105,0.1873151502781038,0.680343
2472,0.004588440083065272,0.18417404449660663,0.688144
2473,0.004588541878740991,0.18018689085064044,0.6352359999999999
2474,0.0045782605154933015,0.17728702097259783,0.609033
2475,0.004150718677470581,0.17299911976322907,0.603928
2476,0.003713506250254489,0.16843088227789968,0.578362
2477,0.003608453112911764,0.16728625554931878,0.5653600000000001
2478,0.028845535241662935,0.16136589784150634,0.54202
2479,0.09558308563052244,0.14713476552533553,0.5536610000000001
2480,0.1837165601205261,0.14079010817982346,0.5529160000000001
2481,0.27408760535852433,0.1472170485278359,0.535798
2482,0.34310690581864073,0.16254152421288973,0.5094069999999999
2483,0.3729835294596685,0.1764094631831403,0.47144300000000006
2484,0.3701705077568304,0.190947657804766,0.414366
2485,0.34360662079074883,0.1991198907996122,0.391755
2486,0.30599576529989003,0.20598624789508596,0.395747
2487,0.25398560609145326,0.21051710721028727,0.378492
2488,0.18112209373345822,0.2091955401336939,0.39029400000000003
2489,0.09988761757400545,0.2035923228045109,0.37539799999999995
2490,0.035907101266338205,0.19516329029953564,0.40895
2491,0.010459912862901585,0.19265621013420423,0.46353900000000003
2492,0.005015981921087992,0.19616580343930196,0.5152220000000001
2493,0.0040285638666069466,0.1970317523090269,0.529728
2494,0.003458508082576652,0.19388586263203553,0.555108
2495,0.0028680931634024187,0.189887418992703,0.554202
2496,0.0028070157579706016,0.19068460733785786,0.54056
2497,0.002725579217394845,0.1910927693014237,0.526454
2498,0.0019112138116372816,0.19785783538296675,0.492504
2499,0.001229284579991042,0.20025054855335003,0.467699
2500,0.0011964045767335805,0.2042018548757463,0.450492
2501,0.004269514231035465,0.20640793233658214,0.486755
2502,0.046098884319394115,0.204008521712507,0.523832
2503,0.15339743067714484,0.19125912129407563,0.5307339999999999
2504,0.2923143246874873,0.17981202479971423,0.505599
2505,0.4089662649130665,0.1885093381640047,0.466617
2506,0.49377818009690944,0.20983764543042302,0.47432799999999997
2507,0.5455372439838756,0.2376148345410012,0.502301
2508,0.572800297243373,0.26564710159718324,0.519294
2509,0.5450137424162221,0.27646546665305916,0.514791
2510,0.48844761594527464,0.2819252309026891,0.517138
2511,0.3942429455596727,0.2856751033321427,0.5361859999999999
2512,0.2709222688220204,0.30381136143287235,0.5448559999999999
2513,0.13740685695671648,0.3087083482165638,0.5720810000000001
2514,0.04191640539109898,0.28753163749553506,0.6462870000000001
2515,0.009463536788957205,0.29272611879369287,0.663285
2516,0.0030309662445539313,0.30539483084145536,0.717703
2517,0.0019142676819088726,0.30317790988416593,0.759893
2518,0.0012749908383891853,0.28584387916517834,0.7874800000000001
2519,0.0012749908383891853,0.26542704240444964,0.798567
2520,0.0012749908383891853,0.24638892432515186,0.772192
2521,0.001122297324809642,0.2309235469714752,0.7235590000000001
2522,0.0004606254326316218,0.21822632290656735,0.690427
2523,0.00039954802719980453,0.20681175690156653,0.681559
2524,0.0004753858056109776,0.20064537939480534,0.6727219999999999
2525,0.006629545176920886,0.20033908251262952,0.643417
2526,0.06028278838714931,0.18147407766494872,0.637108
2527,0.18096278350095685,0.15198353064244524,0.623484
2528,0.32613105175292145,0.12775469459611163,0.5918439999999999
2529,0.449733804307993,0.12043948053273461,0.5562590000000001
2530,0.533675536463211,0.1298392611113946,0.551048
2531,0.5707166415570666,0.14848471704852784,0.5611950000000001
2532,0.5725351195081233,0.1597275093126499,0.565149
2533,0.5341286290158394,0.16370018370158698,0.5749660000000001
2534,0.47000508978378597,0.16438562024799713,0.580758
2535,0.3776601245979071,0.16826580599071286,0.571499
2536,0.2593700883586465,0.1748434709394295,0.5955520000000001
2537,0.13435166334134127,0.18044738990661838,0.621882
2538,0.04882639765462763,0.18147101597183238,0.6588390000000001
2539,0.013873630848161572,0.20116210389345307,0.688148
2540,0.007213546968524777,0.22681692350870028,0.700541
2541,0.006867441671077812,0.24079291473184677,0.712838
2542,0.006826723400789934,0.24946943409705566,0.714041
2543,0.006816543833217965,0.24340115834056233,0.7110070000000001
2544,0.0067860051305020565,0.23949813747002097,0.679087
2545,0.006693371065597133,0.23326682655508502,0.642566
2546,0.006050022395048659,0.22475162014594072,0.630826
2547,0.004960808664847917,0.21993965913149974,0.616818
2548,0.003034427297528401,0.22123392611113948,0.5985465
2549,0.007659310232501324,0.22400750114813497,0.546409
2550,0.055468260108310595,0.21046218809001377,0.531051
2551,0.16423317317480357,0.17929587436852581,0.502901
2552,0.2877396270206442,0.15698754911466042,0.472443
2553,0.39106295044586514,0.1567275603408685,0.474459
2554,0.4665378272730975,0.18118774557330203,0.497194
2555,0.5097600675923286,0.19753214777772105,0.5270130000000001
2556,0.5188916486827639,0.2056020691942644,0.552392
2557,0.4924516470540331,0.20517974690003574,0.552821
2558,0.43331070076143163,0.19755045415114558,0.543693
2559,0.34371248829349726,0.19194136857682298,0.56675
2560,0.2249341381978094,0.18809792315150275,0.5394329999999999
2561,0.10644570218657111,0.18741542072766237,0.56036
2562,0.027168655075532396,0.1931929632086544,0.604641
2563,0.0028346023860906394,0.21825330407715465,0.628832
2564,0.00018547172116128505,0.2490779838750829,0.621367
2565,0.00018567531251272444,0.2611671429300403,0.6164179999999999
2566,0.00018577710818844416,0.25796792876460684,0.6427039999999999
2567,0.00018577710818844416,0.249986796448436,0.6587850000000001
2568,0.00017559754061647462,0.23992313874572635,0.647256
2569,0.00017559754061647462,0.22469032249834164,0.609132
2570,0.00017559754061647462,0.2151643108639077,0.58296
2571,0.00017559754061647462,0.20796607899168237,0.5657439999999999
2572,0.00023962702064416307,0.2001503418890646,0.5546570000000001
2573,0.007382425994543752,0.20152306475480936,0.534475
2574,0.06282401563581579,0.1901961397152625,0.500876
2575,0.1829423022110021,0.15477222278920244,0.46307800000000005
2576,0.31974082820961763,0.12029538960044903,0.434554
2577,0.43290443421963437,0.11943735010460785,0.394382
2578,0.508821206075166,0.140521763535235,0.39628500000000005
2579,0.548017529215359,0.17826759197836403,0.438475
2580,0.5554842420293985,0.2094448129815788,0.504198
2581,0.5290393542082332,0.21479601469612697,0.5546530000000001
2582,0.4676099393297773,0.22440233198959025,0.5955159999999999
2583,0.3743161366505151,0.22595977700668465,0.6560299999999999
2584,0.2507329288651818,0.2234455528907486,0.700345
2585,0.12186265727431901,0.21794841047099042,0.73561
2586,0.03293405676126879,0.20571190743481144,0.745843
2587,0.004605032778207582,0.22173770219931627,0.760038
2588,0.0005053137342725681,0.25350838138490583,0.758067
2589,0.000328189258520298,0.2691411950808797,0.7585930000000001
2590,0.0001754957449407549,0.27363378323212734,0.7537790000000001
2591,0.00017539394926503524,0.2672396922998418,0.7498819999999999
2592,0.0001760047233193534,0.26079942082971885,0.711695
2593,0.00017529215358931552,0.2507341047099046,0.6309469999999999
2594,0.0001760047233193534,0.24076242537123027,0.5423680000000001
2595,0.00017529215358931552,0.23330937133234678,0.465242
2596,0.00024380064334867058,0.22671614277695562,0.407573
2597,0.008122684148377378,0.22073333928662553,0.348313
2598,0.0668219390040311,0.20091940092871355,0.312046
2599,0.18895537277576446,0.1629125631474205,0.27803799999999995
2600,0.3316547905044994,0.12763439557075063,0.235803
2601,0.44940368093163396,0.12271942134000101,0.201021
2602,0.5315987010871778,0.1315238301780885,0.19391399999999998
2603,0.5763176432265157,0.14937739194774707,0.21358900000000003
2604,0.5845113807565454,0.1667664693575547,0.24190699999999998
2605,0.5592734842623884,0.16788953666377504,0.282872
2606,0.4998188036972189,0.16636372914221567,0.324196
2607,0.40506789771570495,0.1646908965658009,0.35331
2608,0.27537196139907977,0.16793035923865898,0.386433
2609,0.13331874261981352,0.17336614022554472,0.405221
2610,0.03831925159819211,0.17567771852834616,0.405154
2611,0.0064793965552343335,0.19737510843496453,0.395218
2612,0.0004959485321063562,0.22735559014134818,0.408987
2613,0.00033816523474082826,0.23443390569985204,0.437796
2614,0.00033796164338938887,0.22583603357656784,0.40773899999999996
2615,0.00033816523474082826,0.21442880287799154,0.35779500000000003
2616,0.00025672869416507184,0.20745956013675565,0.28421399999999997
2617,0.00017529215358931552,0.19576172373322445,0.22347399999999998
2618,0.0001754957449407549,0.18421824769097309,0.187641
2619,0.0001754957449407549,0.1797219599938766,0.177412
2620,0.0002745429374160186,0.17709879063121906,0.168577
2621,0.009793761960991899,0.18017458029290198,0.174452
2622,0.07047273911804226,0.174650073990917,0.16235099999999997
2623,0.1974248747913189,0.15369112619278463,0.142478
2624,0.33935156154566554,0.13039400163290302,0.12075600000000002
2625,0.4537760087951464,0.1300478389549421,0.113499
2626,0.5307433120241052,0.14349632596826045,0.11229099999999999
2627,0.572657579706014,0.15660598561004233,0.10121000000000001
2628,0.580253471232542,0.16126409654538962,0.103663
2629,0.5557156236003093,0.16152242690207685,0.095638
2630,0.49347072356366306,0.15660413583711796,0.097722
2631,0.39343906510851423,0.157359289687197,0.109573
2632,0.266347672950853,0.16456294330764915,0.134641
2633,0.13247231157620426,0.1712879522375874,0.151951
2634,0.03833614968036157,0.17836046333622496,0.16443500000000003
2635,0.005435787287756016,0.1989527733836812,0.159696
2636,0.00020277698603363332,0.22515308465581466,0.1702
2637,0.00018038193737530028,0.23512361585957028,0.18870900000000002
2638,0.00018058552872673967,0.23009625197734346,0.201691
2639,0.00018058552872673967,0.22258368627851202,0.16597199999999998
2640,0.00018048373305102,0.2099928560493953,0.151347
2641,0.00018038193737530028,0.19569506812267184,0.14344500000000002
2642,0.00018038193737530028,0.17922424350665916,0.11598699999999999
2643,0.00018038193737530028,0.16930882277899678,0.090379
2644,0.000298464921210147,0.16377245241618613,0.05819300000000001
2645,0.010991082698806954,0.15636124151655864,0.051263
2646,0.07042163768883097,0.1438669821911517,0.054639
2647,0.18419540697911155,0.12330375822830027,0.03563
2648,0.31323252168247895,0.0968178165025259,0.029066
2649,0.41861506983183344,0.0864860055110476,0.022189
2650,0.49379962539191335,0.09538303056590293,0.018120999999999998
2651,0.5327413575471313,0.11212379445833548,0.018711000000000002
2652,0.5366694490818029,0.12112657549624943,0.027408000000000005
2653,0.5022201636874466,0.12113135939174362,0.046567
2654,0.44227299564314504,0.12236534928815636,0.066161
2655,0.34822417443706993,0.12522930805735571,0.089764
2656,0.23565413901217477,0.12922264887482776,0.111675
2657,0.11675088562237877,0.13244163647497065,0.127748
2658,0.035127549981676776,0.1364175639128438,0.14683000000000002
2659,0.00681837615538092,0.15075738633464306,0.1601
2660,0.001648377376929028,0.1762373705158953,0.210548
2661,0.0011270817215684678,0.1958935041077716,0.275301
2662,0.000811515126837412,0.20438606674490992,0.37403000000000003
2663,0.0005775886640335519,0.20586441802316682,0.45219899999999996
2664,0.0005674090964615824,0.20157415675868756,0.499809
2665,0.00042489515045400874,0.1949184824207787,0.524956
2666,0.0003129199071623437,0.19617294738990662,0.488334
2667,0.00031271631581090433,0.19853325764147575,0.460012
2668,0.000491978500753288,0.19933306118283411,0.505803
2669,0.01124272160918604,0.20245247997142415,0.536955
2670,0.06953703326682682,0.1901863167831811,0.556045
2671,0.17667158679099315,0.16064321069551463,0.5494060000000001
2672,0.30262846614275823,0.14431513752104913,0.5531510000000001
2673,0.416993057534916,0.1580730468949329,0.45337000000000005
2674,0.48954599128629017,0.18706989590243406,0.460711
2675,0.5289439716600839,0.19117887942031944,0.482308
2676,0.520984160592858,0.1891399193754146,0.481142
2677,0.4899236532432101,0.20615311016992394,0.429522
2678,0.42762246019789085,0.23605519977547584,0.47814699999999993
2679,0.33858595626857774,0.26693447976731133,0.486217
2680,0.22827761716682277,0.30776528295147215,0.523409
2681,0.1172313612117757,0.32675211767107215,0.550998
2682,0.039263610081843724,0.3256266903097413,0.757655
2683,0.009226047477503154,0.34702275858549775,0.8078489999999999
2684,0.004466183476525917,0.37654188141041994,0.819566
2685,0.003824667128140396,0.39225742460580704,0.842
2686,0.0023791685329207215,0.3856705107924683,0.659731
2687,0.0013408526405798281,0.3722579348879931,0.673295
2688,0.0006282829105419603,0.3599117211818135,0.673104
2689,0.0003025367482389348,0.3592530744501709,0.652399
2690,0.0003025367482389348,0.3568698652855028,0.615399
2691,0.0003025367482389348,0.35797194723682196,0.616472
2692,0.0005150861191416589,0.3748619048834005,0.8448029999999999
2693,0.01029378232012704,0.37719650966984747,0.8521700000000001
2694,0.05589712529011767,0.3672039725468184,0.845166
2695,0.13913331161692252,0.3615073735775884,0.813601
2696,0.2325657600065149,0.36189397611879376,0.782795
2697,0.31548984079156317,0.36064321069551464,0.7325649999999999
2698,0.37577894051060706,0.36840345461039953,0.709625
2699,0.4068057534915917,0.36653237740470485,0.673458
2700,0.3980514271753736,0.37624024085319185,0.688966
2701,0.3594095850808256,0.38395353880696026,0.696033
2702,0.30441579461704465,0.39160764402714704,0.744323
2703,0.2452294474530722,0.3968067816502526,0.744798
2704,0.16699967425383772,0.4007529851507884,0.752494
2705,0.08905441996823978,0.396607133744961,0.74497
2706,0.03185563337269433,0.38411255549318774,0.725712
2707,0.007261594527464472,0.3762943945501863,0.720064
2708,0.0015568630644570219,0.37200547277644536,0.708101
2709,0.0009135143939085469,0.36709234831862014,0.686167
2710,0.00041481737855775887,0.36638012195744246,0.656741
2711,0.0003132252941895028,0.36254535132928506,0.663158
2712,0.0003131234985137831,0.35341933714344037,0.663812
2713,0.0003028421352660939,0.35186597438383427,0.670061
2714,0.00031302170283806343,0.3454634637954789,0.666007
2715,0.0003028421352660939,0.337833979690769,0.665011
2716,0.0004978826499450303,0.33790624840536815,0.70697
2717,0.010378679913677268,0.3346507756289228,0.780278
2718,0.05925383769697464,0.32739819870388326,0.7884329999999999
2719,0.15598792703285966,0.31369712200847066,0.770503
2720,0.27707714076306045,0.314723554625708,0.747028
2721,0.38057382222403197,0.3197296780119406,0.7324280000000001
2722,0.45657355755527507,0.33560691687503186,0.718489
2723,0.496449366830897,0.3507911925294688,0.738236
2724,0.5016071501282624,0.3650303617900699,0.728835
2725,0.47035027892015135,0.3748337755778946,0.780834
2726,0.4007968565495338,0.38523090268918714,0.8045469999999999
2727,0.30902286330876666,0.39009095779966324,0.796539
2728,0.19477187589071218,0.3948020742970863,0.783388
2729,0.09374323058756465,0.39839305761085875,0.784671
2730,0.02958161977279205,0.39053298974332806,0.6977700000000001
2731,0.00563489962946374,0.39934486145838644,0.6645810000000001
2732,0.0013665051508611914,0.41248080063274994,0.705615
2733,0.0013540860784233887,0.4050127570546512,0.7215960000000001
2734,0.0013542896697748279,0.3948738327294994,0.675523
2735,0.0013441101022028583,0.37863461244067975,0.73577
2736,0.0013441101022028583,0.3526032045721284,0.710486
2737,0.0013441101022028583,0.3323808491095576,0.532227
2738,0.0013441101022028583,0.30806398938613055,0.448558
2739,0.0013659961724825933,0.2936466678573251,0.522312
2740,0.0013851337595178958,0.2945987268459458,0.4740059999999999
2741,0.012986888716967305,0.29007303413787827,0.43042299999999994
2742,0.06943452502137709,0.2647650150533245,0.444154
2743,0.17735718066696524,0.23561686737765986,0.443896
2744,0.2937511706502708,0.21733122416696432,0.509979
2745,0.39062013925648437,0.21989360616420886,0.428725
2746,0.4566006352050164,0.23600295963667908,0.376798
2747,0.4777170283806344,0.2517060647037812,0.378879
2748,0.46842847835823936,0.26617281981936014,0.33882799999999996
2749,0.4444440938148948,0.27446618104811954,0.3078
2750,0.38868632680483733,0.27613046639791805,0.276715
2751,0.31011024471680443,0.2861254273613308,0.298468
2752,0.21119070401889325,0.28484449150380153,0.31258700000000006
2753,0.11620841646646851,0.2733622493238761,0.338042
2754,0.04551193045319435,0.26020998111955906,0.34799
2755,0.010999938922594567,0.2668621472674389,0.405775
2756,0.0026409870108717783,0.2839662958616115,0.297085
2757,0.001791807484018079,0.2996716334132775,0.22579000000000002
2758,0.00132354737570748,0.3016282466704088,0.253878
2759,0.0007729345657396475,0.28820808031841616,0.231277
2760,0.0006325583289221874,0.27293635505434505,0.175614
2761,0.0004656134207418869,0.25517987447058227,0.160156
2762,0.0003433568142025327,0.23363110425065062,0.149486
2763,0.000336231116902154,0.22497040363320917,0.133943
2764,0.000619324891078627,0.22143063989386128,0.142092
2765,0.011892585202980577,0.21577703219880592,0.147431
2766,0.05856997434748972,0.19444366484666023,0.164219
2767,0.13972749297609838,0.16882475634025618,0.186478
2768,0.23252524532757846,0.16234793590855742,0.212784
2769,0.3155923490370129,0.1672412869316732,0.199114
2770,0.35837462844578355,0.17277383017808848,0.19886600000000001
2771,0.3669749379046378,0.17787588661529824,0.172412
2772,0.3591751496396435,0.18509497627187832,0.132325
2773,0.33599322040799706,0.19614073582691227,0.10489299999999999
2774,0.30826255140681624,0.20812273562279945,0.107456
2775,0.24929445417158677,0.2164216461703322,0.12986599999999998
2776,0.19122429659188078,0.21938332397815993,0.164192
2777,0.12110407589885583,0.21825993774557328,0.20053400000000002
2778,0.058041756586180215,0.2208602719804052,0.18362799999999999
2779,0.019137281648275585,0.21799089146297906,0.207272
2780,0.007415204202125494,0.21904322090115835,0.22803099999999998
2781,0.006217883464310437,0.22251760473541873,0.262289
2782,0.00613644692373468,0.22354633362249327,0.252723
2783,0.0061272853129199075,0.2295028575802419,0.289906
2784,0.006105908221018772,0.23863678113997042,0.353517
2785,0.005963394275011198,0.24111841098127265,0.41446900000000003
2786,0.004884360112382426,0.24513828647241925,0.46783100000000005
2787,0.00403416262877153,0.2445711078226259,0.516845
2788,0.003926462803860092,0.2441083456651528,0.502167
2789,0.013517956757196956,0.23665203857733327,0.506728
2790,0.057927338246671276,0.2255192121243047,0.485174
2791,0.14645700150657598,0.21498169362657552,0.502253
2792,0.2548909768313042,0.22180110476093282,0.519061
2793,0.34790372164990424,0.22860680206154002,0.5397489999999999
2794,0.3964822468341545,0.23701063938357908,0.512403
2795,0.4213259904719247,0.2419455784048579,0.4470460000000001
2796,0.4255306608575268,0.24481878603867938,0.384236
2797,0.40646280386009204,0.2513671097616982,0.32790800000000003
2798,0.3626314182173541,0.25486643363780165,0.29627200000000004
2799,0.29810598965755936,0.257440233198959,0.295888
2800,0.21722403192312395,0.2566209751492575,0.268466
2801,0.1292077242558736,0.24837271010869008,0.270402
2802,0.059782768028014174,0.2415518319130479,0.248052
2803,0.019894743271305835,0.22973905444710924,0.23762199999999997
2804,0.008211551773280671,0.2245938153799051,0.24439700000000003
2805,0.006801274481860011,0.21963246925549829,0.22155100000000003
2806,0.006719837941284254,0.2190389472878502,0.219323
2807,0.006719837941284254,0.21663054294024597,0.20281300000000002
2808,0.006719837941284254,0.21560481196101441,0.20492399999999997
2809,0.006780915346716072,0.21533621217533294,0.20794200000000002
2810,0.0067595382548149355,0.21650915956523956,0.19846899999999998
2811,0.006713526609389632,0.21473369648415572,0.176899
2812,0.006971273260311901,0.20980322243200486,0.137914
2813,0.015876664359298017,0.20063479103944482,0.125579
2814,0.05816106111812371,0.18304753278563046,0.076685
2815,0.13819414471273261,0.16810232433535746,0.05985099999999999
2816,0.2286157824015636,0.1600786472419248,0.048440000000000004
2817,0.3028167881428397,0.15435698066030515,0.050547999999999996
2818,0.355934789690134,0.1509458080318416,0.049636
2819,0.3909962742782687,0.15104945910088283,0.050286000000000004
2820,0.40763019666924555,0.15073295657498598,0.053564
2821,0.40687334582026946,0.1463327294994132,0.050503000000000006
2822,0.37510444236328844,0.1407942542225851,0.053784000000000005
2823,0.3191497007207134,0.13859315201306324,0.068257
2824,0.24098151390528927,0.13777969842322804,0.084866
2825,0.1441607964493668,0.13851195336020822,0.099313
2826,0.06142839692169877,0.13961339745879467,0.096309
2827,0.018794128425424488,0.14281739551972242,0.079823
2828,0.007524329166497007,0.14970314333826606,0.06027999999999999
2829,0.006563174396351643,0.15039336378017046,0.05519400000000001
2830,0.006522456126063765,0.14545057917028117,0.049443
2831,0.006512276558491795,0.1424357682298311,0.064218
2832,0.006471558288203917,0.1391495509516763,0.078688
2833,0.006339223909768313,0.13330120681737004,0.071354
2834,0.005372164990431206,0.1315380542940246,0.06918400000000001
2835,0.004930677144834888,0.13133617390416902,0.09284400000000001
2836,0.003949570422248463,0.13285681481859468,0.11792899999999999
2837,0.013094690337554464,0.1310007271521151,0.13909000000000002
2838,0.056806567856997434,0.12569347349084045,0.149971
2839,0.13316248625758376,0.12193473490840434,0.15904200000000002
2840,0.23136711592491552,0.12501939072306986,0.151031
2841,0.3077364713546969,0.1360389345307955,0.146601
2842,0.34504417932326237,0.14976571669133026,0.151062
2843,0.35828311413331165,0.16124732101852324,0.170012
2844,0.3585736389918156,0.1669861458386488,0.209484
2845,0.3492705321877927,0.17477075572791753,0.23571099999999998
2846,0.3170735779144102,0.1840761341021585,0.27091000000000004
2847,0.26014963964330795,0.19534252691738535,0.29695
2848,0.19007105338165234,0.19554408838087461,0.32725699999999996
2849,0.1162073985097113,0.19695757003623005,0.330208
2850,0.05294169143694776,0.19643484972189618,0.312681
2851,0.017911865303961886,0.19242409552482526,0.291042
2852,0.01025764485524655,0.19405482982089098,0.257994
2853,0.006766765747791034,0.19480232943817932,0.222791
2854,0.006542815261207704,0.19045319436648467,0.20710599999999998
2855,0.0061967099637607395,0.1823453844976272,0.181855
2856,0.005657192882446354,0.173361228759504,0.165163
2857,0.005504499368866811,0.16767604735418684,0.1498
2858,0.004934443584836516,0.16084145532479466,0.125147
2859,0.004402153996498229,0.15631767617492473,0.126001
2860,0.0040539109898611505,0.1528249221819666,0.12634
2861,0.014366220122969179,0.14369163647497066,0.107867
2862,0.06602732195936317,0.11993895749349393,0.093589
2863,0.1681789771570504,0.09469153441853345,0.075379
2864,0.29054175658618026,0.08013796754605297,0.07608499999999999
2865,0.4067313408526406,0.07612600142879014,0.093898
2866,0.48439085467649334,0.07921397407766495,0.12069400000000001
2867,0.5307397491754551,0.08376422411593612,0.140672
2868,0.5419031719532554,0.09194385620247997,0.13830599999999998
2869,0.5223898570788712,0.10257124815022708,0.142487
2870,0.4693669326926992,0.11414221564525182,0.152358
2871,0.39206370373386545,0.1253661912537633,0.153527
2872,0.2851699987784519,0.13449271572179414,0.16607800000000003
2873,0.16624913473675637,0.13866299688727868,0.184882
2874,0.06947921332301804,0.13084438944736437,0.201165
2875,0.020708701494360517,0.13460446752053887,0.21165299999999998
2876,0.009888126552384054,0.14924548400265347,0.20831800000000003
2877,0.006494869497943727,0.16375051028218604,0.201289
2878,0.006413432957367971,0.16324954074603257,0.21126999999999999
2879,0.006362535119508123,0.16036721181813543,0.19988899999999998
2880,0.0060571480923490365,0.1572211307853243,0.19513200000000003
2881,0.005965531984201311,0.1516364111853855,0.23127200000000003
2882,0.006107944134533165,0.14970244170026023,0.26067399999999996
2883,0.005525774665092226,0.15003304077154667,0.290194
2884,0.0045950568019870516,0.15393740113282645,0.319065
2885,0.016726352864530315,0.14947032709088126,0.34193900000000005
2886,0.07133698440490248,0.14182260039802014,0.37053800000000003
2887,0.16818294718840346,0.13788889881104252,0.360716
2888,0.29186082495215604,0.1378231999795887,0.35725999999999997
2889,0.40132049350543586,0.14319793845996837,0.374983
2890,0.46931725640294797,0.15076146859213146,0.376073
2891,0.5021400504906551,0.15485227330713885,0.393124
2892,0.5118795553564885,0.16659845894779815,0.413997
2893,0.49536962009853824,0.1839012986681635,0.4018
2894,0.4467226882202044,0.20000561310404652,0.457428
2895,0.3617149517488497,0.2172702454457315,0.5237850000000001
2896,0.26604371106315405,0.21773332652957086,0.7288819999999999
2897,0.15403792906877317,0.22359060060213298,0.738785
2898,0.06339763426849626,0.23613078532428436,0.543149
2899,0.01813774990838389,0.23552967290911875,0.515828
2900,0.009673337676615497,0.24213559473388785,0.506508
2901,0.006624048210432021,0.23991152982599376,0.509929
2902,0.006339020318416874,0.23784131499719338,0.536734
2903,0.006094914288041044,0.23898396438230343,0.536646
2904,0.006044016450181196,0.23895392151859982,0.5741350000000001
2905,0.005789527260881958,0.2413070240342909,0.592316
2906,0.004893725314548638,0.24571669133030563,0.582777
2907,0.004129239789893726,0.2537308644180231,0.551312
2908,0.004100126226637892,0.26599945144664994,0.5343180000000001
2909,0.01641394193574657,0.26971736745420216,0.5516449999999999
2910,0.0731357139948695,0.26594912486605093,0.568693
2911,0.17354310028909972,0.2589728019594836,0.537381
2912,0.2886607760902317,0.25570859060060214,0.537963
2913,0.393541166171261,0.25483186201969693,0.551769
2914,0.45512531047681104,0.2623636908710517,0.579685
2915,0.4712965715216418,0.27193575547277643,0.598242
2916,0.4584913880858341,0.2813372582538144,0.612092
2917,0.42891597784926094,0.2909519314180742,0.5896140000000001
2918,0.37741744370699126,0.2963768051232331,0.5353899999999999
2919,0.3075035628486502,0.3019096035107415,0.565371
2920,0.21962060751659268,0.30238505893759243,0.6046269999999999
2921,0.12899059407956354,0.28857758840638875,0.630606
2922,0.05689278879433202,0.27778869214675717,0.633821
2923,0.01875982328270695,0.26897484308822783,0.6602779999999999
2924,0.009297406246182662,0.2690823212736643,0.6812219999999999
2925,0.005799503237102488,0.2727670689391233,0.715228
2926,0.0055551936153752195,0.2725090575088023,0.71886
2927,0.004954700924304735,0.26082142674899217,0.72623
2928,0.004751211368541065,0.2484282670816962,0.718827
2929,0.004150616881794861,0.23805486809205487,0.665119
2930,0.0035194836923327496,0.2327823774047048,0.6621090000000001
2931,0.0027032859644122316,0.23269212124304742,0.6363489999999999
2932,0.0019017468137953503,0.2206670663877124,0.643623
2933,0.01366627305672055,0.21304268510486302,0.606786
2934,0.05587106559713344,0.20299733377557788,0.520425
2935,0.13197086607760902,0.20392196509669844,0.493803
2936,0.22950394967221796,0.20740087768536003,0.47153
2937,0.3055243495256322,0.2100553656171863,0.433935
2938,0.348507777189625,0.21168986324437414,0.452434
2939,0.3806296062543263,0.2214815405419197,0.434443
2940,0.3850109939329778,0.2292265397764964,0.49491499999999994
2941,0.3554287633861314,0.24188542889217737,0.527226
2942,0.3100496762897512,0.2563524391488493,0.611059
2943,0.2576075980292357,0.2616838674286881,0.652417
2944,0.18562553442729754,0.2620127442975966,0.655012
2945,0.11771438169306568,0.2508972036536205,0.611745
2946,0.05877203876379331,0.23397369495330916,0.620371
2947,0.01992029398591148,0.22039617033219372,0.644817
2948,0.009740726413941934,0.20890582742256472,0.6880780000000001
2949,0.0062506616718921775,0.20388305608001225,0.7266309999999999
2950,0.006169123335640701,0.20117192682553456,0.6582870000000001
2951,0.006067225864245286,0.19109194009287137,0.610973
2952,0.006118123702105134,0.18706013675562586,0.6518010000000001
2953,0.005833197605765707,0.18652357503699546,0.655455
2954,0.0051920884400830656,0.1859114277695566,0.712597
2955,0.00429486135428967,0.18700885339592793,0.7609239999999999
2956,0.004030294393094182,0.18805002041128743,0.7647360000000001
2957,0.015114723726536099,0.18071720161249172,0.738472
2958,0.052896086974225334,0.17073990916977086,0.7784
2959,0.12430300500834722,0.16474945144664996,0.724144
2960,0.21125055987621646,0.17057132469255498,0.608715
2961,0.2679915713180504,0.1808620579680563,0.5575399999999999
2962,0.3052792255384991,0.18113633464305762,0.5250239999999999
2963,0.3308573231809113,0.18827454457314896,0.51459
2964,0.3398888391221141,0.19684352196764812,0.563759
2965,0.3314212712243984,0.20575406950043376,0.6216410000000001
2966,0.30192098619650637,0.21756761238965147,0.649242
2967,0.2596774095036443,0.233245904985457,0.629945
2968,0.20355022598640013,0.23610527121498193,0.639252
2969,0.13664471273260312,0.23639224115936117,0.621243
2970,0.06745368296754756,0.23354269786191764,0.52959
2971,0.022572071338409543,0.22310780986885745,0.48295
2972,0.009857791441019585,0.22334241210389344,0.5156769999999999
2973,0.006301457714076306,0.23130370720008167,0.51939
2974,0.006087584999389226,0.23777625401847222,0.587643
2975,0.005873814080377866,0.2421436316783181,0.598326
2976,0.0058840954436255545,0.24177157217941525,0.648525
2977,0.005863939899833055,0.24066681124661943,0.6964460000000001
2978,0.005853760332261085,0.23510141858447722,0.661695
2979,0.005842766399283357,0.23418884268000206,0.6191629999999999
2980,0.006415570666558084,0.231346634688983,0.627223
2981,0.02034854839366424,0.21671193294892072,0.671906
2982,0.07031006962824218,0.19931609430014796,0.6489450000000001
2983,0.1574809642086404,0.18413698525284483,0.621804
2984,0.2590727431898693,0.19095429147318466,0.618785
2985,0.3333548800846941,0.2037556768893198,0.573021
2986,0.3777590699947067,0.21448302036025924,0.47535200000000005
2987,0.3902915428152612,0.2226099658110935,0.511109
2988,0.3863766847184332,0.22727317956830134,0.48185
2989,0.3806062950445865,0.23026808950349545,0.492468
2990,0.3503866199763834,0.23506805888656432,0.46073800000000004
2991,0.29705729060629504,0.24643969740266358,0.44604499999999997
2992,0.2247507023901625,0.247202377914987,0.45923800000000004
2993,0.1447866362636915,0.24259567790988418,0.507853
2994,0.069642289995521,0.23043654641016487,0.553538
2995,0.021817968972678046,0.20855564627238862,0.620231
2996,0.010709617655441997,0.20297679491758944,0.621953
2997,0.007625106885459505,0.20817082971883452,0.616377
2998,0.007197565047436784,0.21196701025667192,0.58490833
2999,0.007085589804145119,0.2145216104505792,0.6216786700000001
3000,0.007031638096013681,0.21356253508190032,0.668903
3001,0.0066040962579909605,0.21585255396234118,0.70084
3002,0.006125656582108392,0.21029379496861764,0.735645
3003,0.005087544281118938,0.20469421340001023,0.768444
3004,0.004485626450588379,0.19468088227789965,0.775816
3005,0.02007980780976424,0.1836887023524009,0.718619
3006,0.07906174925689156,0.16417774404245547,0.674403
3007,0.18896840262225664,0.15740323774047046,0.624683
3008,0.30087483203713505,0.17013841404296576,0.627027
3009,0.36429934036402134,0.18362683063734242,0.6142290000000001
3010,0.3843046337391588,0.1967624508853396,0.6148480000000001
3011,0.39155319842013114,0.21293775833035677,0.578714
3012,0.38660847347204685,0.22457531765066086,0.54191
3013,0.374931695101592,0.23447204929325918,0.532209
3014,0.34592359216580476,0.24000931264989542,0.578634
3015,0.29241286290158397,0.24200738633464308,0.570744
3016,0.2226357954314101,0.23549522886156043,0.571523
3017,0.13524797426605317,0.21968764351686482,0.523683
3018,0.061842094547823606,0.20004299127417463,0.5259020000000001
3019,0.02089956838633495,0.1831749119763229,0.521497
3020,0.010018323221629545,0.17267591978364036,0.5008020000000001
3021,0.006804328352131602,0.17211390774098076,0.489782
3022,0.005796551162506617,0.1762935653416339,0.463408
3023,0.004686978297161936,0.18047111802826962,0.440747
3024,0.0038522537562604335,0.17889051895698319,0.43163500000000005
3025,0.0027223217557718143,0.1770533755166607,0.41261900000000007
3026,0.0021217272690256116,0.17587660101035874,0.425058
3027,0.0014833665865874018,0.17719491503801602,0.42307
3028,0.002093733458202696,0.17403422717762923,0.413221
3029,0.020602935787287755,0.16455407715466655,0.38371900000000003
3030,0.0851240889287023,0.14601278256876052,0.360904
3031,0.19695020155543794,0.14331913047915498,0.3255
3032,0.314296897267804,0.1462889728019595,0.279585
3033,0.3986552791237429,0.15103861560442924,0.28380500000000003
3034,0.4344358483651615,0.1570000510282186,0.26724499999999995
3035,0.4489353190276477,0.16297335051283363,0.24802799999999997
3036,0.44810364835701777,0.16733237230188297,0.22535699999999997
3037,0.4355850197483611,0.17311329540235748,0.20378800000000002
3038,0.4012672543670345,0.17812190641424708,0.19498800000000002
3039,0.33818946211164963,0.17816764045517172,0.166988
3040,0.2435595911885663,0.17566674746134614,0.144407
3041,0.14129881102650757,0.16288896259631575,0.120554
3042,0.05727666028747098,0.14632188600295962,0.116951
3043,0.014284478195366261,0.1373295019645864,0.108173
3044,0.00700873406897675,0.14096532632545797,0.08633899999999999
3045,0.004468219390040311,0.15772120732765219,0.066723
3046,0.003837187996253919,0.17888650048476806,0.067873
3047,0.003531800969094833,0.19979276164719093,0.069076
3048,0.00314497740135999,0.21674318773281623,0.074488
3049,0.0030024634553524167,0.22414502219727508,0.09063099999999999
3050,0.002727615130909239,0.22269645864162882,0.088865
3051,0.0025373590129891283,0.2278295147216411,0.097206
3052,0.002859949509344843,0.23603261978874318,0.106525
3053,0.020544097886721773,0.24193709496351481,0.13638599999999998
3054,0.07474439105826784,0.2450348267591978,0.183858
3055,0.15565637851704062,0.2388828009389192,0.21998099999999998
3056,0.2400305387027159,0.247803107618513,0.26044
3057,0.3060385194836923,0.2804947823646476,0.273338
3058,0.3397042835620343,0.31288915395213557,0.29770899999999995
3059,0.32975029520745963,0.34258132622340154,0.36246799999999996
3060,0.3062519850156765,0.3560641934990049,0.44515200000000005
3061,0.28008153833625143,0.36729333571465017,0.555081
3062,0.2422074392279816,0.374830139817319,0.661625
3063,0.18766216051142148,0.3786402255447262,0.753075
3064,0.12870393745673683,0.3820606470378119,0.818771
3065,0.07618072804267274,0.3711504949737205,0.826775
3066,0.03364448878211654,0.349136028473746,0.788701
3067,0.010011808298383485,0.3399217354697147,0.744653
3068,0.004779205179363981,0.34221672960146965,0.746485
3069,0.0022512113685410643,0.3487961167525641,0.675076
3070,0.0014367441671077812,0.36005389855590136,0.612492
3071,0.0011618958426646037,0.35833896769913764,0.547071
3072,0.0011416385031963842,0.3567532020207175,0.5223949999999999
3073,0.0011518180707683538,0.3488537786395877,0.480059
3074,0.0011518180707683538,0.3314441623717916,0.511301
3075,0.0009657355755527505,0.3153476297392458,0.498425
3076,0.0013891037908709642,0.2915329514721641,0.501112
3077,0.015809581008998735,0.2659125121192019,0.47303899999999993
3078,0.06162180870556619,0.23707085268153286,0.46147999999999995
3079,0.13997363491998863,0.2163136577027096,0.440892
3080,0.22900067185145975,0.21646993162218708,0.42949899999999996
3081,0.2977389144509141,0.22648689850487314,0.37225
3082,0.3311429618469807,0.2280113665356943,0.322542
3083,0.35294433812451653,0.23303420166351996,0.285906
3084,0.36459281729712123,0.23783130070929226,0.24190299999999998
3085,0.35295461948776413,0.24240808542123793,0.22100699999999998
3086,0.32822173134085264,0.24804797928254324,0.20662600000000003
3087,0.2751422085589804,0.2537412614175639,0.213796
3088,0.19712834398794737,0.25393408429861714,0.23827600000000002
3089,0.11568569567164785,0.24714178190539368,0.318964
3090,0.04822091697544688,0.23897969076899525,0.351243
3091,0.011958752392198381,0.23355379649946423,0.350358
3092,0.004000977238486909,0.23406012399857118,0.273008
3093,0.0012221588826906633,0.23593088227789968,0.222975
3094,0.0012028177043039213,0.23719816808695207,0.20815100000000003
3095,0.0012017997475467243,0.23301666071337448,0.20745500000000003
3096,0.0012017997475467243,0.22524034290962908,0.21038600000000002
3097,0.001191518384299035,0.22023071133336736,0.18644299999999997
3098,0.001191518384299035,0.21597884880338825,0.173031
3099,0.001211572132415815,0.21252500382711645,0.191555
3100,0.0019849138808583407,0.1998081338980456,0.21703899999999998
3101,0.01837218534956635,0.18778824564984437,0.23784300000000003
3102,0.06760261004112546,0.16836971220084707,0.234175
3103,0.15045909849749584,0.15796110374036842,0.221671
3104,0.2515543181725641,0.1606438058121141,0.217088
3105,0.3258274970479254,0.16702758521712505,0.23532600000000004
3106,0.37256749053300214,0.17676328009389194,0.257629
3107,0.4045187100451973,0.18230373271419092,0.272052
3108,0.413839325705444,0.18766214216461702,0.261716
3109,0.4059351968728369,0.1900354646119304,0.2417
3110,0.37261869375788925,0.18638752104914016,0.20371399999999998
3111,0.3149178508896942,0.1828980838903914,0.177149
3112,0.23503695183028625,0.173314155227841,0.161331
3113,0.14623203306323548,0.1556145073225494,0.16491599999999998
3114,0.06794667942505803,0.13748539317242434,0.162557
3115,0.022244594649619278,0.123105449813747,0.13471799999999998
3116,0.008286473390610366,0.11421505842731028,0.10531700000000001
3117,0.0041171261044830815,0.10815265091595654,0.10696199999999999
3118,0.0037801824178508897,0.11000344440475585,0.094762
3119,0.0037260271183680114,0.10971436954635913,0.09687899999999999
3120,0.0037257217313408524,0.11636864060825637,0.109275
3121,0.0037257217313408524,0.11921531356840331,0.120526
3122,0.0037156439594446026,0.1231259248864622,0.10663600000000001
3123,0.0037685777108188443,0.12401579323365822,0.093554
3124,0.0042381611629137995,0.12641029239169263,0.093337
3125,0.020619833869457226,0.1295703423993468,0.092322
3126,0.06951290769168125,0.13246561973771492,0.089901
3127,0.14696760861598598,0.1277316681124662,0.101711
3128,0.24277169265849594,0.12883406899015154,0.101802
3129,0.3250107903416263,0.13966117262846353,0.107795
3130,0.3697080500020359,0.1526027580752156,0.145871
3131,0.38803055906185113,0.16335185232433536,0.18524200000000002
3132,0.3775389877438006,0.17258859774455274,0.203129
3133,0.37362616556048694,0.18621581109353474,0.252235
3134,0.3400777718962499,0.2003696994437924,0.310849
3135,0.27869711714646367,0.2177743404602745,0.363633
3136,0.20994808420538294,0.23168201765576363,0.406456
3137,0.13703347041817662,0.24084062611624232,0.44150900000000004
3138,0.07058369640457673,0.2443886181558402,0.465713
3139,0.026580988639602586,0.24158436240240852,0.47920100000000004
3140,0.011103261533450062,0.25442714446088693,0.456276
3141,0.007105338165234741,0.2654778154819615,0.43436400000000003
3142,0.007054440327374893,0.26993927641986015,0.410355
3143,0.0070342847835823934,0.27323799561157325,0.433354
3144,0.0070342847835823934,0.2791237817012809,0.45296800000000004
3145,0.007004051467893644,0.2826350334234831,0.4791639999999999
3146,0.0069633331976057655,0.2792418482420779,0.5001260000000001
3147,0.006672706543426034,0.2783753253048937,0.500377
3148,0.007705118286575186,0.28127200591927337,0.488229
3149,0.022276253104768114,0.27246357860897075,0.49659
3150,0.07041888920558653,0.2500797953768434,0.465196
3151,0.1598712284702146,0.24462704750727152,0.445362
3152,0.26316085752677226,0.24600021686992904,0.43580499999999994
3153,0.3483760535852437,0.24353478848803387,0.451636
3154,0.4134704181766359,0.2462744935449304,0.446208
3155,0.4432128751170649,0.25304817063836305,0.432705
3156,0.4518850523229774,0.26317242435066585,0.40374299999999996
3157,0.44528258479579785,0.26948008623768943,0.39898500000000003
3158,0.40972281037501523,0.27772133489819867,0.42582700000000007
3159,0.3474599942994422,0.2882873654130734,0.427525
3160,0.26408404250987416,0.30014058274225647,0.44818
3161,0.16732552221181643,0.3035034061335919,0.463005
3162,0.08382303839732888,0.2958882099300913,0.46246500000000007
3163,0.028922594568182747,0.2754653135684033,0.429225
3164,0.011348894498961681,0.2781328136959739,0.383022
3165,0.007198481208518262,0.2880172347808338,0.328577
3166,0.007096787328474286,0.2903975098229321,0.31483
3167,0.007055967262510688,0.2898238888605399,0.28636100000000003
3168,0.007056069058186408,0.2827154666530592,0.25290100000000004
3169,0.007056069058186408,0.27709560136755623,0.246944
3170,0.007045991286290159,0.27413169107516455,0.24438800000000002
3171,0.0070646198949468626,0.2712447696075929,0.217414
3172,0.008216437965715216,0.26437611624228197,0.205621
3173,0.028470723563663015,0.2543331887533806,0.20568900000000004
3174,0.09642921128710452,0.22948805939684647,0.20533400000000002
3175,0.21678539435644778,0.20738237995611575,0.197297
3176,0.35447738100085513,0.20005689646374444,0.171977
3177,0.45914155706665577,0.21139983160687859,0.14156999999999997
3178,0.507020949550063,0.23276764300658262,0.12541999999999998
3179,0.5270164705403314,0.2514050619992856,0.117444
3180,0.5321824992874303,0.25857484563963873,0.148088
3181,0.5124299645751048,0.26199277950706734,0.200456
3182,0.46526609389633133,0.2712379445833546,0.22955100000000003
3183,0.3936412313204935,0.27981125937643525,0.24848800000000001
3184,0.2935271183680117,0.2813071516048375,0.257789
3185,0.18495765299890066,0.2788246287697097,0.244529
3186,0.08950629097275947,0.26440922079910195,0.257658
3187,0.030426625676941245,0.24134586926570392,0.255893
3188,0.011576407834195201,0.2414960197989488,0.255949
3189,0.007876542204487153,0.2535281548196152,0.218563
3190,0.007774441141740299,0.26074380007143944,0.191119
3191,0.007764770552546929,0.26094485125274275,0.190963
3192,0.007764974143898368,0.25334145532479463,0.194249
3193,0.007754998167677838,0.24659099607082718,0.171583
3194,0.007724459464961929,0.2412558682451396,0.169846
3195,0.007784926096339427,0.23673776598458954,0.157774
3196,0.009124353597459181,0.23266080267387865,0.155526
3197,0.02789822468341545,0.22207391437464913,0.13341699999999998
3198,0.09529846492121012,0.19496083584222074,0.110608
3199,0.21497394030701575,0.16707015104352707,0.087507
3200,0.34389531332708995,0.16708335459509108,0.052397000000000006
3201,0.42751384421189786,0.18104901260397002,0.03396
3202,0.46783847062176803,0.20158142827983877,0.025396
3203,0.4851353882487072,0.20849823952645813,0.039126
3204,0.48451270410032976,0.21317216920957294,0.05173099999999999
3205,0.4719870515900484,0.22309326682655511,0.072025
3206,0.4345599372938639,0.23622008470684291,0.080065
3207,0.3686017345983143,0.24482637648619687,0.097001
3208,0.2778104768109451,0.24744769607593003,0.121675
3209,0.1779032126715257,0.24697134765525336,0.14934399999999998
3210,0.08818834235921659,0.24138758483441347,0.149478
3211,0.030106885459505676,0.22086524723171916,0.160499
3212,0.010479864815342644,0.22141922232994846,0.163215
3213,0.00722912170690989,0.22692969587181713,0.175475
3214,0.007116128506861028,0.22855838903913864,0.146708
3215,0.00707551203224887,0.21762438128284942,0.117406
3216,0.007126511665784438,0.200725748839108,0.08300199999999999
3217,0.0070758174192760296,0.1867361075674848,0.06622299999999999
3218,0.00705556007980781,0.17626524468030824,0.048790999999999994
3219,0.007127936805244512,0.16830835076797468,0.034260000000000006
3220,0.008256036483570178,0.16392477164872174,0.03135399999999999
3221,0.025099657966529583,0.15897375873858244,0.030532999999999998
3222,0.08093906510851419,0.14544579527478696,0.030024000000000002
3223,0.18069913270084287,0.12570253099964282,0.020931
3224,0.3005155950975203,0.13686801551257843,0.015266
3225,0.39256973003786794,0.1589351686482625,0.014936000000000001
3226,0.44645516918441314,0.17347546818390572,0.023982999999999997
3227,0.46435135795431415,0.18027051334387914,0.041418
3228,0.4635281363247689,0.18721175435015563,0.055421000000000005
3229,0.431265625636223,0.18972304434352197,0.05475
3230,0.37811830693432147,0.19926366280553148,0.063368
3231,0.3192064009120893,0.2099918992702965,0.101314
3232,0.24341086770633985,0.2203604505791703,0.140442
3233,0.15348711266745388,0.22636589784150637,0.17929900000000001
3234,0.07368612321348589,0.21859512935653416,0.21425500000000003
3235,0.026243535974591798,0.2037765984589478,0.252783
3236,0.010351398672584389,0.2029702250344441,0.297567
3237,0.007136589437680688,0.2054641654334847,0.352625
3238,0.006994075491673114,0.20728357656784202,0.357662
3239,0.006963434993281485,0.19607650405674334,0.333413
3240,0.006973716356529176,0.1885360004082257,0.307077
3241,0.006973919947880615,0.18255944787467468,0.28058099999999997
3242,0.006943483040840425,0.1790150915956524,0.247142
3243,0.006665071867747058,0.17564372097770065,0.23643000000000003
3244,0.006610611181237021,0.17467609838240544,0.236469
3245,0.02098690907610245,0.17188345154870643,0.27069099999999996
3246,0.06708060181603485,0.16223127264377202,0.297783
3247,0.14951036279978827,0.14531701280808285,0.312329
3248,0.24872541634431364,0.14003820737868042,0.352893
3249,0.3252273097438821,0.144540490891463,0.35065899999999994
3250,0.3653489555763671,0.15175798591621165,0.39503499999999997
3251,0.3802722016368745,0.1600449048323723,0.434015
3252,0.3824275214788876,0.17239226667347043,0.44250500000000004
3253,0.36343458609878254,0.18270583507679747,0.44754399999999994
3254,0.32155218046337397,0.19238601571669134,0.501038
3255,0.2684710289506902,0.20679817063836303,0.517602
3256,0.19870668593998128,0.2142575394192989,0.5347019999999999
3257,0.12110651899507309,0.2202289891309894,0.571491
3258,0.05705627264953785,0.2206837781293055,0.6486460000000001
3259,0.019936784885378072,0.2151421773740878,0.729999
3260,0.008975833706584143,0.2106733173444915,0.755484
3261,0.006647868398550429,0.20576918661019541,0.802192
3262,0.0064544566146830075,0.1996964458845742,0.795213
3263,0.00618968606213608,0.19468400775628925,0.773857
3264,0.0061696323140193006,0.1991627545032403,0.707022
3265,0.006047884685858545,0.2042746338725315,0.640736
3266,0.006037908709638015,0.1977050696535184,0.6315189999999999
3267,0.005971436133393053,0.19351692861152217,0.642566
3268,0.0058632273301030165,0.19329010817982342,0.640375
3269,0.023663931756179007,0.19050651885492675,0.640694
3270,0.07887709190113605,0.18412123029035052,0.605558
3271,0.16406979111527345,0.17482739705056896,0.530519
3272,0.26367594364591396,0.1741096851558912,0.46816800000000003
3273,0.33697666843112495,0.17713929427973674,0.39892700000000003
3274,0.3798126959566759,0.18265550849619838,0.400076
3275,0.40281668634716405,0.18476074144001634,0.367044
3276,0.40352050164909,0.18721200949124867,0.333388
3277,0.38390447493790464,0.18992154411389495,0.306363
3278,0.3514280915346716,0.19395283716895445,0.32191299999999995
3279,0.3042783704548231,0.19783315048221664,0.341319
3280,0.21959383525387846,0.1988691508904424,0.33455799999999997
3281,0.13749287430269963,0.1970417665969281,0.33693399999999996
3282,0.06759090353841768,0.18832659335612595,0.347678
3283,0.02429954395537278,0.18190099249885183,0.35185099999999997
3284,0.008875055987621646,0.18298094096035109,0.319661
3285,0.004695427338246671,0.18134835689136092,0.279389
3286,0.004227167229936072,0.17856572434556306,0.250474
3287,0.003962396677389145,0.17417021738021124,0.22709400000000002
3288,0.0025780772832770063,0.16711696943409707,0.202372
3289,0.0009395740868927887,0.16398294381793133,0.20796599999999998
3290,0.0004307992996457511,0.15688759759146806,0.23903200000000002
3291,0.0004876012866973411,0.14890710312802982,0.24479299999999998
3292,0.002738100085508367,0.1419134306271368,0.263335
3293,0.025793904474937908,0.13525660815430932,0.23593499999999998
3294,0.08900230058227128,0.11841072613155074,0.20415
3295,0.18411763508286166,0.1048658595703424,0.171683
3296,0.29504489189299243,0.10559498902893301,0.14865799999999998
3297,0.39262317276762093,0.11459617543501556,0.139395
3298,0.453800134370292,0.12978249221819665,0.151073
3299,0.48778747098823233,0.13845027300096954,0.169578
3300,0.4887569730037868,0.14276132826453028,0.179513
3301,0.4615764078341952,0.1477231846711231,0.203025
3302,0.40137302007410725,0.1531770806756136,0.20867399999999997
3303,0.33084083228144473,0.15521157575139052,0.22827399999999998
3304,0.2523201270410033,0.15506971730366892,0.22719099999999998
3305,0.158249928743027,0.15039017451650763,0.213044
3306,0.08495113807565453,0.14418973567382765,0.23327199999999998
3307,0.03669326926992141,0.14095843751594636,0.268943
3308,0.02444144712732603,0.13497078634484871,0.281161
3309,0.02373121869782972,0.1304034418533449,0.26090100000000005
3310,0.02338501160470703,0.12482248558452823,0.247819
3311,0.005843071786310518,0.11761564270041333,0.220058
3312,0.005832892218738548,0.10777070469969893,0.189823
3313,0.005812533083594609,0.10158385212022247,0.155266
3314,0.005680198705159005,0.09999917079144768,0.146029
3315,0.004974042102691477,0.09880460019390724,0.148555
3316,0.006165153304287634,0.096938880951166,0.14888099999999999
3317,0.02975446883016409,0.09988875848344134,0.14433
3318,0.0904986970153508,0.09262597591468082,0.142765
3319,0.183452196750682,0.0798626703066796,0.140128
3320,0.29131021214218816,0.07864839005970302,0.131679
3321,0.3872652591717903,0.08800760320457213,0.12306700000000001
3322,0.44830530559061854,0.1012927361330816,0.126739
3323,0.47001923938271106,0.11236107567484817,0.146769
3324,0.4632731381570911,0.11931692350870031,0.17785
3325,0.43514902886925366,0.12323544420064296,0.21846300000000002
3326,0.3808545746976668,0.13925103332142674,0.25576400000000005
3327,0.3092538376969746,0.15951172373322442,0.28081799999999996
3328,0.22262062787572784,0.1733904424146553,0.305344
3329,0.13753746080866486,0.17940277848650305,0.34546800000000005
3330,0.06637678651410887,0.17843860029596367,0.390413
3331,0.021192434545380515,0.1716608409450426,0.364566
3332,0.008597968158312637,0.16242677450630197,0.333764
3333,0.006467079278472251,0.15841901821707405,0.33612800000000004
3334,0.006057860662079075,0.16139268765627393,0.268592
3335,0.005708599698684801,0.16032415675868752,0.202631
3336,0.0053726739688098055,0.15648441087921622,0.18174400000000002
3337,0.005342542448796775,0.14883413277542482,0.206645
3338,0.004945742904841402,0.13486656120834825,0.235017
3339,0.004071928824463536,0.13045427871613002,0.22114
3340,0.005464290076957531,0.12689952543756697,0.206846
3341,0.023481106722586426,0.11951829361636984,0.176651
3342,0.06718555315770187,0.1059620732765219,0.143279
3343,0.13442404006677794,0.09546907689952545,0.112854
3344,0.20721120566798323,0.10004873194876768,0.091899
3345,0.2623973899588745,0.10961582129917845,0.10641399999999998
3346,0.3121074758744249,0.11847712660101037,0.09905100000000001
3347,0.3255930616067429,0.12448518905954992,0.10653299999999999
3348,0.3304590984974959,0.1309960708271674,0.09283599999999999
3349,0.3128494645547457,0.14351877838444663,0.07054099999999999
3350,0.28716529581823363,0.16505523804663977,0.083545
3351,0.237658699458447,0.17683797264887482,0.122599
3352,0.16624852396270204,0.18853950859825483,0.17903100000000002
3353,0.10433344191538743,0.19273619686686738,0.22930599999999998
3354,0.05565963597866362,0.18916084094504262,0.272179
3355,0.022117553646321106,0.18942210542429963,0.260939
3356,0.00855948939289059,0.1860062764708884,0.279706
3357,0.004965389470255303,0.1835987013318365,0.283318
3358,0.004649721079848528,0.17946235393172424,0.295362
3359,0.004517386701412923,0.17941266520385774,0.294171
3360,0.004558308563052241,0.17842539674439967,0.29542799999999997
3361,0.004477075613827925,0.178079297851712,0.28307200000000005
3362,0.004263508286168003,0.17033742409552488,0.273726
3363,0.003970336740095281,0.16220652395774865,0.264658
3364,0.004738181522048943,0.15464337653722507,0.28371599999999997
3365,0.019340364021336376,0.1497303796499464,0.338946
3366,0.0621314996538947,0.14618991427259273,0.362698
3367,0.1324064497740136,0.13916422156452515,0.350902
3368,0.2124125575145568,0.13729531305812112,0.333538
3369,0.281260535852437,0.14218164770117875,0.323036
3370,0.3279627631418217,0.14332206460172475,0.321624
3371,0.35506240074921613,0.14421563249476957,0.352033
3372,0.35729355836964044,0.15158799816298416,0.369174
3373,0.34764699295573936,0.15829278716130019,0.39789800000000003
3374,0.3107852518425017,0.17020443180078584,0.40942
3375,0.2591787124882935,0.18218611267030665,0.42916399999999993
3376,0.1924023779469848,0.20179670357707813,0.429802
3377,0.12374618266216052,0.21296780119406034,0.43394099999999997
3378,0.06272781872226067,0.21578723784252687,0.4659940000000001
3379,0.02461500875442811,0.21528282390161754,0.50042
3380,0.009777271061525306,0.21652274582844314,0.519687
3381,0.006044016450181196,0.2124639613206103,0.521262
3382,0.005504499368866811,0.20988990661835993,0.516415
3383,0.005250315566594732,0.20543476042251366,0.504475
3384,0.00502656867136284,0.2047217048527836,0.49531099999999995
3385,0.004823180911274889,0.20171352758075214,0.490918
3386,0.004640254082006596,0.19749642802469766,0.5131979999999999
3387,0.004023270491469522,0.1992628973822524,0.528853
3388,0.005079197035709923,0.20102222278920245,0.523652
3389,0.017137912781465044,0.2027688549267745,0.49586800000000003
3390,0.05386640335518547,0.1950053579629535,0.480455
3391,0.12214290076957529,0.18909896922998415,0.421879
3392,0.20796937986074354,0.18454393529621885,0.384241
3393,0.2867334785618307,0.18415726896974025,0.353812
3394,0.34197259660409624,0.1827213348981987,0.310929
3395,0.3801616515330429,0.18340938664081238,0.268667
3396,0.39695162669489803,0.1864787339898964,0.252874
3397,0.3902407467730772,0.19164999744858907,0.23984899999999998
3398,0.35999806588216127,0.19820839924478237,0.24292399999999997
3399,0.3183089702349444,0.1989156503546461,0.24949200000000002
3400,0.2483382873895517,0.19653256876052458,0.24415
3401,0.16186163931756178,0.18894633107108227,0.24803000000000003
3402,0.08353332790423063,0.17735035974894117,0.244758
3403,0.03110173459831426,0.15846959993876614,0.245912
3404,0.010468565495337756,0.14309632851967138,0.246966
3405,0.006553503807158273,0.13836869163647497,0.228733
3406,0.0064310436092674785,0.13626856151451752,0.221923
3407,0.005871065597133434,0.13307393988875849,0.250881
3408,0.0057286534468015795,0.13084285860080627,0.273638
3409,0.0053520094466387065,0.12962162575904473,0.309872
3410,0.004924569404291705,0.12699743583201512,0.349278
3411,0.003968809804959486,0.12679810685308973,0.350937
3412,0.005806221751699988,0.12373781701280807,0.417416
3413,0.032619609918970636,0.11437381997244477,0.477567
3414,0.10920874221263083,0.10174637699647907,0.5266029999999999
3415,0.23339061036687161,0.09018810277083228,0.5213949999999999
3416,0.3650188322000082,0.0896831785477369,0.524985
3417,0.4690340608330958,0.09553783742409554,0.48292799999999997
3418,0.5305894987580927,0.10066534418533449,0.43103
3419,0.5648570788712896,0.1033063096392305,0.374409
3420,0.5712831344924467,0.10562579731591573,0.316276
3421,0.54040311087585,0.11061591059856102,0.23926799999999998
3422,0.4739271753735902,0.114603255600347,0.21630100000000002
3423,0.3952507227492976,0.11723146399959179,0.211459
3424,0.2992876338613136,0.11644639485635556,0.200994
3425,0.18310140885215193,0.11570623054549167,0.189791
3426,0.0826091249643715,0.11448410470990456,0.19706300000000002
3427,0.02549452339264628,0.11774123590345463,0.173775
3428,0.008761553809194187,0.12264613206102973,0.15772199999999997
3429,0.00596583737122847,0.12527721079757106,0.15576800000000002
3430,0.005504499368866811,0.1294073072409042,0.167627
3431,0.00528075247363492,0.12792984895647294,0.22515100000000002
3432,0.0043849505273016,0.1304866178496709,0.28496800000000005
3433,0.003875972148703123,0.13239009797417972,0.332829
3434,0.0034891485809682805,0.134987306730622,0.390982
3435,0.0025741072519239383,0.1408149206511201,0.43800500000000003
3436,0.005189543548190073,0.1476390518956983,0.473578
3437,0.034125269758540654,0.14716799765270194,0.45526099999999997
3438,0.11212081110794414,0.13818626575496248,0.389117
3439,0.2266993770104646,0.1215742205439608,0.32267299999999993
3440,0.34721945111771657,0.11841665816196356,0.269243
3441,0.45023942342929274,0.12843120120426596,0.265474
3442,0.517077649741439,0.13874610909833138,0.260878
3443,0.5404872958996702,0.15241784456804616,0.296933
3444,0.5311005130502057,0.17176748992192686,0.33164899999999997
3445,0.5046641760658008,0.18432425881512476,0.366127
3446,0.45185573516837013,0.1923624789508598,0.389996
3447,0.37262805896005535,0.2002582027861407,0.404714
3448,0.27763844211897876,0.19913698525284484,0.396777
3449,0.17233498920965842,0.18964624687452164,0.423626
3450,0.08407304857689643,0.18286982701433893,0.41848500000000005
3451,0.02947972230139664,0.17357656784201664,0.387531
3452,0.008986013274156116,0.16705924376180029,0.342396
3453,0.005321470743922798,0.16796486707149053,0.32568800000000003
3454,0.00530090801742742,0.17016718120120428,0.308755
3455,0.005239830611995603,0.1705741950298515,0.306199
3456,0.004791929638828942,0.16851169821911519,0.31093899999999997
3457,0.00419133515208274,0.16129063121906412,0.317888
3458,0.0035703815301925974,0.15542461856406595,0.313058
3459,0.0028097642412150334,0.14996294075623823,0.307386
3460,0.006479701942261492,0.1473930320967495,0.289996
3461,0.03294667942505802,0.14355150022962695,0.279452
3462,0.09808471436133392,0.1373812318211971,0.24475700000000003
3463,0.19246182662160516,0.13059543552584582,0.21630299999999997
3464,0.29567877356569894,0.13103191815073736,0.22175799999999998
3465,0.3799232460605075,0.13050600857274072,0.223642
3466,0.4395905777922554,0.12844172577435323,0.205598
3467,0.4613611099800479,0.13257679746900036,0.179344
3468,0.466247811392972,0.13726118793692912,0.185637
3469,0.44466387067877355,0.1484199112108996,0.208348
3470,0.386095321470744,0.16029698423228045,0.240096
3471,0.322790524858504,0.16252449354493034,0.25664899999999996
3472,0.24432926829268292,0.16707180946063172,0.2893425
3473,0.15894488782116534,0.16341104505791704,0.29331999999999997
3474,0.08569465369111119,0.1556980660305149,0.26606199999999997
3475,0.034739708457184736,0.14774697657804764,0.2509765
3476,0.012103811230098948,0.1471378272184518,0.253658
3477,0.0073165641923531085,0.15582774149104459,0.269133
3478,0.007184128018241785,0.16063051742613663,0.29582200000000003
3479,0.007184128018241785,0.1563433178547737,0.34941500000000003
3480,0.007153589315525876,0.1548116420880747,0.439146
3481,0.007021254937090273,0.15838986834719598,0.545946
3482,0.006797304450506942,0.16702007960402104,0.626579
3483,0.006879249969461297,0.17903078277287343,0.674314
3484,0.01059743882079889,0.1881590932285554,0.726406
3485,0.033072702471599005,0.18947932081441038,0.730995
3486,0.09041644610936929,0.18485023217839464,0.724366
3487,0.18124944012378355,0.18326886768382916,0.683628
3488,0.2918651003705362,0.20346156299433588,0.6568149999999999
3489,0.3757043242803046,0.22555327346022347,0.60253
3490,0.4280495948532106,0.2314365719242741,0.5860690000000001
3491,0.4428025367482389,0.24546658927386839,0.614317
3492,0.4365468870882365,0.2399068097157728,0.653109
3493,0.41721751699987786,0.23551047354186866,0.6090899999999999
3494,0.37231259416100004,0.23894856355564628,0.658567
3495,0.3125098741805448,0.2542024289432056,0.663505
3496,0.23999297609837536,0.2772063963872021,0.708034
3497,0.16123966773891446,0.2656517579221309,0.736472
3498,0.08622785944053096,0.25328800326580597,0.741422
3499,0.03368296754753858,0.2430183829157524,0.7415619999999999
3500,0.012209271550144549,0.24324909424911972,0.769879
3501,0.00740614438698644,0.2493297443486248,0.731762
3502,0.007282869823689891,0.2532162448333929,0.708754
3503,0.0072512113685410644,0.24700406950043377,0.6665730000000001
3504,0.007220672665825156,0.2314681456345359,0.581959
3505,0.007200415326356937,0.21946688268612538,0.5668719999999999
3506,0.007190439350136407,0.2079150507730775,0.5801810000000001
3507,0.007255181399894132,0.20152733836811756,0.5526989999999999
3508,0.011219105012419074,0.19475174771648723,0.5618519999999999
3509,0.030100472331935337,0.18410955758534472,0.542902
3510,0.07695437517814242,0.17250395468694188,0.536255
3511,0.16141475630115235,0.1614565367148033,0.5866140000000001
3512,0.255789527260882,0.164848828902383,0.5695819999999999
3513,0.3407379168532922,0.17796218809001377,0.610612
3514,0.3769837941284255,0.1928739730571006,0.573558
3515,0.3859411010220286,0.20110444200642957,0.5842689999999999
3516,0.37567409096461574,0.20744724957901722,0.6544059999999999
3517,0.36089722708579347,0.21404679287646064,0.600156
3518,0.3180929598110673,0.213141807419503,0.608155
3519,0.255345392727717,0.21269403480124507,0.6301629999999999
3520,0.1885708905085712,0.2091887151094555,0.6821889999999999
3521,0.12784824300663708,0.20433133898045622,0.7129629999999999
3522,0.06966173296958345,0.1949928560493953,0.7118359999999999
3523,0.028852762734639034,0.18411300199010056,0.672886
3524,0.010959424243658129,0.17957933612287594,0.650312
3525,0.006858687242965919,0.1816474460376588,0.570847
3526,0.00662425180178346,0.18248813593917437,0.399667
3527,0.006563377987703082,0.17612019696892384,0.31416932999999997
3528,0.006115477014536423,0.1672054396081033,0.23294766999999997
3529,0.005810089987377336,0.15818039750982293,0.184838
3530,0.0058101917830530566,0.1543791779353983,0.161417
3531,0.005876257176595138,0.15184766801040978,0.165103
3532,0.009362657274318988,0.15176487472572334,0.164816
3533,0.025273830367685983,0.14774971934479766,0.152889
3534,0.06689798037379371,0.1428704648670715,0.13006900000000002
3535,0.13113899181562766,0.14676391794662444,0.107301
3536,0.21340649049228394,0.15189231770168904,0.10670700000000001
3537,0.2926717293049392,0.15376715823850587,0.105053
3538,0.34050500834724545,0.16187330969025873,0.104157
3539,0.3744752432916649,0.17223605653926619,0.108857
3540,0.38665031149476775,0.18519129203449508,0.11705499999999999
3541,0.36505517325624004,0.19947893810277084,0.15638200000000002
3542,0.33276629748768277,0.2215890187273562,0.19109
3543,0.28480587564640253,0.2356762514670613,0.22819699999999998
3544,0.21777902194714774,0.24432151604837476,0.29739299999999996
3545,0.14651146219308606,0.24818754146042765,0.365464
3546,0.08292937416018568,0.24581173138745724,0.387918
3547,0.03435471721161285,0.23360342144205748,0.38254499999999997
3548,0.012417443706991327,0.21830286523447473,0.360507
3549,0.007500101795675719,0.21621619380517432,0.32639
3550,0.0072658699458447015,0.21518816655610554,0.281521
3551,0.006868866810537889,0.21766954125631474,0.280128
3552,0.006838328107821981,0.21803764606827575,0.25340100000000004
3553,0.0068586872429659195,0.2131493978670205,0.274895
3554,0.00682804674457429,0.21279532581517577,0.253015
3555,0.006909890467852925,0.20781012399857124,0.243207
3556,0.01101245979070809,0.19965479410113796,0.211375
3557,0.0319449081803005,0.19041064958922282,0.18332
3558,0.08894895964819412,0.18091672194723682,0.17370300000000002
3559,0.18220978052852313,0.17776145583507683,0.14675700000000003
3560,0.29106732765992105,0.1777571184364954,0.11646399999999998
3561,0.3677034895557636,0.17743079297851713,0.082587
3562,0.41863502178427464,0.17565737102617746,0.07186500000000001
3563,0.4432970601408851,0.17731578813083637,0.066853
3564,0.4557135876867951,0.18233728376792369,0.062023
3565,0.43966387067877366,0.18366159361126702,0.055139999999999995
3566,0.4080040921861639,0.17984321579833648,0.06365799999999999
3567,0.3534587116739281,0.18184396846456094,0.111627
3568,0.27388309784600356,0.18121300454151146,0.16188699999999998
3569,0.18128333808379823,0.17581358116038168,0.23108800000000002
3570,0.09790789527260878,0.167366752564168,0.275272
3571,0.03946200985382141,0.16104862989233046,0.340755
3572,0.012915428152612077,0.1663685768229831,0.408511
3573,0.007205097927440043,0.18329329744348627,0.44608899999999996
3574,0.0070418176635856505,0.20316177221003215,0.563009
3575,0.007001201188973493,0.2345057917028117,0.689066
3576,0.007011380756545463,0.2419303337245497,0.7460899999999999
3577,0.007031739891689402,0.2480330535286013,0.7475799999999999
3578,0.007011380756545463,0.24698397713935807,0.771943
3579,0.007063703733865386,0.2448330101546155,0.796681
3580,0.0116100004071827,0.24114328723784254,0.829885
3581,0.038668003583207794,0.23661829616778077,0.8430639999999999
3582,0.1085936927399324,0.22287199571362962,0.848348
3583,0.21864163850319637,0.20832327652191668,0.8525200000000001
3584,0.33215521804633735,0.21038494412410066,0.850029
3585,0.40953947636304405,0.2230839541766597,0.8416819999999999
3586,0.4588785170405962,0.2335624075113538,0.87234
3587,0.4769433812451647,0.23692861152217173,0.897842
3588,0.4707731381570911,0.23406567331734449,0.881235
3589,0.44192546520623804,0.23167921110374035,0.857292
3590,0.4085989861150699,0.22433548502321782,0.8505029999999999
3591,0.3486851052567287,0.21522216410675107,0.8362139999999999
3592,0.26333523351928007,0.2087288870745522,0.8166899999999999
3593,0.17163412598232827,0.2010814793080574,0.838858
3594,0.09127214055946903,0.18840721794152165,0.825307
3595,0.03584999389225946,0.1764947440934837,0.784053
3596,0.012430778940510605,0.17047711384395572,0.709182
3597,0.007306893603159738,0.17547303158646732,0.676515
3598,0.007113074636589438,0.18515793233658215,0.67686
3599,0.0070928172971212195,0.19073550798591624,0.6593829999999999
3600,0.007092919092796939,0.19525073990916977,0.647424
3601,0.00708273952522497,0.2005201689034036,0.6306579999999999
3602,0.00706238039008103,0.1928816272898913,0.569711
3603,0.007135062502544893,0.18617830535286015,0.466976
3604,0.011031800969094833,0.18181290503648517,0.368687
3605,0.03160043161366505,0.16998239526458128,0.27875900000000003
3606,0.09189339956838634,0.1531007934887993,0.229041
3607,0.19458233234252212,0.13998781701280805,0.23022800000000002
3608,0.31046876908668924,0.13236617849670868,0.218404
3609,0.4053331772466305,0.13247435832015103,0.20950500000000002
3610,0.45948084205382966,0.13524850742460579,0.20065
3611,0.48064070198297976,0.1448629254477726,0.19108
3612,0.47443584836516145,0.15112236566821452,0.190121
3613,0.4533586465246957,0.1551158340562331,0.19091100000000003
3614,0.4177282259049636,0.15287684339439708,0.183507
3615,0.3614003013152001,0.1478767158238506,0.178475
3616,0.28592257420904765,0.14508585497780271,0.194262
3617,0.19471629545176922,0.1344685411032301,0.247054
3618,0.10413066492935379,0.11837302903505637,0.278434
3619,0.04032727309743882,0.10707512629484103,0.322343
3620,0.012905757563418703,0.10745981527784865,0.409472
3621,0.007364815342644245,0.11472451140480686,0.44401399999999996
3622,0.007139541512276559,0.11547692248813596,0.498518
3623,0.007133230180381938,0.11732478185436548,0.495304
3624,0.007133331976057657,0.1177802087054141,0.47497799999999996
3625,0.007112972840913718,0.12158161963565853,0.48882200000000003
3626,0.007113074636589438,0.12319060315354392,0.5344409999999999
3627,0.007149924671199967,0.12531541817625147,0.5485690000000001
3628,0.012185145974998982,0.12527937949686174,0.547588
3629,0.04001720346919663,0.11955216359646885,0.566135
3630,0.11883433771733376,0.10692108485992755,0.56082
3631,0.24641943890223542,0.10055550594478747,0.496841
3632,0.38917280833910173,0.10349141450221973,0.4268139999999999
3633,0.49242925200537485,0.11642362351380313,0.394762
3634,0.5476091249643714,0.125490636321886,0.32715700000000003
3635,0.5785478846858584,0.13249948971781392,0.285603
3636,0.5825175088562238,0.14001058835536054,0.23837200000000003
3637,0.5647360438128588,0.14267783334183803,0.19620900000000002
3638,0.5153337880206849,0.14221405061999284,0.167129
3639,0.4405246549126593,0.13889077409807624,0.158085
3640,0.33260291542815257,0.13427412359034546,0.15182400000000001
3641,0.2183658740176717,0.12355430678165025,0.142776
3642,0.10826764119060223,0.11246581109353472,0.12330700000000001
3643,0.04093570585121545,0.10535706995968773,0.11256399999999998
3644,0.012879494279083022,0.10902038577333265,0.11436500000000001
3645,0.007327049146952237,0.11508413277542481,0.101468
3646,0.007112871045237998,0.11932936163698528,0.091332
3647,0.0070721527749501205,0.12223752360055111,0.117347
3648,0.0070518954354819,0.1272463897535337,0.12486400000000002
3649,0.007011177165194023,0.12912716232076338,0.14628000000000002
3650,0.006990919825725803,0.1325734168495178,0.199632
3651,0.007081925159819211,0.13139287901209368,0.23062399999999997
3652,0.012616963231401929,0.12832576414757363,0.27496
3653,0.042440958508082584,0.12565060978721235,0.304549
3654,0.12327435970519973,0.11243921263458694,0.32597000000000004
3655,0.2527286330876665,0.08748915650354647,0.339041
3656,0.39264190317195324,0.07300549829055468,0.358483
3657,0.4973430310680403,0.07802744042455478,0.371737
3658,0.5656246182662161,0.09310768229831097,0.362606
3659,0.5927453275784844,0.11424031739551974,0.360949
3660,0.5943151186937579,0.13940277848650304,0.361489
3661,0.5705614031515942,0.15951312700923612,0.339125
3662,0.5239118042265565,0.1679902536102465,0.341482
3663,0.44182723237916854,0.17081976833188756,0.36563899999999994
3664,0.335870862005782,0.1642523090268919,0.36934599999999995
3665,0.21128099678325665,0.15202046231566058,0.403386
3666,0.10103638177450223,0.13741446394856355,0.432572
3667,0.03680005293375137,0.12990068632954022,0.451538
3668,0.011960482918685612,0.1452158493646987,0.451582
3669,0.007154098293904475,0.17193199214165433,0.437634
3670,0.00706217679872959,0.19652606266265243,0.616185
3671,0.007031638096013681,0.20194066693881715,0.676507
3672,0.007031638096013681,0.20102923916926058,0.6844939999999999
3673,0.007011278960869742,0.19513509720875646,0.70213
3674,0.007002626328433568,0.1820262029902536,0.565593
3675,0.007092511910094058,0.16692586875542179,0.5428109999999999
3676,0.012259762205301518,0.16561916364749704,0.539378
3677,0.03810120526080052,0.15216455324794612,0.470916
3678,0.1094107048332587,0.12827639434607338,0.348031
3679,0.2228363329125779,0.1032196892381487,0.2419
3680,0.34654139012174767,0.0927342833086697,0.183717
3681,0.4444458243413819,0.0915876154513446,0.19406800000000002
3682,0.5008985504295779,0.1003736541307343,0.211128
3683,0.5265930005293376,0.1209743200489871,0.226425
3684,0.5262406856956716,0.14073015002296269,0.24346500000000001
3685,0.496465348751985,0.15984123845486553,0.22058500000000003
3686,0.4385777108188444,0.1695959202939225,0.213658
3687,0.35784335681420254,0.17176060111241515,0.21579300000000004
3688,0.26656246182662163,0.1715336531101699,0.194511
3689,0.1710744533572214,0.15866950298515078,0.18436100000000002
3690,0.08929689726780407,0.16084668571720162,0.19722499999999998
3691,0.035871981758214905,0.1496576006531612,0.188358
3692,0.012254061647461215,0.13747454967597078,0.128742
3693,0.008355185471721161,0.12615113282645304,0.096794
3694,0.006705891933710656,0.12288615604429248,0.108075
3695,0.0067057901380349364,0.11979250650609789,0.1225
3696,0.006685532798566717,0.11768899576465787,0.08923700000000001
3697,0.006644814528278839,0.1164717813951115,0.075949
3698,0.0063214096665173665,0.12054389702505487,0.06503199999999999
3699,0.0060143939085467646,0.12787212328417613,0.07236000000000001
3700,0.01080846125656582,0.13289476705618206,0.113247
3701,0.03885907406653365,0.12464490738378323,0.138373
3702,0.11272079482063602,0.10751173649027913,0.156283
3703,0.22814467201433283,0.0905307572587641,0.125694
3704,0.35826580886843923,0.0839005332448844,0.095669
3705,0.45668970642127116,0.08769862734091952,0.067482
3706,0.5191375870353029,0.09650756493340817,0.063342
3707,0.5537170690989046,0.10944736439250904,0.068913
3708,0.5578011116087789,0.12308676072868298,0.10947499999999998
3709,0.5368800643348671,0.13977056437209776,0.146692
3710,0.48996314996538953,0.15561093534724704,0.157531
3711,0.4117096583737124,0.1724175894269531,0.20801599999999998
3712,0.31070167759273587,0.18707538143593408,0.31758800000000004
3713,0.1911114051875077,0.20415586569372862,0.331971
3714,0.089621218290647,0.21550996325968255,0.42723999999999995
3715,0.03258856223787614,0.22061221105271217,0.56481
3716,0.010282686591473595,0.23626632902995356,0.595938
3717,0.0067061973207378145,0.2500695897331224,0.6186209999999999
3718,0.006675353230994747,0.2579208552329438,0.629056
3719,0.006675353230994747,0.2509421084859928,0.647941
3720,0.006492019219023576,0.23179466244833397,0.602974
3721,0.0060950160837167635,0.21161765831504817,0.6322780000000001
3722,0.005936011238242599,0.19215249783130073,0.67561
3723,0.006016124435034,0.18156816094300146,0.695238
3724,0.011197829716193654,0.1747407766494872,0.7274109999999999
3725,0.03957225457062583,0.1644005460019391,0.753336
3726,0.1101768190887251,0.14301819155993264,0.6903520000000001
3727,0.21812278594405307,0.11914432055926931,0.54288
3728,0.3437335599983713,0.11086894677756798,0.388584
3729,0.4404409788672176,0.11649710414859415,0.244213
3730,0.49838572417443705,0.12059524417002601,0.17886100000000002
3731,0.5279817989331814,0.12719306526509158,0.113595
3732,0.5214055946903375,0.1349899857120988,0.07628199999999999
3733,0.49839681990309054,0.14232484563963874,0.05313300000000001
3734,0.45306883423592165,0.14692848395162522,0.055284
3735,0.3798099474734312,0.1534770628157371,0.0676205
3736,0.2847913188647746,0.16001447925702914,0.087731
3737,0.18017905859359093,0.16624483339286625,0.11249299999999998
3738,0.09267081314385764,0.1750322753482676,0.143756
3739,0.03741591677185553,0.18114851763024953,0.169325
3740,0.011986847998697016,0.20346200949124865,0.233085
3741,0.006662425180178346,0.23195859060060214,0.422858
3742,0.00637699010546032,0.24896355309486148,0.5438049999999999
3743,0.006254835294596686,0.2507163724039394,0.651354
3744,0.005552546927806507,0.24021648721743125,0.747845
3745,0.0046567449814731866,0.23874489717813951,0.8346810000000001
3746,0.003484364184209455,0.23235928968719702,0.723797
3747,0.003405065352823812,0.22116676021840082,0.6866140000000001
3748,0.008189360315973776,0.20053005562075826,0.5969399999999999
3749,0.03437945356081274,0.17221481604327193,0.441171
3750,0.0981574982694735,0.14885441649232026,0.36576099999999995
3751,0.1895850808257665,0.13933178547736896,0.297259
3752,0.29695926137057693,0.14034992600908303,0.35701099999999997
3753,0.3707233600716642,0.15705707506250957,0.47260100000000005
3754,0.41659086282014735,0.18708922284023066,0.578929
3755,0.4262084164664685,0.21418680155125783,0.688009
3756,0.41839091575389875,0.2379073327550135,0.659986
3757,0.39853831589234096,0.26002117671072106,0.5224409999999999
3758,0.35917413168288603,0.2702630504669082,0.4826
3759,0.30558858259701127,0.27605545491656885,0.41128099999999995
3760,0.2339151634838552,0.2658699673419401,0.361099
3761,0.15417270654342602,0.24975921059345813,0.284541
3762,0.08333594608901014,0.23264326172373326,0.244746
3763,0.03434891485809683,0.21866899270296472,0.154243
3764,0.012421311942668675,0.20735603663826097,0.15715700000000002
3765,0.007548047558939696,0.20726699239679544,0.110974
3766,0.007344150820473147,0.20518759248864618,0.12945900000000002
3767,0.00728297161936561,0.2079819615247232,0.142413
3768,0.007252432916649701,0.21139817318977397,0.142774
3769,0.007199499165275459,0.21544113894983927,0.13218
3770,0.007160511421474816,0.21512476399448896,0.12570699999999999
3771,0.007307198990186896,0.2112556768893198,0.12926100000000001
3772,0.012217313408526404,0.20073850589375922,0.114378
3773,0.03921179608290239,0.1915307827728734,0.122223
3774,0.11046469725966039,0.17366618615094148,0.12190799999999999
3775,0.22347815464799056,0.15800734806347913,0.162854
3776,0.3540261207703897,0.15698493391845691,0.171254
3777,0.45356804022965097,0.17073882482012556,0.21223000000000003
3778,0.5248103546561341,0.1802025820278614,0.260709
3779,0.5646403558776822,0.1828506914323621,0.29828
3780,0.5688931756178996,0.18770896055518704,0.288352
3781,0.5441783053055906,0.2018770092361076,0.296288
3782,0.49513783134492456,0.21333660764402712,0.383175
3783,0.4086676981961806,0.2206416798489564,0.424724
3784,0.3021999063479783,0.22962462366688777,0.45865199999999995
3785,0.19215786473390611,0.23815386283614837,0.521888
3786,0.09994452135673276,0.24622608052252898,0.584833
3787,0.0407416832932937,0.25670376843394394,0.658065
3788,0.013641129524817788,0.270347183242333,0.66963
3789,0.007164481452827883,0.2786665050773078,0.646925
3790,0.007123152408485688,0.28914247078634486,0.572389
3791,0.007112972840913718,0.28992715721794154,0.561937
3792,0.007113074636589438,0.2861587232739705,0.649505
3793,0.006807585813754632,0.28438096392304946,0.684725
3794,0.0066833950893766024,0.28280317140378625,0.7244520000000001
3795,0.006838938881876297,0.28512642241159364,0.741825
3796,0.011095525062095362,0.2961959100882787,0.740804
3797,0.03084256280793192,0.30873188498239523,0.727806
3798,0.08471334337717336,0.3136766469357555,0.743537
3799,0.17818661183272938,0.3270240980762362,0.750532
3800,0.2853474286412313,0.3433391590549574,0.732727
3801,0.37529235718066706,0.34970416390263814,0.741061
3802,0.4342026344720876,0.3500467546052967,0.702109
3803,0.47943116576407835,0.3373262489156504,0.6919930000000001
3804,0.5061810334297,0.3200315099249885,0.6800400000000001
3805,0.5134474123539232,0.2987998800836863,0.648871
3806,0.48286208721853496,0.29882220492932593,0.673362
3807,0.41267916038926655,0.3047354186865337,0.678136
3808,0.313369029683619,0.32419005460019384,0.69425
3809,0.1978917097601694,0.3086864698678369,0.733817
3810,0.09632028991408442,0.2814756722967801,0.795153
3811,0.03398794739199479,0.24534807623615862,0.819416
3812,0.010499002402377946,0.22302992805021177,0.822134
3813,0.006370475182214259,0.21938632188600296,0.8481200000000001
3814,0.006257990960543996,0.221602158493647,0.854383
3815,0.006217170894580399,0.21222648874827774,0.8559700000000001
3816,0.006207093122684148,0.2080414093993979,0.848097
3817,0.005911783867421312,0.20167072766239733,0.8183940000000001
3818,0.005168268251964657,0.19306583915905495,0.799018
3819,0.004199275214788876,0.18390225544726232,0.767984
3820,0.009693289629056558,0.1725516022860642,0.7200620000000001
3821,0.042306893603159736,0.15959592029392256,0.627294
3822,0.12286911112015962,0.13751122620809308,0.5172899999999999
3823,0.24140630726006757,0.12301079246823493,0.477728
3824,0.3647710615253064,0.11543118844721131,0.446585
3825,0.46677653813266007,0.11716978364035313,0.39832399999999996
3826,0.5180320859969869,0.11745535030872073,0.35875799999999997
3827,0.5439288041044016,0.11784635403378067,0.33001199999999997
3828,0.5350517122032656,0.11703481400214319,0.272852
3829,0.495257135876868,0.11382915752411084,0.189867
3830,0.42178427460401485,0.11282785630453641,0.119451
3831,0.3366557066655808,0.11712060519467264,0.08295
3832,0.2453297161936561,0.12204278716130021,0.067356
3833,0.15920741886884646,0.1288449124866051,0.045884
3834,0.08676289751211368,0.14080637342450375,0.028206000000000002
3835,0.035416751496396434,0.1519603765882533,0.02265
3836,0.012174661020399853,0.16404985456957696,0.015354
3837,0.006475935502259863,0.17685391896718883,0.014716
3838,0.006492121014699296,0.18284086850028067,0.027913
3839,0.006492019219023576,0.1828318109914783,0.045458
3840,0.006502300582271265,0.17904328468643158,0.070259
3841,0.006074656948572825,0.17543941674746136,0.09972199999999999
3842,0.0058047966122399125,0.17067427412359035,0.147298
3843,0.005821796490085101,0.1680086237689442,0.203869
3844,0.010546133800236166,0.16522548094096037,0.26527
3845,0.032291217069098904,0.15516660713374494,0.336953
3846,0.08095962783500957,0.14144741542072764,0.39969899999999997
3847,0.15724693595016084,0.12562771087411337,0.387912
3848,0.24988110265075944,0.12233594427718529,0.422048
3849,0.3400978256443667,0.12360374036842375,0.47219400000000006
3850,0.4149980658821614,0.13256576261672706,0.496838
3851,0.453021906429415,0.13986241516558656,0.536453
3852,0.45424599942994426,0.14840007399091695,0.534197
3853,0.4244927521478888,0.15569053936827065,0.561766
3854,0.3725962987092308,0.16338923049446344,0.6018560000000001
3855,0.3093320167759273,0.16953430371995715,0.623761
3856,0.22178284946455473,0.17440928458437518,0.647385
3857,0.13720143328311415,0.17657887686890855,0.663439
3858,0.07550063113318946,0.18167493749043223,0.67751933
3859,0.033015595097520264,0.18884714497116903,0.69166067
3860,0.012316360601001669,0.1874171429300403,0.711222
3861,0.006870495541349403,0.18081810991478287,0.716908
3862,0.00668135917586221,0.17837513394907387,0.685373
3863,0.006665071867747058,0.1746480328621728,0.69275
3864,0.007021356732765992,0.1659227177629229,0.679682
3865,0.006715969705606906,0.1592423585242639,0.666946
3866,0.006660083879636793,0.15347387355207429,0.6622
3867,0.00689513009487357,0.1513200362300352,0.624937
3868,0.01185166334134126,0.14988384701740062,0.585214
3869,0.03257553239138401,0.1379579144767056,0.5623360000000001
3870,0.08688739362351887,0.12518115017604733,0.49448899999999996
3871,0.1733973288814691,0.11156905393682708,0.392222
3872,0.2764274807606173,0.11176149410624073,0.33050100000000004
3873,0.3570401889327741,0.11930997091391539,0.315925
3874,0.4116632395455842,0.12770328366586722,0.272685
3875,0.43803819373753006,0.13588980456192276,0.207429
3876,0.4417516999877845,0.14581549471857938,0.173537
3877,0.41982114499776046,0.15333137725162016,0.175493
3878,0.38088450262632845,0.15200693983773028,0.172872
3879,0.3172886721772059,0.15196854110323008,0.18496600000000002
3880,0.23588999959281734,0.15417066387712403,0.18047
3881,0.15527525550714605,0.15416135122722868,0.277754
3882,0.08583716763711877,0.15534584375159463,0.310523
3883,0.03832708986522252,0.15864596621931928,0.229293
3884,0.013420945478236083,0.16156248405368168,0.191779
3885,0.00681796897267804,0.17083297188345153,0.163018
3886,0.0065673480190561505,0.17518682706536717,0.167658
3887,0.006169326926992141,0.1699440603153544,0.15672
3888,0.00596268170528116,0.1651340128591111,0.147878
3889,0.00596268170528116,0.15881021329795375,0.13600299999999999
3890,0.0059631906836597574,0.15265455171709952,0.09441899999999999
3891,0.005906999470662486,0.14531994693065262,0.030038
3892,0.011183374730241459,0.14165580190845536,0.105351
3893,0.03628191294433813,0.13205484257794559,0.14108800000000002
3894,0.09144173215521806,0.11912626932693782,0.161382
3895,0.1745721527749501,0.11187267183752615,0.172008
3896,0.26399782157253965,0.11871957442465682,0.20207999999999998
3897,0.33333075450954847,0.1285685946828596,0.20999400000000001
3898,0.38142269636385856,0.14141845690666938,0.15927199999999997
3899,0.4120690989046784,0.15881187171505845,0.19739400000000001
3900,0.4278228958833829,0.16807661887023523,0.233317
3901,0.42173541267966935,0.16415376077971114,0.21586100000000003
3902,0.38975945681827434,0.17170734040924632,0.22002800000000003
3903,0.3419220041532635,0.18491822727968565,0.224323
3904,0.27295533205749417,0.19525590651630353,0.23758400000000002
3905,0.18508418502382024,0.19913073429606576,0.17597000000000002
3906,0.10073191090842461,0.1954399270296474,0.162471
3907,0.04234231849831019,0.19445355156401492,0.21741400000000002
3908,0.014097581334744898,0.1816134484870133,0.36722899999999997
3909,0.0071653976139093595,0.1925014670612849,0.494536
3910,0.006566330062298953,0.20224607082716742,0.5484650000000001
3911,0.006708742212630807,0.2067566464254733,0.532527
3912,0.006563276192027363,0.2089329999489718,0.556308
3913,0.006308685207052404,0.21358773026483646,0.536621
3914,0.006310721120566798,0.2107934250140328,0.5066430000000001
3915,0.006309092389755283,0.20535891973261214,0.47704300000000005
3916,0.010706156602467525,0.19353472470276062,0.416783
3917,0.03727442078260516,0.17414438434454252,0.443565
3918,0.10567673765218454,0.14855909067714446,0.499233
3919,0.21915102406449774,0.13880912894830844,0.49854899999999996
3920,0.3528239138401401,0.14826070316885237,0.5245850000000001
3921,0.46328698236898896,0.1676188319640761,0.5702119999999999
3922,0.5350110957286535,0.18557004898708984,0.602179
3923,0.5651029154281527,0.19500931264989535,0.632365
3924,0.5656857974673236,0.19885805225289585,0.607147
3925,0.5419928539435646,0.20345633260192886,0.5436710000000001
3926,0.49421362840506533,0.20304702250344445,0.464161
3927,0.4173698033307546,0.1951217660866459,0.431598
3928,0.31970316380960134,0.18372391182323822,0.31029700000000005
3929,0.2036027525550715,0.16557489666785732,0.271969
3930,0.10021550144549858,0.14719721130785327,0.25621200000000005
3931,0.03799421800561912,0.12954240444966064,0.260027
3932,0.010608941732155219,0.12562541460427615,0.38159
3933,0.004867462030212957,0.12745745522273816,0.43706999999999996
3934,0.00455881754143084,0.12219178955962648,0.506871
3935,0.004364387800806222,0.11577020717456753,0.556874
3936,0.003631458935624415,0.11355360514364446,0.6411070000000001
3937,0.003539842827476689,0.11389645098739605,0.630875
3938,0.0030866484791726052,0.11846800530693473,0.550766
3939,0.002970499613176432,0.11939359340715415,0.47388900000000006
3940,0.00823262347815465,0.12254337398581416,0.37997
3941,0.039844965185878906,0.12432330203602592,0.335517
3942,0.11809163646728285,0.11518421186916367,0.34758
3943,0.23022110020766315,0.09031509924988519,0.29391000000000006
3944,0.3518771122602712,0.08098541868653367,0.248347
3945,0.44911274889042724,0.08544375414604277,0.21696400000000005
3946,0.5095255303554705,0.09376703066795937,0.189874
3947,0.5344936683089702,0.09837819564219015,0.172026
3948,0.5275969094832851,0.10547417972138592,0.12937
3949,0.4853697218942139,0.10952033474511405,0.128726
3950,0.4179610326153345,0.11684339439710159,0.126291
3951,0.33883006229895357,0.11611037403684239,0.126789
3952,0.2564830611995602,0.10995681737000564,0.12122100000000001
3953,0.1667969990634798,0.11368226003980202,0.123366
3954,0.09158047966122397,0.11584094504260856,0.135878
3955,0.037763447208762575,0.12558867428688064,0.130183
3956,0.011486420456858989,0.13802967290911874,0.158242
3957,0.00548108636345128,0.15066196356585193,0.204421
3958,0.005372164990431206,0.16655132163086186,0.206467
3959,0.00529072844985545,0.1833702224830331,0.21957200000000002
3960,0.005372266786106926,0.18492160789916826,0.24104250000000002
3961,0.0051482145038478765,0.1825266622442211,0.254702
3962,0.0048833421556252294,0.17640582742256466,0.268702
3963,0.004581517977116332,0.17311878093585756,0.273073
3964,0.00930473553483448,0.18216940092871356,0.275112
3965,0.03233794128425425,0.18458915905495737,0.293821
3966,0.0927691477666029,0.17672807062305454,0.30159400000000003
3967,0.18843611303391836,0.1605074118487524,0.292547
3968,0.303282605154933,0.1594564856865847,0.24688800000000002
3969,0.3922972230139664,0.1662519773434709,0.268081
3970,0.45004163443136935,0.1702830790427106,0.298154
3971,0.46829675475385807,0.16960670000510283,0.296626
3972,0.48026823160552135,0.17522509822932084,0.27781999999999996
3973,0.47069190520786675,0.17839210083175994,0.32903000000000004
3974,0.4392746040148215,0.18496638516099398,0.40475
3975,0.3805910256932286,0.18990272745828443,0.45805500000000005
3976,0.2969249562278594,0.19097317191406846,0.431462
3977,0.19922950853047763,0.1907978261978874,0.455532
3978,0.1114426483162995,0.18663481655355416,0.42731099999999994
3979,0.04780986603689076,0.1773548247180691,0.33651
3980,0.015627977523514802,0.16346870694494056,0.327271
3981,0.00847611873447616,0.157304242996377,0.26723
3982,0.0081817256402948,0.158757718018064,0.21890900000000002
3983,0.008079828168899385,0.15635454406286678,0.174933
3984,0.007960829023983061,0.14497065877430215,0.183721
3985,0.008120546439187264,0.13666951574220546,0.20508800000000002
3986,0.008132151146219308,0.13260441649232027,0.289253
3987,0.008287694938719004,0.13133119865285503,0.35567000000000004
3988,0.01289761390936113,0.12937930550594476,0.42005699999999996
3989,0.03549269107048333,0.12390263815890187,0.44845599999999997
3990,0.09257655034814122,0.11090913149971937,0.398817
3991,0.1836825603648357,0.09984576720926673,0.397683
3992,0.2824010546032005,0.09593777108741135,0.388548
3993,0.36369253634105625,0.09694851252742767,0.342481
3994,0.41437314222891813,0.09888866918405878,0.305911
3995,0.4368061606742945,0.10521833699035565,0.265158
3996,0.4464263610081844,0.1093220263305608,0.235954
3997,0.43621126674538857,0.11336467316425984,0.204339
3998,0.4013703733865386,0.11614870898606931,0.21240299999999998
3999,0.34910918604177693,0.11845964943613817,0.23786
4000,0.2763935828006026,0.11734761698219114,0.267876
4001,0.18769717822386903,0.10788966423432159,0.229363
4002,0.1007546113441101,0.09808172169209574,0.20721000000000003
4003,0.0401632802638544,0.09237950961881922,0.22166999999999998
4004,0.012672136487642004,0.08886691840587846,0.2096
4005,0.006017244187466917,0.0877319232535592,0.20234
4006,0.0052806506779592005,0.08815960351074144,0.248869
4007,0.0033260719084653285,0.08617320253099965,0.290392
4008,0.0020129076916812574,0.08775673572485586,0.326345
4009,0.001351235799503237,0.0851919936725009,0.338653
4010,0.0010624414674864611,0.08825700362300351,0.35632299999999995
4011,0.0008535567409096461,0.0905428126754095,0.354369
4012,0.006676778370454824,0.09151407103128029,0.336019
4013,0.0379217394845067,0.08473452569270808,0.32258100000000006
4014,0.11874913473675638,0.07333354595091086,0.315609
4015,0.2450891730119305,0.06153467367454202,0.31249
4016,0.3871824992874303,0.06000778180333724,0.283548
4017,0.4885373997312595,0.06357580241873756,0.235469
4018,0.5512298953540454,0.0683006327499107,0.18176
4019,0.5732548149354616,0.07403480124508854,0.132655
4020,0.5690099352579503,0.08017617492473338,0.09274
4021,0.5466406409055743,0.08466295861611471,0.066139
4022,0.5029175658618023,0.09160209470837373,0.062254
4023,0.4326672502952075,0.09251046078481401,0.069427
4024,0.3322829716193656,0.089292940245956,0.089273
4025,0.21764292112871045,0.0871388477828239,0.10366599999999998
4026,0.11219125371554216,0.0864692937694545,0.10138467
4027,0.042685980699539876,0.0894541256314742,0.07639532999999998
4028,0.013466040962579908,0.09953889625963157,0.06785
4029,0.006893195977034895,0.11219159820380668,0.06194500000000001
4030,0.006715969705606906,0.12543106087666478,0.06567150000000001
4031,0.0066750478439675884,0.13934626473439815,0.078351
4032,0.00665448511747221,0.14664642547328674,0.080901
4033,0.0066443055499002404,0.14850812624381282,0.086774
4034,0.006413229366016532,0.1426271878348727,0.085881
4035,0.006292092511910094,0.13532103128029802,0.080079
4036,0.012156744981473185,0.1272193447976731,0.08481799999999999
4037,0.042786045848772346,0.11693837066897993,0.088078
4038,0.12142178020277697,0.10034061335918762,0.09013600000000001
4039,0.2424250783826703,0.08446260907281727,0.09577000000000001
4040,0.37036514108880647,0.08487402408531919,0.09346800000000001
4041,0.4739796001465857,0.09780559524417003,0.08792799999999999
4042,0.5415949346471761,0.11512744297596572,0.07359600000000001
4043,0.5664500794006271,0.13094485125274277,0.058511
4044,0.5652839081395823,0.1470356432106955,0.04593
4045,0.5373650189339957,0.15489698678369138,0.047194
4046,0.4830761635245735,0.1577171888554371,0.05703
4047,0.4081116902153996,0.15513439557075062,0.083714
4048,0.3121007573598274,0.15475602132979538,0.10444200000000001
4049,0.20209933222036727,0.15308306118283407,0.118151
4050,0.10324341381978093,0.14555218911057816,0.13168600000000003
4051,0.04257247852111243,0.141571286421391,0.13298700000000002
4052,0.013875564966000245,0.14589758636526,0.17297
4053,0.006629239789893725,0.15307138847782825,0.17964000000000002
4054,0.006389714564925282,0.15739781599224373,0.16434200000000002
4055,0.006349403477340283,0.1552078124202684,0.145459
4056,0.006339325705444033,0.15173221666581618,0.130025
4057,0.005636833747302414,0.14983326529570853,0.129471
4058,0.005282584795797874,0.14798036689289176,0.11276799999999998
4059,0.004946150087544281,0.14365521508394144,0.131947
4060,0.010397613909361132,0.13755217635352351,0.14856
4061,0.04111405187507634,0.12606623462774916,0.200025
4062,0.11311464228999553,0.10318314027657297,0.264563
4063,0.227013009487357,0.07802705771291525,0.218169
4064,0.3483065271387271,0.06968796244323111,0.233175
4065,0.4462162547334989,0.06995694494055213,0.30288000000000004
4066,0.5097100859155502,0.08044917589426953,0.224692
4067,0.5272824626409871,0.09132909373883759,0.180874
4068,0.5249643715134982,0.09855928203296425,0.110224
4069,0.49743953336862257,0.10773619686686738,0.100802
4070,0.4521958345209495,0.11884159565239578,0.08042300000000001
4071,0.37690541145812134,0.12059932642751443,0.150561
4072,0.28637373264383725,0.11859978568148187,0.21458900000000003
4073,0.1858733051019993,0.11649997448589068,0.166277
4074,0.09504987988110265,0.104869495330918,0.154696
4075,0.03594588541878741,0.10415012501913558,0.152034
4076,0.009411112015961561,0.10947026330560801,0.14085
4077,0.003995480271998046,0.11397733071388477,0.13051500000000002
4078,0.0038917504784396757,0.11490126039699954,0.10764299999999999
4079,0.0038716967303228963,0.11716563759759148,0.099784
4080,0.0038615171627509265,0.12401955656478032,0.07073299999999999
4081,0.003830978460035018,0.12774448895239066,0.082408
4082,0.0033841972393012744,0.12101903352553961,0.125581
4083,0.003063031882405636,0.11502155942236056,0.196276
4084,0.0075006107740543185,0.10846545389600445,0.20807799999999999
4085,0.03295064945641109,0.10506442312598868,0.20807200000000003
4086,0.0939259538254815,0.09574871153748021,0.20889300000000002
4087,0.18136508001140114,0.08470709802520794,0.17053600000000002
4088,0.277928152612077,0.08483090524059805,0.135232
4089,0.368843295736797,0.086508266571414,0.115943
4090,0.42443483040840424,0.09326791090473033,0.10876300000000001
4091,0.44693045319434827,0.10450681226718375,0.10848
4092,0.4511610814772588,0.1157952747869572,0.098595
4093,0.429861965063724,0.1252312216155534,0.095425
4094,0.3865538091941854,0.12716538245649847,0.134149
4095,0.32421953255425706,0.13048725570240344,0.194006
4096,0.2515500427541838,0.13593923814869627,0.225239
4097,0.17225955861395004,0.13906120834821656,0.22364
4098,0.09420161651533043,0.13187611624228196,0.20971599999999999
4099,0.04121187751944298,0.1246065724345563,0.20381999999999997
4100,0.014916120363206973,0.11656573710261774,0.200856
4101,0.007244798240970723,0.11691107057202632,0.159814
4102,0.006991734191131561,0.12544643312751952,0.132569
4103,0.0069717822386905015,0.1219446854110323,0.11230599999999999
4104,0.006951423103546563,0.11121077205694749,0.095621
4105,0.0069412435359745926,0.10771176710721028,0.093672
4106,0.006375666761675965,0.09919215951421136,0.109865
4107,0.005243597051997231,0.09601322906567333,0.126414
4108,0.009615110550103832,0.09149155482982088,0.150254
4109,0.037086709556578036,0.08354225136500486,0.15382200000000001
4110,0.10514037623681748,0.0700354646119304,0.10926199999999998
4111,0.20869620098538216,0.062438829922947386,0.092973
4112,0.32505374811678,0.0642574756340256,0.09806500000000001
4113,0.4214028462070932,0.06373501046078484,0.107753
4114,0.48203336862250085,0.06693773281624739,0.127152
4115,0.5047189421393379,0.0761440526611216,0.139326
4116,0.5045945478236085,0.08055263560749096,0.15295799999999998
4117,0.4826334541308685,0.08871963820993008,0.16627099999999997
4118,0.43653609674661026,0.09541441292034496,0.167075
4119,0.37057168451484185,0.09972623360718477,0.147293
4120,0.2826496396433079,0.09974747410317905,0.16027
4121,0.18831314385764897,0.10270538857988469,0.156476
4122,0.10480495948532105,0.1037785120171455,0.175648
4123,0.044544973329532965,0.1006727432770322,0.188369
4124,0.014908078504825116,0.10383687554217481,0.18212
4125,0.007205097927440042,0.11720071949788234,0.162396
4126,0.0069534590170609555,0.12921588763586261,0.13248200000000002
4127,0.006943279449488986,0.1338431902842272,0.10376300000000001
4128,0.006943279449488986,0.13514249630045413,0.08028099999999999
4129,0.0068109450710533825,0.13716735979996938,0.07466800000000001
4130,0.006892076224601978,0.13671186916364747,0.067753
4131,0.007129463740380309,0.13735469714752255,0.05999100000000001
4132,0.013320473146300747,0.135566349441241,0.048283000000000006
4133,0.03977218127773932,0.13399212889728018,0.042193
4134,0.10612616556048697,0.12725072715211513,0.038549
4135,0.2043589926299931,0.1154426697963974,0.028078
4136,0.30878934402866576,0.10845824616012656,0.019081
4137,0.3954093204120689,0.10975780731744654,0.020914
4138,0.4512426198135102,0.11127710874113383,0.017444
4139,0.4807334378435605,0.11347368219625453,0.017547
4140,0.4796437151349811,0.1165012501913558,0.027961
4141,0.4575842868194959,0.12285152064091441,0.04185200000000001
4142,0.4132346593916691,0.13162588661529828,0.067274
4143,0.34208599698684805,0.14347227892024292,0.090799
4144,0.26396178590333486,0.15767585599836711,0.10746200000000002
4145,0.17822671932896292,0.15906701280808283,0.13870800000000003
4146,0.09977177409503644,0.1631708297188345,0.16243300000000002
4147,0.04167117960829024,0.16485035974894113,0.16473800000000002
4148,0.014298322407264138,0.17640825126294843,0.162231
4149,0.0069395130094873575,0.19348050722049295,0.156622
4150,0.0067804063683374735,0.20292940245956012,0.167732
4151,0.006821124638625352,0.20602892024289432,0.177765
4152,0.006821124638625352,0.20679140939939786,0.177402
4153,0.0068109450710533825,0.20221991886513244,0.18313
4154,0.00627030823730608,0.19805965198754913,0.177482
4155,0.006000040718270288,0.19101297392458028,0.15454
4156,0.010953723685817828,0.17956785477368986,0.164964
4157,0.036094812492365326,0.16313051742613666,0.20144700000000001
4158,0.10413483855205832,0.13405138541613515,0.230512
4159,0.2141158027606987,0.10903984028167575,0.22611799999999999
4160,0.3350328800032575,0.0997501530846558,0.194829
4161,0.43600350177124464,0.10608664591519108,0.18738000000000002
4162,0.5065649049228388,0.1227804638465071,0.204529
4163,0.544734516877723,0.1356909858651834,0.24743399999999996
4164,0.549053605602834,0.14811967392968314,0.30490100000000003
4165,0.5216300541552994,0.1519027147012298,0.33335299999999995
4166,0.479772283073415,0.14714248354339948,0.365574
4167,0.40677826865914735,0.14446286421391027,0.396057
4168,0.3082347611873448,0.1385869648415574,0.46868999999999994
4169,0.19570300093652024,0.13292429963769964,0.5119469999999999
4170,0.09354310028909969,0.12751365004847678,0.49518500000000004
4171,0.03334704181766359,0.1268074832882584,0.495471
4172,0.010715623600309457,0.14718030821044034,0.500135
4173,0.006862759069994707,0.17250114813491862,0.5596690000000001
4174,0.005630115232704915,0.18543865132418227,0.580391
4175,0.005039394926503522,0.19311259376435166,0.566896
4176,0.004713648764200497,0.18929708628871766,0.552776
4177,0.004031617736878538,0.17963042812675412,0.5481570000000001
4178,0.002249684433405269,0.16987651171097615,0.5547719999999999
4179,0.0019746325176106523,0.16383011430320968,0.572093
4180,0.0075897837859847704,0.16037422819819355,0.588841
4181,0.03769565128873325,0.1502657932336582,0.601005
4182,0.11738894091778983,0.12199309843343369,0.5897720000000001
4183,0.23766928620872185,0.09365419451956931,0.5648190000000001
4184,0.35935614235107294,0.08557795836097362,0.543725
4185,0.4626964656541391,0.09785789916824003,0.5333070000000001
4186,0.5337973858870475,0.11090766443843443,0.534356
4187,0.5700719695427338,0.1186543858753891,0.517842
4188,0.5752718962498473,0.120971067000051,0.5200570000000001
4189,0.5530714809234903,0.12375095677909885,0.529366
4190,0.5036841890956473,0.13030687094963517,0.565566
4191,0.4241558084612565,0.1353876231055774,0.6161209999999999
4192,0.32264414267681907,0.13464184569066695,0.619505
4193,0.2040774257909524,0.1349409986222381,0.624868
4194,0.10209454782360845,0.13664572383528092,0.631923
4195,0.03940622582352702,0.14279302954533857,0.63179267
4196,0.012055051101429211,0.16388567127621576,0.62822433
4197,0.0056211572132415805,0.18994501709445324,0.6240060000000001
4198,0.004130359542326642,0.20755549318773284,0.631404
4199,0.0033263772954924874,0.2144654156248406,0.635725
4200,0.0029904515656174924,0.2127861407358269,0.615386
4201,0.002532371024878863,0.20280821044037353,0.597198
4202,0.0015869945844700518,0.19508623768944225,0.5523889999999999
4203,0.0015717252331120975,0.18814850487319487,0.536632
4204,0.007152164176065801,0.18233377557789457,0.481462
4205,0.037240217435563334,0.163475787110272,0.454308
4206,0.11417555682234619,0.1320725748839108,0.399103
4207,0.23197941691436944,0.10409858651834465,0.29042199999999996
4208,0.3596867747058106,0.08937082206460172,0.22278299999999998
4209,0.46693941121381166,0.09151687758330358,0.17602800000000002
4210,0.5397883667901787,0.09754088636015716,0.16296799999999997
4211,0.5756456899710899,0.10572830025003827,0.157183
4212,0.5820061891770838,0.11573384956881155,0.183267
4213,0.5640751862860867,0.12245388324743585,0.21565
4214,0.5181180015472943,0.1235365106904118,0.225638
4215,0.44160674294555974,0.11798138745726387,0.241225
4216,0.33649527668064666,0.1105313313262234,0.191772
4217,0.21730312716315808,0.10543284686431596,0.143027
4218,0.1122917260474775,0.10618136704597642,0.13824499999999998
4219,0.046892178020277696,0.11161721181813541,0.18260099999999999
4220,0.01457194918359868,0.1262436214726744,0.22360100000000002
4221,0.00697188403436622,0.14550951676276982,0.22428800000000002
4222,0.006654994095850808,0.15711818135428895,0.188404
4223,0.006644712732603119,0.15791377506761242,0.138652
4224,0.006644712732603119,0.15468560238812062,0.121627
4225,0.006654892300175089,0.1504483466857172,0.184927
4226,0.006626491306649293,0.14836696943409705,0.32316500000000004
4227,0.0064697259660409625,0.14771463744450683,0.40191499999999997
4228,0.011795064945641108,0.15298795734040924,0.37376
4229,0.03997200618917708,0.14823952645813135,0.346019
4230,0.11440642941487845,0.13102043680155123,0.355831
4231,0.23005049065515704,0.11229875746287697,0.408367
4232,0.35542112871045234,0.11332104403735263,0.44180200000000003
4233,0.4585921658047966,0.1251317803745471,0.492882
4234,0.531671586790993,0.1427057712915242,0.49726800000000004
4235,0.5748442526161489,0.16419343521967647,0.48330500000000004
4236,0.5842891607964494,0.18222387355207426,0.485886
4237,0.5637400749216174,0.1988860539878553,0.551206
4238,0.5163964330795229,0.21483760269428992,0.6340319999999999
4239,0.4422952888961276,0.23259491248660508,0.6409769999999999
4240,0.3384301070890509,0.24241701535949384,0.666478
4241,0.21923989168940108,0.24988627085778434,0.7014379999999999
4242,0.11177633454130867,0.24982120987906317,0.712017
4243,0.04561250458080541,0.24850691432362096,0.695051
4244,0.01433507064619895,0.2566454686941879,0.6742819999999999
4245,0.006830795227818722,0.2661418201765577,0.696272
4246,0.006463007451443462,0.26587098790631214,0.707646
4247,0.0064104808827721,0.2634290962902485,0.717314
4248,0.006389714564925282,0.2672289125886615,0.711634
4249,0.006348996294637404,0.26286325713119363,0.716262
4250,0.00805814568997109,0.2551754095014543,0.717392
4251,0.00700171016735209,0.24846468847272543,0.7167959999999999
4252,0.010674192760291542,0.24832129917844567,0.706298
4253,0.038488130624211074,0.24350366127468495,0.696721
4254,0.11098385520583084,0.2365201944175129,0.669741
4255,0.2296657030009365,0.21870554166454054,0.645423
4256,0.3579022965104443,0.20611400979741798,0.635205
4257,0.46036218901421083,0.2045964943613819,0.6319889999999999
4258,0.5332453479376196,0.21113729142215645,0.595753
4259,0.5726959566757605,0.22465645251824257,0.600863
4260,0.5818102325013234,0.23801391794662446,0.567928
4261,0.5601541186530395,0.24811469867836913,0.563738
4262,0.5158600716641558,0.25646699749961727,0.563916
4263,0.44608819577344355,0.26024008776853597,0.521356
4264,0.3442753165845515,0.26238665356942387,0.532421
4265,0.22326723400789933,0.2649369163647497,0.532737
4266,0.11160511421474817,0.2591548451293566,0.506024
4267,0.043489250376644,0.24741797213859262,0.46325500000000003
4268,0.013046235595911884,0.24040261264479254,0.4361860000000001
4269,0.006301050531373428,0.234890672041639,0.402537
4270,0.005931634024186653,0.2263633464305761,0.37788399999999994
4271,0.004995622785944053,0.2154217482267694,0.347371
4272,0.004384848731625881,0.19563606674490994,0.318621
4273,0.003906409055743312,0.18191713017298564,0.289844
4274,0.00302791237428234,0.1705794892075318,0.27341600000000005
4275,0.00301803819373753,0.15797558299739756,0.249752
4276,0.008061097764566962,0.14548094096035108,0.238713
4277,0.035343153222851094,0.1326931418074195,0.21543299999999999
4278,0.10695956675760414,0.11597438383426033,0.172211
4279,0.2178194348304084,0.1040207684849722,0.14605900000000002
4280,0.3441071501282626,0.09400979741797214,0.11487
4281,0.45943930941813604,0.09312547838954942,0.085097
4282,0.5373551447534509,0.09828092310047457,0.07803500000000001
4283,0.588469196628527,0.10278001734959433,0.074438
4284,0.6044776863878821,0.11119973720467416,0.077386
4285,0.5890410847347205,0.11790771546665305,0.086203
4286,0.547022476485199,0.123564448640098,0.084933
4287,0.4694931593305916,0.12552036025922333,0.09451400000000001
4288,0.359160389266664,0.12821369342246264,0.107971
4289,0.23112779429129846,0.12776572944838493,0.11199699999999999
4290,0.11642513946007572,0.12264013624534367,0.10708499999999999
4291,0.04489586302373875,0.12189844108792162,0.088907
4292,0.013710961358361497,0.1325835587079655,0.091281
4293,0.006936153752188607,0.14873169362657546,0.089694
4294,0.006746508408322815,0.1573622238097668,0.08953500000000002
4295,0.006726047477503156,0.15860374036842373,0.095624
4296,0.006705891933710656,0.15621721436954633,0.106949
4297,0.006349403477340283,0.1482926595907537,0.100618
4298,0.005626348792703286,0.1421073378578354,0.0852
4299,0.004911437762123865,0.13466908200234728,0.08922999999999999
4300,0.009758438861517161,0.1286578302801449,0.092379
4301,0.03806720550511014,0.11818971015971831,0.084463
4302,0.11848243006637078,0.10491593100984842,0.086315
4303,0.24491947962050575,0.09258866152982599,0.079814
4304,0.3816042998493424,0.09096105271214983,0.08315399999999999
4305,0.4969072437802842,0.09731323671990612,0.090397
4306,0.5676054603200454,0.10348101750267898,0.08998099999999999
4307,0.6100420416140723,0.11002328162473847,0.086252
4308,0.6186668838307748,0.11516539521355311,0.101554
4309,0.5976251068854594,0.1204604021023626,0.09628400000000001
4310,0.5479569607883057,0.12310857529213656,0.09672
4311,0.4710932855572295,0.12141348165535541,0.094995
4312,0.35983590537073984,0.11708514058274228,0.099004
4313,0.23055621157213244,0.11193741388988111,0.10653800000000001
4314,0.11376420049676288,0.10727305199775476,0.098203
4315,0.043706991327008435,0.10849945144664998,0.11049
4316,0.013552770878293091,0.12721519875491147,0.151705
4317,0.006897166008387964,0.15027064091442568,0.18951800000000002
4318,0.006708742212630807,0.1663681303260703,0.233573
4319,0.006668125738018648,0.1820029213655151,0.276188
4320,0.006556048699051264,0.1913442108485993,0.348096
4321,0.006250763467567897,0.19347176863805682,0.4099030000000001
4322,0.005329003623926055,0.1975054217482268,0.448665
4323,0.004838755649660003,0.1993160305148747,0.522022
4324,0.008282401563581577,0.1938699163137215,0.612736
4325,0.03670640091208925,0.19097202377914985,0.6277940000000001
4326,0.11829471884034368,0.16941056028984028,0.657097
4327,0.2430276069872552,0.133549267745063,0.636401
4328,0.37213109247119186,0.1229887227636883,0.6399530000000001
4329,0.4770278716560121,0.13576089452467216,0.621206
4330,0.5457697788997923,0.15749744858906975,0.6135079999999999
4331,0.5851507593957409,0.18046327243965915,0.596949
4332,0.5930437924996946,0.19364851763024954,0.537913
4333,0.5778950690174681,0.19739494565494717,0.514596
4334,0.5332294678122074,0.22435117620043887,0.443137
4335,0.4554498350910054,0.23464254732867276,0.452826
4336,0.34226556455881757,0.2323922028881972,0.488727
4337,0.21961042794902075,0.23013318365055882,0.553505
4338,0.1101509629870923,0.23150673572485586,0.561737
4339,0.044091778981228874,0.2253236464765015,0.5518780000000001
4340,0.013816014495704222,0.22222540439863245,0.5714239999999999
4341,0.006836902968361904,0.22096366790835328,0.578142
4342,0.006756586180219065,0.21994871664030213,0.60006
4343,0.006648275581253309,0.21107172016124914,0.644688
4344,0.006278248300012216,0.19869852528448234,0.666594
4345,0.005657192882446354,0.19072861917640457,0.675754
4346,0.0054575715623600305,0.1815881895188039,0.625144
4347,0.0055345290932041205,0.17665567433790885,0.555262
4348,0.010317500712569731,0.17187509567790993,0.534758
4349,0.03655085711958956,0.16277969842322804,0.531957
4350,0.10307260067592329,0.15244482573863347,0.557422
4351,0.20632242762327457,0.1429988008368628,0.5547489999999999
4352,0.32042713465531986,0.14832308516609685,0.617426
4353,0.4121672299360724,0.16551538500790938,0.6524540000000001
4354,0.47581691029765055,0.1854652497831301,0.682421
4355,0.5213554094222078,0.2015483875082921,0.677366
4356,0.5311606742945558,0.22331128489054441,0.673968
4357,0.5081411091656827,0.24415599326427517,0.6651189999999999
4358,0.4499181562767214,0.2612398581415522,0.67783
4359,0.3741820717455922,0.2715087768536001,0.675516
4360,0.28481483366586585,0.28632475634025617,0.666535
4361,0.18640752880817624,0.2871595142113588,0.674955
4362,0.09921576611425546,0.2858866790835332,0.6762
4363,0.042564945641109166,0.2770649844363933,0.680139
4364,0.014529907569526445,0.25011372914221564,0.675687
4365,0.0077890997190439345,0.23073716640302083,0.6507440000000001
4366,0.007547538580561099,0.22526821707404196,0.663624
4367,0.007445742904841403,0.22490840434760426,0.7001390000000001
4368,0.0073643063642656464,0.22692963208654382,0.725213
4369,0.007181074147970195,0.2256795683012706,0.763316
4370,0.00690490247974266,0.2247777083227025,0.774082
4371,0.006675760413697626,0.2233443894473644,0.77767
4372,0.010513864571033022,0.22066024136347406,0.774526
4373,0.03623335640701983,0.21683242333010153,0.775733
4374,0.10705067388737328,0.21398217839465222,0.758976
4375,0.21897196547090675,0.2166810608766648,0.714522
4376,0.335424895150454,0.21355749604531307,0.665482
4377,0.42991673113726125,0.2067803107618513,0.625814
4378,0.49274654912659305,0.20363958769199367,0.55762
4379,0.5259380471517571,0.2051396259631576,0.499408
4380,0.5326380349362759,0.20729167729754552,0.478274
4381,0.5212753980210921,0.21015225544726235,0.45983900000000005
4382,0.48393470825359336,0.21092488646221363,0.4576780000000001
4383,0.4176411906022232,0.21466321375720773,0.45875599999999994
4384,0.31983753410155136,0.2190885722304434,0.452593
4385,0.21002137709190113,0.21714949992345764,0.4478950000000001
4386,0.10997047925404128,0.21372072255957547,0.42089899999999997
4387,0.04547884685858545,0.19801366280553145,0.377385
4388,0.01583177246630563,0.18133177272031434,0.36396100000000003
4389,0.008638177450221916,0.17959879063121909,0.39001
4390,0.008356915998208397,0.17808739858141553,0.421285
4391,0.008345107699824912,0.17964943613818443,0.48316400000000004
4392,0.008344700517122033,0.17848446190743483,0.552375
4393,0.008334419153874343,0.17671295351329283,0.564433
4394,0.00806435522618999,0.18122652701944172,0.558078
4395,0.007797650555804389,0.1795285630453641,0.520738
4396,0.012712345779551285,0.17145934326682655,0.535285
4397,0.04161366505150861,0.1571355309486146,0.5490079999999999
4398,0.11856732765992102,0.13632226871459915,0.520138
4399,0.24107659106641155,0.1273873552074297,0.548709
4400,0.3649638625351195,0.1331194187885901,0.551357
4401,0.45682387312186973,0.13948780425575344,0.5720019999999999
4402,0.5103431532228511,0.1466455962647344,0.591692
4403,0.5358732033063235,0.15897567229678009,0.5678350000000001
4404,0.5471557270247159,0.16917608562535083,0.512015
4405,0.5362411946740503,0.18006340256161657,0.5112
4406,0.4980466427786147,0.19323384956881157,0.521123
4407,0.4275847957978745,0.20084521865591673,0.47881500000000005
4408,0.33177898122887745,0.2002916900546002,0.48418
4409,0.21650280956064993,0.20297953768433943,0.49675699999999995
4410,0.10878323628812249,0.19910081900290857,0.48479800000000006
4411,0.04308929516674133,0.18647056947491966,0.504555
4412,0.015,0.18109627749145277,0.489009
4413,0.008855816604910622,0.1897668648262489,0.44556999999999997
4414,0.007734028258479579,0.20049873705158952,0.428496
4415,0.007255486786921291,0.20391169566770423,0.424241
4416,0.006909483285150047,0.1984413430627137,0.404697
4417,0.006318966570300093,0.19130147471551764,0.393871
4418,0.0058610896209129034,0.18480832525386537,0.402309
4419,0.005352314833665866,0.1805828060417411,0.422835
4420,0.008307850482511503,0.17723541868653364,0.481958
4421,0.035348650189339956,0.16544949482063578,0.556056
4422,0.11559295981106724,0.13821688268612542,0.612719
4423,0.24027006392768438,0.1282211562994336,0.627978
4424,0.36907722219960104,0.1319070520998112,0.620258
4425,0.47039415285638675,0.13705554421595145,0.596924
4426,0.5399363777026753,0.1445236515793234,0.610342
4427,0.5766793232623478,0.14853210950655713,0.63348
4428,0.5846401522863308,0.15375280655202328,0.683494
4429,0.5671282421922718,0.15975940194927793,0.712962
4430,0.5190625636222973,0.16683561259376434,0.7236440000000001
4431,0.4396298709230832,0.170098867173547,0.720929
4432,0.3341906225823527,0.1733795989182018,0.732688
4433,0.2163572417443707,0.1717996376996479,0.725905
4434,0.10837249073659351,0.16892253916415778,0.722726
4435,0.04263141821735414,0.16440143899576468,0.704004
4436,0.014322447982409708,0.16588119355003317,0.7064520000000001
4437,0.006621605114214748,0.17104212379445832,0.704603
4438,0.005516511258601734,0.18236751798744705,0.676193
4439,0.004838755649660003,0.183901171097617,0.658253
4440,0.004289160796449367,0.17853019594835945,0.649758
4441,0.0036782849464554747,0.17822364392509057,0.653799
4442,0.002731686957938027,0.17406063428075727,0.6408809999999999
4443,0.0027979559428315485,0.16405017349594325,0.611187
4444,0.006536503929313084,0.15512859111088428,0.531925
4445,0.027975589396962416,0.145378565596775,0.4701719999999999
4446,0.08735117472209782,0.13436878093585755,0.460976
4447,0.18337371228470217,0.12667678726335663,0.412446
4448,0.29637251109572865,0.12937343726080522,0.343393
4449,0.3954710085915551,0.13992651936520895,0.303
4450,0.47115517732806717,0.15357433535745268,0.281438
4451,0.5217637118775194,0.1677936673980711,0.295373
4452,0.5338221222362475,0.1768949966831658,0.29594499999999996
4453,0.5194006270613624,0.18436820686839825,0.28558
4454,0.48283490777311777,0.19063963872021225,0.273475
4455,0.413365059652266,0.18986139460121446,0.253751
4456,0.32134187059733704,0.17911682910649593,0.22020699999999996
4457,0.21263182540005704,0.16486707149053428,0.21060500000000001
4458,0.11190113603974103,0.14569940552125327,0.198891
4459,0.046059285801539146,0.12409080471500741,0.198696
4460,0.015158699458447004,0.1129917844568046,0.210015
4461,0.008790565576774299,0.10821484155738124,0.20466199999999998
4462,0.007238181522048943,0.10131971730366894,0.21973499999999999
4463,0.007166822753369437,0.09252678981476756,0.235421
4464,0.007156643185797467,0.08678496708679899,0.21482300000000001
4465,0.006911315607313002,0.0817546052967291,0.218931
4466,0.006705688342359217,0.07883693932744808,0.254723
4467,0.006882303839732888,0.07644639485635556,0.349123
4468,0.011258907121625474,0.08030291626269327,0.461632
4469,0.035622073374323056,0.08083227024544572,0.4700849999999999
4470,0.10244879677511301,0.07773734500178597,0.43073900000000004
4471,0.21287806913962296,0.07266692606011123,0.447809
4472,0.3352649741438984,0.08078538806960249,0.45758999999999994
4473,0.43326845555600796,0.10281433382660614,0.523824
4474,0.49125982328270695,0.13231795683012706,0.509782
4475,0.5169208844008306,0.15411561718630404,0.503649
4476,0.5128655482715095,0.17171129509618818,0.5764279999999999
4477,0.48059346878944587,0.18751454304230236,0.640858
4478,0.42553656500671855,0.2043183905699852,0.7079449999999999
4479,0.34540229651044424,0.21436884472113077,0.751009
4480,0.25507390366057253,0.216122748379854,0.763415
4481,0.16522456126063764,0.2194422615706486,0.764383
4482,0.08687171708945803,0.21239826248915653,0.763544
4483,0.03452838063439065,0.20864386130530183,0.7651439999999999
4484,0.010064436662730568,0.20169700719497882,0.7551110000000001
4485,0.004615823119833869,0.19854563198448744,0.7469
4486,0.0040081029357872874,0.1943487523600551,0.7386780000000001
4487,0.00396738466549941,0.1957310430167883,0.740653
4488,0.003977564233071379,0.18994539980609274,0.746129
4489,0.003987743800643349,0.18104575955503394,0.739818
4490,0.00396066615090191,0.1763368755421748,0.734722
4491,0.004190113603974103,0.17212672858090527,0.717441
4492,0.008541471558288204,0.17366344338419146,0.703449
4493,0.02996426971782239,0.1644601214471603,0.693364
4494,0.08229233682153181,0.15510645762106445,0.6891639999999999
4495,0.159134227778004,0.15963183140276574,0.6679639999999999
4496,0.239921210146993,0.16148753635760577,0.5989
4497,0.31481188159127,0.16857248558452823,0.53674
4498,0.37151522863308756,0.17271814563453589,0.552921
4499,0.4087761105908221,0.18577001581874777,0.5676559999999999
4500,0.43797579298831385,0.20561909986222382,0.607938
4501,0.4505153915061689,0.2194609506557126,0.617279
4502,0.4174923653243211,0.22946834974741034,0.608641
4503,0.35574544973329536,0.23608683727101082,0.606571
4504,0.27567795920029314,0.23967680002041125,0.589527
4505,0.18406001873040428,0.23130785324284328,0.566334
4506,0.09791135632558329,0.22225761596162674,0.546112
4507,0.0407576652143817,0.21037052865234476,0.508089
4508,0.012920110753695183,0.19799605807011278,0.481286
4509,0.006201596156195284,0.1916660075521764,0.429991
4510,0.005718270287878171,0.19497384803796503,0.40813299999999997
4511,0.005484140233722871,0.19532792008980968,0.41979966999999996
4512,0.005484140233722871,0.19357267694034802,0.44417333
4513,0.005504499368866811,0.18565016329029954,0.419455
4514,0.005504499368866811,0.1845631346634689,0.38776700000000003
4515,0.005702390162465898,0.17115649078940653,0.398068
4516,0.009160083879636793,0.16079629535132928,0.392405
4517,0.030980088765829226,0.1518297443486248,0.396635
4518,0.09189563907325216,0.14378961065469206,0.409246
4519,0.19345850808257664,0.1420526738786549,0.37438899999999997
4520,0.2988004397573191,0.15300014032760118,0.34891300000000003
4521,0.37380155950975197,0.16935308975863653,0.325953
4522,0.41507838267030417,0.17422730519977553,0.329221
4523,0.44219522374689524,0.1776410292391693,0.331178
4524,0.4518919744289263,0.1838403837322039,0.32222399999999995
4525,0.4333344191538743,0.19055263560749092,0.316616
4526,0.3863822834805978,0.19872078634484872,0.314841
4527,0.3252778003990391,0.20888886053987857,0.358271
4528,0.2524593835253879,0.21126715823850592,0.369436
4529,0.16898112708172155,0.21095129356534162,0.41385
4530,0.09330143735494116,0.1952491452773384,0.406338
4531,0.037857913595830454,0.1835552635607491,0.43233999999999995
4532,0.012239301274481858,0.1762902485074246,0.44880200000000003
4533,0.006576611425546643,0.16772420523549522,0.47015
4534,0.006013477747465288,0.16671422921875798,0.49264600000000003
4535,0.005351704059611548,0.16731980660305149,0.502532
4536,0.005147807321144998,0.17070100015308465,0.472713
4537,0.005147807321144998,0.17142317701689033,0.47029799999999994
4538,0.005117268618429089,0.17453385722304438,0.46564799999999995
4539,0.004658679099311861,0.1700355921824769,0.415592
4540,0.007957367971008591,0.1571615553401031,0.43179400000000007
4541,0.03150464188281281,0.14481680869520847,0.42272200000000004
4542,0.09070870149436051,0.13069621625759045,0.4644309999999999
4543,0.18262113685410641,0.12253801602286062,0.48981
4544,0.28024787247037747,0.12705586314231768,0.457726
4545,0.35516205871574574,0.13388962596315762,0.433172
4546,0.4051193045319435,0.14187094963514824,0.421695
4547,0.4317557718148133,0.15447217686380568,0.38134700000000005
4548,0.45356050734964787,0.16910330662856563,0.367736
4549,0.43275530355470493,0.17988327294994133,0.365972
4550,0.40456543426035263,0.18238091289483085,0.36248400000000003
4551,0.34865253064049845,0.17638095116599478,0.38025299999999995
4552,0.27555142717537356,0.17596149920906262,0.38077300000000003
4553,0.1905744329980862,0.1751974154207277,0.35988600000000004
4554,0.10362382425994542,0.1690429657600653,0.3287905
4555,0.04225304369070401,0.1566371128233913,0.304317
4556,0.013260413697626126,0.14817618768178803,0.262683
4557,0.007281851866932692,0.15472125835587078,0.21708933000000002
4558,0.007114499776049514,0.15833035668724807,0.20642966999999998
4559,0.006736227045075125,0.16095760830739403,0.174021
4560,0.006471558288203917,0.160493634229729,0.133621
4561,0.006329044342196344,0.15818945501862527,0.108622
4562,0.005982939044749379,0.1522576159616268,0.099294
4563,0.0059217598436418425,0.1474212251875287,0.10233800000000001
4564,0.008146606132171505,0.13876014185844773,0.10384000000000002
4565,0.03350757359827354,0.12310321732918304,0.09804700000000001
4566,0.10032625514068162,0.10556264989539214,0.10080599999999999
4567,0.21140885215196062,0.0926158340562331,0.091677
4568,0.323964636182255,0.09030699852018165,0.10868200000000001
4569,0.42202023698033314,0.09323627340919528,0.129551
4570,0.4956467079278474,0.09713648772771342,0.159464
4571,0.5405431817256403,0.10601973516354546,0.202687
4572,0.551439899833055,0.11469459611164974,0.247373
4573,0.5333980414511992,0.12241127468490073,0.276323
4574,0.4866351439390854,0.12658710516915855,0.30355699999999997
4575,0.41521753735901307,0.13148096647446036,0.348748
4576,0.3187573801864897,0.13399359595856508,0.357975
4577,0.20517335803575065,0.12933599530540388,0.336997
4578,0.10702257828087462,0.12560034699188652,0.317366
4579,0.042312899548027194,0.12089127162320765,0.280057
4580,0.013303676859806997,0.11578966168291063,0.230393
4581,0.007059835498188036,0.11969013114252182,0.178555
4582,0.00684820228836679,0.1218339541766597,0.153352
4583,0.006125452990756953,0.11925377608817676,0.145108
4584,0.005423062828291054,0.11423483186201969,0.133679
4585,0.005117675801131968,0.10445603918967188,0.12094300000000001
4586,0.004730852233397125,0.09374311119048832,0.11581399999999999
4587,0.003976139093611304,0.08981419349900495,0.11578899999999999
4588,0.005996783256647258,0.08600021686992908,0.089033
4589,0.025569139622948812,0.07696962545287545,0.06183699999999999
4590,0.07901278553687038,0.06715071184364954,0.057491999999999994
4591,0.16288173378394885,0.06406139970403633,0.044697
4592,0.2637716315810904,0.06401757922130938,0.05062
4593,0.3470595301111609,0.0666711741593101,0.06802
4594,0.39669449081803004,0.06825221972750932,0.074326
4595,0.416667311372613,0.07217392968311477,0.070734
4596,0.41441650718677475,0.07481234372608052,0.083606
4597,0.4014032533897961,0.07897586365259988,0.0944385
4598,0.3659767295085305,0.08366880134714497,0.080487
4599,0.3063087870027282,0.08708367352145738,0.06615900000000001
4600,0.23239728816319885,0.08610629177935399,0.053752
4601,0.15815016898082168,0.08339529009542276,0.023201000000000003
4602,0.08696099189706422,0.07737880798081338,0.018407999999999997
4603,0.03429475955861395,0.07315501097106698,0.016462
4604,0.01149039048821206,0.07346857937439404,0.022565
4605,0.007140864856060914,0.07596220084706844,0.021864
4606,0.006336170039496723,0.07794853804153698,0.038252999999999995
4607,0.004717618795553565,0.08410930244425166,0.043297999999999996
4608,0.004636182254977809,0.08705764912996886,0.050477999999999995
4609,0.004524207011686144,0.08752710874113384,0.04700599999999999
4610,0.00394397166008388,0.08295695769760678,0.043203
4611,0.003163402418665255,0.07938657702709598,0.037123
4612,0.003950690174681379,0.0736221105271215,0.034474
4613,0.021893603159737783,0.06586237689442262,0.027803
4614,0.07540209291909279,0.058359825483492375,0.030386
4615,0.15551274481860008,0.04992569015665664,0.031986
4616,0.24918023942342932,0.04452818033372454,0.034344
4617,0.3299427908302456,0.04682534316477012,0.04229
4618,0.38312186978297164,0.05494788743174976,0.037838
4619,0.41468891241500067,0.06734806347910394,0.031254
4620,0.4251451606335763,0.08333431137418992,0.034768
4621,0.40558379820025237,0.10158972036536205,0.037176999999999995
4622,0.3684492446760862,0.11607337857835386,0.054679
4623,0.30622704507512527,0.11934058784507834,0.086292
4624,0.23323364143491188,0.1259355386028474,0.09713599999999999
4625,0.14578861109980046,0.12333730928203297,0.109194
4626,0.070427440042347,0.11198837832321272,0.10669200000000001
4627,0.022340995154525846,0.10223765117109762,0.099802
4628,0.004101958548800847,0.10234091952849926,0.11687
4629,0.0007087014943605196,0.10622282747359289,0.140721
4630,0.0006997434748971864,0.11165057151604837,0.164073
4631,0.0006895639073252169,0.11637706026432616,0.202248
4632,0.0006997434748971864,0.11850831759963261,0.202773
4633,0.000709923042469156,0.11703277287339899,0.225271
4634,0.000709923042469156,0.11106017502678983,0.24033600000000002
4635,0.0008517244187466916,0.10785579425422259,0.268366
4636,0.0026887291827843154,0.11326912282492217,0.288144
4637,0.018760739443788428,0.11082608307393989,0.28944
4638,0.06407406653365365,0.10010881767617491,0.282545
4639,0.1397136487642005,0.09746185640659284,0.2617
4640,0.2252507227492976,0.09433108383936317,0.254596
4641,0.30766032818925854,0.09791785732510079,0.23214400000000002
4642,0.36595484343825085,0.10899423381129762,0.211434
4643,0.40459576937171704,0.11725423534214421,0.175197
4644,0.43270735779144104,0.13293845996836248,0.145553
4645,0.4241867543466753,0.15181398938613053,0.156409
4646,0.3962347815464799,0.16979544062866767,0.202103
4647,0.3410932855572295,0.1866033066285656,0.228573
4648,0.2659875198501568,0.18960210746542838,0.261658
4649,0.18105419601775313,0.18203851354799205,0.311101
4650,0.09501435319027647,0.16849690003571977,0.360667
4651,0.03621645832485036,0.15496459917334288,0.37475299999999995
4652,0.012415204202125493,0.15155259733632703,0.340354
4653,0.006290158394071419,0.15230373271419095,0.333445
4654,0.006018669326926992,0.15798304587436854,0.342787
4655,0.004848019056150495,0.15553254324641527,0.343463
4656,0.004104910623396718,0.14859799969383067,0.33218200000000003
4657,0.004003114947677022,0.1439287901209369,0.339961
4658,0.0034941365690785457,0.14444691789559627,0.34381900000000004
4659,0.0033329940144142677,0.14100787110271978,0.332429
4660,0.003974103180096909,0.13161045057917029,0.33814299999999997
4661,0.019547518221425954,0.12050709292238605,0.340288
4662,0.06654505476607353,0.10632437362861663,0.349906
4663,0.14906633006229894,0.09414942338112976,0.32757400000000003
4664,0.24496386253511954,0.09322600398020103,0.272536
4665,0.3272492772507024,0.09567542225850896,0.25350900000000004
4666,0.38684922024512397,0.10181539266214217,0.238867
4667,0.4238656907854554,0.10565673317344489,0.215995
4668,0.43597286127285323,0.109543488799306,0.212196
4669,0.42748259293945184,0.11920600091850793,0.23096000000000003
4670,0.39699030905167154,0.13239628514568555,0.24096700000000001
4671,0.34754122724866654,0.1430466397918049,0.251681
4672,0.26810151064782767,0.15248673266316273,0.279693
4673,0.17733234252208968,0.15375000000000003,0.315317
4674,0.09355246549126595,0.15096041485941725,0.33941800000000005
4675,0.03623325461134411,0.14446860488850333,0.36212000000000005
4676,0.012017590292764365,0.13871689544318008,0.34741000000000005
4677,0.007048943360886029,0.13689697402663675,0.326311
4678,0.006843112504580805,0.13794815532989743,0.297637
4679,0.006558084612565658,0.13526483645455933,0.269939
4680,0.0064155706665580845,0.13155495739143747,0.24415100000000003
4681,0.006385031963842176,0.12741191253763332,0.24234699999999998
4682,0.006069465369111121,0.12545498035413585,0.259131
4683,0.005495337758052037,0.12396055518701846,0.2906
4684,0.0063523555519361535,0.12053675307445018,0.297138
4685,0.02192037542245206,0.114224690003572,0.307983
4686,0.06294840995154527,0.1022752844823187,0.300616
4687,0.13564487560568428,0.09255192121243047,0.305397
4688,0.22661061118123704,0.09555563351533398,0.32629199999999997
4689,0.3014322651573761,0.10075719497882328,0.289048
4690,0.350500427541838,0.105435589631066,0.30666400000000005
4691,0.3854865833299402,0.113833431137419,0.286523
4692,0.3993601123824261,0.12710300045925396,0.274955
4693,0.39563683374730246,0.14364009797417973,0.30903
4694,0.3698465939166904,0.15534278205847832,0.314575
4695,0.32875829634757114,0.1651113690871052,0.355594
4696,0.2695645180992712,0.17162767260294942,0.34219799999999995
4697,0.183807769045971,0.17213789100372504,0.34963299999999997
4698,0.09951076998249116,0.16847916772975458,0.361243
4699,0.03908750356284865,0.15993194111343573,0.3835
4700,0.01232664196424936,0.15713667908353318,0.370277
4701,0.007181379534997353,0.16022216410675105,0.386373
4702,0.0069958060181603485,0.16289699954074607,0.344877
4703,0.006883627183517245,0.1621612364137368,0.336681
4704,0.006679832240726415,0.15811240240853192,0.359741
4705,0.006028339916120363,0.15276528295147215,0.369883
4706,0.00567205505110143,0.15613148696229012,0.384563
4707,0.005051813998941325,0.1555995177833342,0.389236
4708,0.00531729712121829,0.15212385824360872,0.398927
4709,0.022942912985056397,0.14772165382456495,0.35101499999999997
4710,0.07364805163076671,0.1425480303107619,0.334431
4711,0.16492222810375015,0.13688740623564832,0.336792
4712,0.26970438535771,0.14039030208705416,0.347548
4713,0.36248411987458773,0.14279379496861763,0.312308
4714,0.42918339508937653,0.14330969025871307,0.285591
4715,0.4757681501689809,0.14627647088840126,0.251081
4716,0.49898346838226304,0.14527089605551868,0.24509199999999995
4717,0.4931091453235066,0.15241516558656937,0.22437800000000002
4718,0.4626189991449163,0.15864628514568557,0.207932
4719,0.4035428966977483,0.16411242792264122,0.189465
4720,0.3234152449203958,0.16625810072970354,0.198328
4721,0.21352701657233603,0.17252800173495944,0.183977
4722,0.10889042713465531,0.168324616012655,0.188576
4723,0.04019056150494727,0.15533723273970507,0.168623
4724,0.013122480557025935,0.14798298208909527,0.163758
4725,0.007385276273463903,0.14916090473031585,0.16036
4726,0.007200415326356937,0.14914923202531002,0.155579
4727,0.0071800561912129975,0.14575349543297442,0.126797
4728,0.007149517488497089,0.14304472623360723,0.087575
4729,0.007139337920925119,0.13528843700566412,0.066322
4730,0.0069764648397736065,0.1289472240649079,0.05497899999999999
4731,0.006410684474123539,0.12282434811450732,0.04061
4732,0.007496131764322652,0.11365636321886005,0.025237
4733,0.02795767335803575,0.10312452161045058,0.017586
4734,0.08843234659391669,0.08947453691891616,0.011956
4735,0.19235086933507067,0.08058790886360158,0.008053999999999999
4736,0.3094109084246101,0.07462258253814358,0.004011
4737,0.4060610163280264,0.07042678726335665,0.00266
4738,0.4781047681094507,0.0681827575649334,0.0018399999999999998
4739,0.526025591432876,0.0684222712660101,0.003788
4740,0.5410547049961318,0.07262278665101801,0.003735
4741,0.5286674946048292,0.07695642190131143,0.004936
4742,0.4917203469196628,0.07969568046129509,0.00807
4743,0.4285325135388249,0.08522222789202427,0.009478
4744,0.3320478236084531,0.09179013369393275,0.010154
4745,0.2154412842542449,0.0949880721539011,0.008041000000000001
4746,0.10990207255995764,0.09441776802571822,0.010283
4747,0.04176981961806263,0.09506671939582588,0.011602
4748,0.01276344720876257,0.0942854135837118,0.018741
4749,0.007445539313489963,0.09545944532326377,0.026678999999999998
4750,0.0072912170690989046,0.0945574577741491,0.031556
4751,0.006894213933792092,0.09203749298361995,0.037603000000000004
4752,0.008136019381896656,0.08894492779507067,0.060070000000000005
4753,0.007006087381408038,0.0884244399653008,0.072586
4754,0.00562156439594446,0.09008974587947134,0.11473400000000002
4755,0.005174783175210717,0.0883993085676379,0.163767
4756,0.006386151716275093,0.08598018829412665,0.185211
4757,0.0305209902683334,0.07917551155789151,0.223438
4758,0.10159228795960747,0.06926379037607798,0.20745
4759,0.21214208640416957,0.05653607695055367,0.191411
4760,0.33694694409381487,0.05177635607490942,0.183947
4761,0.4443699865629708,0.048863665356942386,0.212195
4762,0.5058538621279369,0.048959789763739346,0.23016199999999998
4763,0.5328801050531373,0.055241491044547626,0.260441
4764,0.5309194185431002,0.06734685155891207,0.28193599999999996
4765,0.5009682804674457,0.07475206664285351,0.26801499999999995
4766,0.4556604503440693,0.0843694187885901,0.26884600000000003
4767,0.3869560039089539,0.09294649691279278,0.292185
4768,0.2936866321918645,0.10220594989028933,0.32714699999999997
4769,0.18862280630318823,0.0992170995560545,0.29723
4770,0.0990382344558003,0.09379675460529674,0.232645
4771,0.0377547945763264,0.09209751492575394,0.181678
4772,0.012639052893033105,0.09497033984793592,0.14060899999999998
4773,0.008892768435196874,0.10286472419247844,0.126295
4774,0.008769188484873163,0.1065909322855539,0.12431500000000001
4775,0.008769188484873163,0.10260122722865744,0.11068299999999999
4776,0.008728368418909565,0.09627685360004082,0.098416
4777,0.008697829716193657,0.09120375567688933,0.08660799999999999
4778,0.00863675231076184,0.08686941878859009,0.080125
4779,0.007671016735209089,0.08079737970097466,0.075111
4780,0.006841789160796449,0.07519633107108231,0.064603
4781,0.023193432143002568,0.07059562688166557,0.050820000000000004
4782,0.0759742864123132,0.06189359340715415,0.0373625
4783,0.1645928172971212,0.04959706842884116,0.033223
4784,0.2765001628730812,0.04419171301729857,0.038013
4785,0.3759563703733866,0.047681596672960146,0.031817000000000005
4786,0.4400656582108392,0.056097298055824855,0.050104
4787,0.4747139541512276,0.06711594886972495,0.06487000000000001
4788,0.4837563622297325,0.08131946216257592,0.07547899999999999
4789,0.4691863471639725,0.0970342399346839,0.083927
4790,0.43445508774787245,0.10710835842220748,0.077036
4791,0.37659055743312025,0.10920421493085673,0.07644300000000001
4792,0.2975166944908181,0.11207984640506198,0.075796
4793,0.19908190480068405,0.10519594835944275,0.09980699999999999
4794,0.1022137505598762,0.09721775016584172,0.079427
4795,0.037315749826947346,0.09184467010256672,0.11403200000000002
4796,0.011834561667820353,0.09253680410266879,0.156192
4797,0.008754428111893807,0.09558369903556667,0.174353
4798,0.008661183272934567,0.10039750982293207,0.21759699999999998
4799,0.008600105867502749,0.10386111394601213,0.22311299999999998
4800,0.007979152245612606,0.11243104811961016,0.26221700000000003
4801,0.007500712569730038,0.12319111343572996,0.309293
4802,0.006167189217802028,0.12911166249936215,0.314623
4803,0.005394458243413819,0.13626537225085472,0.343318
4804,0.006298505639480435,0.1389441623717916,0.4195809999999999
4805,0.027056985219267884,0.13931749757615958,0.46088199999999996
4806,0.09681522048943361,0.12607388886053988,0.510386
4807,0.2111207703896739,0.10002155942236057,0.5486070000000001
4808,0.3330762653202492,0.08942529468796245,0.497389
4809,0.43524838144875605,0.0981981936010614,0.47968500000000003
4810,0.5041225212752962,0.11443690360769507,0.461459
4811,0.5320839610733337,0.13140729448384955,0.489187
4812,0.5240711144590577,0.1475838776343318,0.516176
4813,0.4950918196994991,0.15890946318314028,0.504112
4814,0.45168441304613366,0.17351291013930706,0.52126
4815,0.374728001954477,0.18104033780680714,0.484936
4816,0.27639694205790133,0.17850646782670815,0.45372399999999996
4817,0.18025041736227046,0.17309403224983416,0.43354499999999996
4818,0.0896940021987866,0.16873437260805224,0.474166
4819,0.03227411539557799,0.16312917793539827,0.48159700000000005
4820,0.010202166211979315,0.1691989207531765,0.45368600000000003
4821,0.0076197117146463616,0.17768631678318111,0.455974
4822,0.005590923897552832,0.18152357503699545,0.469106
4823,0.0054687690866891975,0.17157045721283873,0.44363400000000003
4824,0.005417973044505069,0.15561929121804358,0.460394
4825,0.005519768720224765,0.14995254375669745,0.46054700000000004
4826,0.0054993077894051065,0.1479496861764556,0.443083
4827,0.0050656582108392035,0.14446452263101492,0.42992299999999994
4828,0.005908933588501161,0.14171218809001376,0.42985100000000004
4829,0.022155828820391715,0.13388656427004134,0.43907399999999996
4830,0.07596838226312146,0.12052705771291525,0.424129
4831,0.16731157620424283,0.11250057406745931,0.437279
4832,0.27775438739362357,0.11330681992141653,0.41364799999999996
4833,0.38541206889531326,0.1265032913201,0.406744
4834,0.4661257583777841,0.1481055773842935,0.440424
4835,0.5052709800887658,0.17361050160738886,0.43168899999999993
4836,0.5176177775968077,0.19176557636372915,0.400361
4837,0.5063708823649172,0.19797730519977547,0.36382299999999995
4838,0.4722573191090843,0.1970057279175384,0.32810900000000004
4839,0.414821348589112,0.19148466602030922,0.312042
4840,0.32145547457144025,0.18122946114201152,0.298904
4841,0.20571236613868646,0.16652019441751287,0.27729699999999996
4842,0.09893440286656623,0.1466091110884319,0.27976999999999996
4843,0.03383179282544077,0.13344880593968464,0.272712
4844,0.009046785292560772,0.13001486196866868,0.24895100000000003
4845,0.006294840995154524,0.1313703628106343,0.23919
4846,0.0051329451524899225,0.12714905342654487,0.22319099999999997
4847,0.004054725355266908,0.12306443588304332,0.20923999999999995
4848,0.0033928498717374486,0.11471723988365566,0.19488200000000003
4849,0.0028841768801661305,0.10661912537633311,0.204533
4850,0.0026805855287267396,0.10130817216920958,0.242258
4851,0.0027146870800928377,0.09910764402714702,0.294399
4852,0.004511177165194022,0.09827690462825943,0.369258
4853,0.02596665173663423,0.09829259580548043,0.45919400000000005
4854,0.09232847428641233,0.09588553094861459,0.532424
4855,0.19976566635449322,0.09428528601316527,0.573028
4856,0.3172980373793721,0.0942484819104965,0.590048
4857,0.42189696241703645,0.1068520691942644,0.591083
4858,0.49046581701209335,0.1213892432515181,0.5947690000000001
4859,0.5222354330388045,0.13418125223248453,0.6123860000000001
4860,0.5281964860132742,0.14258725825381435,0.6606569999999999
4861,0.5150585325135388,0.14634631576261672,0.6898489999999999
4862,0.4754380267926218,0.14775877685360006,0.7050230000000001
4863,0.4002675190357915,0.15110386793897024,0.7093959999999999
4864,0.3062365120729671,0.1524613461244068,0.7098530000000001
4865,0.19794627224235514,0.14713017298566108,0.6306609999999999
4866,0.09745307219349322,0.13903639587691993,0.587728
4867,0.03230109124964372,0.12858415828953412,0.5299349999999999
4868,0.01025418380227208,0.12694098586518343,0.43196899999999994
4869,0.008159127000285028,0.13201242537123029,0.400799
4870,0.00719929557392402,0.13362262080930754,0.3298
4871,0.00586577222199601,0.13361866612236567,0.271596
4872,0.004155706665580846,0.13087207225595754,0.225539
4873,0.0028831589234089333,0.12950081645149766,0.19986199999999998
4874,0.0026083105989657563,0.12868200489870898,0.17262600000000003
4875,0.0025640294800276884,0.12160515640149003,0.14273
4876,0.0040749826947351275,0.12145896055518701,0.11958699999999998
4877,0.023975833706584144,0.12135964688472725,0.099471
4878,0.09460157172523313,0.11477088329846408,0.08650899999999999
4879,0.21576937171708946,0.10673215288054294,0.072796
4880,0.3510031963842176,0.09697389906618359,0.055372000000000005
4881,0.467752046093082,0.09177067918558962,0.053537
4882,0.547962661346146,0.09461084604786447,0.045302999999999996
4883,0.5906607557310964,0.10116593100984844,0.04116
4884,0.6039627020644163,0.10824226922488134,0.039202
4885,0.5849598925037663,0.11656082563657702,0.046134
4886,0.5362654220448715,0.12065003571975304,0.051181
4887,0.4551614479416915,0.11947064601724752,0.055077999999999995
4888,0.3442872266786108,0.11151254018472213,0.058293
4889,0.21436683089702346,0.10791001173649026,0.07260499999999999
4890,0.09707764974143898,0.10133866152982599,0.084713
4891,0.03186927399324077,0.09605526356074909,0.09762699999999999
4892,0.010412170690989047,0.0996090600602133,0.109427
4893,0.008070055784030293,0.11354996938306884,0.123868
4894,0.007536239260556212,0.12257348063479102,0.14729199999999998
4895,0.006934626817052812,0.12528920242894317,0.17685399999999998
4896,0.006446007573598274,0.12199711690564884,0.197882
4897,0.004623864978215725,0.12150093126498954,0.204052
4898,0.0027406449774013595,0.12027663673011177,0.255117
4899,0.0026788550022395045,0.12016941368576824,0.325061
4900,0.004205281159656338,0.11737191917130174,0.343947
4901,0.02368602141781017,0.10755817216920956,0.36232400000000003
4902,0.09427714890671442,0.08945233964382304,0.323918
4903,0.2161931471151106,0.062454840026534675,0.280017
4904,0.3514667738914451,0.045573684747665454,0.23462900000000003
4905,0.4709227778003991,0.04376033321426749,0.174995
4906,0.5479706014088521,0.05033691381333877,0.156249
4907,0.5902443096217272,0.05984308822778996,0.20927300000000001
4908,0.6003291054196016,0.07101131550747564,0.278006
4909,0.5821447330917382,0.08294286115221718,0.32394900000000004
4910,0.534679343621483,0.09486598714088892,0.351108
4911,0.45494879677511296,0.10315143899576466,0.359447
4912,0.34492029398591145,0.10585567944073072,0.365287
4913,0.21583930534630885,0.10695068122671837,0.36546799999999996
4914,0.1023631866118327,0.1025789023830178,0.328351
4915,0.03618958426646036,0.10718560238812064,0.32211100000000004
4916,0.011855735168370048,0.12403403582180944,0.28565300000000005
4917,0.008717985259986155,0.1408426034597132,0.24491100000000002
4918,0.008584734720469075,0.1550348905444711,0.21647400000000003
4919,0.008594914288041045,0.16156350461805377,0.181985
4920,0.008340425098741807,0.15720856508649284,0.143789
4921,0.00669133515208274,0.13395947083737308,0.13853600000000002
4922,0.005429068773158517,0.12375274276675002,0.129102
4923,0.004427297528400993,0.11686642088074704,0.121973
4924,0.004192862087218535,0.11139307036791345,0.128855
4925,0.02263355592654424,0.10253686788794203,0.122108
4926,0.09347825644366628,0.10555091340511302,0.118175
4927,0.21353434586098785,0.0855066464254733,0.11639299999999998
4928,0.34880837982002527,0.07159220799101904,0.11103200000000002
4929,0.4633583411376685,0.06754260856253508,0.107564
4930,0.5389101754957449,0.07174439965300812,0.115149
4931,0.578687141170243,0.0850538985559014,0.117302
4932,0.587711735005497,0.09777861407358271,0.10766099999999999
4933,0.5685141903171953,0.1105301831913048,0.09679700000000001
4934,0.518632680483733,0.1193281497167934,0.09181200000000002
4935,0.4399660002443096,0.1294462800428637,0.089111
4936,0.3287969787043446,0.13603727611369087,0.1092
4937,0.20397176187955537,0.14343439046792877,0.16030500000000003
4938,0.09701809927114297,0.14874968107363373,0.22951799999999997
4939,0.03309764241215033,0.16176493851099658,0.32846400000000003
4940,0.010861089620912904,0.18700432464152675,0.445996
4941,0.008351113644692373,0.2011774761443078,0.508925
4942,0.0083088684392687,0.20635078073174462,0.569831
4943,0.008288509304124761,0.1988034520589886,0.5285070000000001
4944,0.008135815790545217,0.19212041383885287,0.535691
4945,0.007789710493098253,0.1753043195387049,0.5293709999999999
4946,0.006619060222321756,0.164188587538909,0.478479
4947,0.005088562237876135,0.15980628412512118,0.45633900000000005
4948,0.004929353801050531,0.15477113843955706,0.379794
4949,0.023741092878374528,0.14226590804715009,0.346553
4950,0.0916730119304532,0.11717680002041128,0.35896300000000003
4951,0.2066964249358687,0.09385441649232026,0.37572
4952,0.3306676778370455,0.09329667806296882,0.41091000000000005
4953,0.4365906592287959,0.10515965453896003,0.45882700000000004
4954,0.5134767295085305,0.11612797877226107,0.47742199999999996
4955,0.5568226515737611,0.12985023217839467,0.48185500000000003
4956,0.5581063968402622,0.14257698882482014,0.486674
4957,0.5343036157824016,0.16085504158799813,0.49845
4958,0.4842728734883342,0.1769760677654743,0.509706
4959,0.4047016368744657,0.19658614839005972,0.535781
4960,0.2956263487927033,0.21250191355819772,0.558408
4961,0.17792204487153385,0.22144556564780324,0.553951
4962,0.08221639724744492,0.22588170383221923,0.580255
4963,0.03143307952278187,0.22393000204112873,0.575056
4964,0.01180117268618429,0.22776202990253608,0.5504
4965,0.008503094588541878,0.22744074348114507,0.568854
4966,0.007677735249806588,0.23002002857580245,0.6179879999999999
4967,0.00697534508734069,0.22945910088278818,0.5638009999999999
4968,0.006843010708905086,0.2271099530540389,0.576603
4969,0.005937029194999797,0.2189320431698729,0.564901
4970,0.00474601978907936,0.20607535592182477,0.5576180000000001
4971,0.004367645262429252,0.20219153441853344,0.5648529999999999
4972,0.004593835253878416,0.19516596928101243,0.562856
4973,0.019547925404128835,0.17997231719140686,0.589619
4974,0.07458538621279369,0.16015857018931468,0.5979969999999999
4975,0.1634613583614968,0.149162690717967,0.606675
4976,0.2645307219349322,0.14958048425779455,0.615151
4977,0.3365713180504092,0.1724244144511915,0.61401
4978,0.38593784356040556,0.20272956319844876,0.6328440000000001
4979,0.4113390203184169,0.21381697453691895,0.625199
4980,0.4281138279245898,0.21555780221462473,0.603777
4981,0.40596838226312143,0.22470167627698112,0.606941
4982,0.359527159086282,0.23991019033525537,0.579775
4983,0.30032248870068,0.2494960325560035,0.623383
4984,0.2140795635001425,0.2661369087105169,0.647429
4985,0.13372979355836967,0.2667159514211359,0.625516
4986,0.06418420945478236,0.25697995866714296,0.6004320000000001
4987,0.022210289506901747,0.2486215364596622,0.628719
4988,0.006600940592043651,0.24397733071388478,0.648771
4989,0.0038216132578688055,0.24593949328978923,0.669244
4990,0.0035244716804430144,0.2387484691534418,0.659302
4991,0.003514292112871045,0.23039062101342042,0.6643439999999999
4992,0.003198725518139989,0.21511685462060523,0.634851
4993,0.002842440653121055,0.20362919069245294,0.597983
4994,0.002842440653121055,0.19918463285196714,0.580079
4995,0.002915326356936358,0.19301863805684544,0.591091
4996,0.003966773891445091,0.18989890034188903,0.594276
4997,0.01733122276965675,0.17780361790069907,0.59548
4998,0.06185797467323589,0.1594960325560035,0.537608
4999,0.13761248422167027,0.15197485584528242,0.484749
5000,0.23115456655401279,0.15175977190386283,0.422642
5001,0.31586750274848324,0.15354308057355717,0.405222
5002,0.3758125330835946,0.16242492473337755,0.422975
5003,0.410866891974429,0.1688644945654947,0.433205
5004,0.4176196099189706,0.17082480736847477,0.39586099999999996
5005,0.3980479661223993,0.17373909271827317,0.378307
5006,0.359006779592003,0.17156777823136193,0.363572
5007,0.2991446109369274,0.17185053834770628,0.317122
5008,0.2238037990146179,0.17719478746746956,0.280802
5009,0.14982664196424936,0.17156388732969333,0.27369899999999997
5010,0.08122256606539353,0.16554300403122926,0.23111500000000001
5011,0.03206930249602997,0.16209802520793998,0.208563
5012,0.012053015187914818,0.15849613461244066,0.23489700000000002
5013,0.008472861272853129,0.163705669235087,0.263148
5014,0.008319251598192108,0.16484238658978417,0.24853499999999998
5015,0.008268353760332262,0.16170657498596724,0.186405
5016,0.008227533694368664,0.1580923738327295,0.16783499999999998
5017,0.008217455922472413,0.15167130172985657,0.16028399999999998
5018,0.008186917219756505,0.14211652293718424,0.16938899999999998
5019,0.00824504255059245,0.1338768051232331,0.143051
5020,0.008878618836271834,0.1281287314384855,0.11354099999999999
5021,0.01786473390610367,0.12437956064703783,0.099888
5022,0.0610031963842176,0.11249540746032555,0.107438
5023,0.14708782930901093,0.10349090422003368,0.11888299999999999
5024,0.2502147888757686,0.09971162677960912,0.102057
5025,0.34672869416507185,0.10099817574118487,0.082398
5026,0.410884299034977,0.10218483696484155,0.06453099999999999
5027,0.45468219390040315,0.10480245700872581,0.048895999999999995
5028,0.4719716804430148,0.11337379445833547,0.038772
5029,0.46157895272608823,0.12462570801653317,0.038154
5030,0.42709169754468845,0.13419439199877534,0.036856
5031,0.37048261329858706,0.14664546869418793,0.026117
5032,0.2886753328718596,0.15607962953513294,0.024541
5033,0.18954884156521032,0.15757762667755265,0.023718
5034,0.09547986481534265,0.15711684186355052,0.020156999999999998
5035,0.035247974266053174,0.15406631117007705,0.025164999999999996
5036,0.012460910460523639,0.14852643261723733,0.030710999999999995
5037,0.00889979233682153,0.14843222176863805,0.032907
5038,0.008634818192923164,0.15410579425422255,0.053658000000000004
5039,0.00850238201881184,0.15669094759401953,0.059633000000000005
5040,0.008441304613380024,0.15946662754503238,0.07368000000000001
5041,0.008390406775520175,0.16282109506557124,0.072794
5042,0.008349688505232298,0.16053024697657803,0.078547
5043,0.008425831670670628,0.15803681685972343,0.08850699999999999
5044,0.008580459302088847,0.1557328927897127,0.091366
5045,0.01983936642371432,0.15453487778741642,0.08492100000000001
5046,0.06994391058267845,0.1482443741388988,0.064464
5047,0.1649684433405269,0.13894365208960555,0.042572
5048,0.2861027525550715,0.13556781650252592,0.046884999999999996
5049,0.39247363491998855,0.13613888605398786,0.04241400000000001
5050,0.45676798729589974,0.13813740623564832,0.045132
5051,0.4962732603119019,0.14280833801092002,0.045149
5052,0.5066800358320778,0.1518988875848344,0.07564699999999999
5053,0.4924972515167556,0.16719019492779508,0.113424
5054,0.4505025652510281,0.1790770908812573,0.169898
5055,0.38075613827924587,0.18845052814206253,0.21809300000000004
5056,0.2917095565780366,0.1979020385773332,0.22663699999999998
5057,0.18369019504051465,0.192497512374343,0.244502
5058,0.09077059326519808,0.18188287748124712,0.26389100000000004
5059,0.03293283521316014,0.17254847680767463,0.2528
5060,0.011555234333645508,0.1665871689544318,0.28110599999999997
5061,0.008329634757115517,0.17220027300096952,0.279211
5062,0.008207174559224725,0.17465919528499263,0.29784700000000003
5063,0.008176635856508815,0.17181603051487473,0.30335100000000004
5064,0.008186815424080784,0.17503036179006992,0.293851
5065,0.008146198949468627,0.1738225238556922,0.30444499999999997
5066,0.008136019381896656,0.1771959993876614,0.316828
5067,0.00817134248137139,0.18039355513599017,0.363064
5068,0.008898570788712895,0.17177852477420014,0.405847
5069,0.019474225334907773,0.16733600806245857,0.40610999999999997
5070,0.06510108310598967,0.1533288896259632,0.42605200000000004
5071,0.1498289832647909,0.13768134153186712,0.442634
5072,0.2507419886803208,0.13436629331020053,0.4175
5073,0.3444657762938231,0.13162403684237386,0.41268
5074,0.4038627387108596,0.13192822881053226,0.388105
5075,0.4213602956146423,0.1343666122365668,0.36286799999999997
5076,0.43085864652469574,0.13356610705720265,0.357267
5077,0.43112178834643106,0.13629975251313975,0.365313
5078,0.401242721609186,0.13967335561565547,0.383523
5079,0.3439376603281893,0.1443144358830433,0.42622699999999997
5080,0.26408485687528,0.14446841353268358,0.35744699999999996
5081,0.17291787124882935,0.14095295198244628,0.355508
5082,0.08472779836312554,0.1401106036638261,0.375192
5083,0.02800124190724378,0.1281665561055264,0.355986
5084,0.010061688179486133,0.12105615655457466,0.324477
5085,0.008347041817663586,0.11987402408531918,0.30625399999999997
5086,0.008224581619772792,0.11950566413226515,0.292838
5087,0.008000631133189462,0.11424503750574068,0.301418
5088,0.007776375259578974,0.10900597030157677,0.32354799999999995
5089,0.00672818518669327,0.10695884574169517,0.327716
5090,0.005761024471680444,0.10649053426544879,0.34128600000000003
5091,0.0053423388574453355,0.10266909475940195,0.357245
5092,0.005990370129076917,0.09887189365719244,0.32311
5093,0.01936174111323751,0.09452058988620708,0.262227
5094,0.07863644692373468,0.08295453385722305,0.22988699999999998
5095,0.1866337187996254,0.06689722916772976,0.209641
5096,0.31422604747750316,0.059476450477113856,0.200069
5097,0.4263598884319394,0.057530170434250155,0.193304
5098,0.4913965348751985,0.056463744450681225,0.17445500000000003
5099,0.5148858870475184,0.05517623871000664,0.141943
5100,0.5067814243250948,0.05713368117569016,0.11090900000000002
5101,0.4805849179526854,0.05908480889932132,0.091627
5102,0.43957744615008754,0.059694723682196256,0.063703
5103,0.3765411865303962,0.06231432106955147,0.057342000000000004
5104,0.28968911600635205,0.06694283563810786,0.056438999999999996
5105,0.18360173459831433,0.067275603408685,0.051084000000000004
5106,0.08943340526894418,0.06861617849670869,0.040412000000000003
5107,0.03151461785903335,0.07016947747104149,0.03450399999999999
5108,0.010637444521356733,0.07504133285706996,0.038234000000000004
5109,0.00784406938393257,0.07886946981680869,0.037059
5110,0.007700232094140642,0.08176340766443844,0.042737
5111,0.007140355877682317,0.08249668316579069,0.053401
5112,0.006539761390936113,0.07779181762514671,0.05229400000000001
5113,0.006276110590822102,0.07180748328825841,0.051097000000000004
5114,0.006041980536666802,0.06931060876664795,0.05120799999999999
5115,0.0053285964412231775,0.06591034341991121,0.042485
5116,0.005628384706217679,0.06388637291422157,0.04388
5117,0.018154546194877642,0.060828315558503855,0.05664400000000001
5118,0.06886579258113115,0.05532779251926314,0.070096
5119,0.16670833502992793,0.04962143440322498,0.08963499999999999
5120,0.2952439024390244,0.04730551870184213,0.094612
5121,0.40495571888106197,0.047160726131550756,0.09998500000000002
5122,0.46594944826743767,0.04536370362810634,0.098613
5123,0.48188708823649173,0.04460740164310864,0.092337
5124,0.4768638788224276,0.05152108741133847,0.101875
5125,0.454657152164176,0.06869603765882533,0.110999
5126,0.4149918563459425,0.08595786344848702,0.146819
5127,0.3449845270572906,0.09448384956881155,0.18551900000000002
5128,0.2624744492853943,0.10138809511659948,0.21946300000000002
5129,0.1722059122928458,0.1094634382813696,0.245058
5130,0.08858839936479498,0.11660706995968773,0.25655900000000004
5131,0.032486562970805,0.10805014798183396,0.262837
5132,0.011990614438698642,0.10576127723631167,0.28902999999999995
5133,0.009053402011482553,0.10971551768127775,0.24821400000000005
5134,0.00890040311087585,0.11518663570954737,0.217633
5135,0.00893094181359176,0.1106532887686891,0.2125
5136,0.008869864408159941,0.10158161963565851,0.20907799999999999
5137,0.008696811759436459,0.09188664081236925,0.178346
5138,0.008544118245856916,0.08503348726845944,0.17515899999999998
5139,0.008366688383077487,0.08270672807062304,0.17613299999999998
5140,0.008858666883830775,0.0813742537123029,0.164396
5141,0.018943564477381002,0.07997008470684289,0.15280400000000002
5142,0.06767956757196954,0.07266163188243098,0.144645
5143,0.16473136121177573,0.06337239118232382,0.141048
5144,0.27890539109898616,0.05916690054600193,0.117807
5145,0.3733478561830693,0.057333520436801545,0.10750900000000002
5146,0.43563968402622266,0.061153365311016984,0.095003
5147,0.4770272608819578,0.07144677756799511,0.073761
5148,0.48728337880206846,0.0864123335204368,0.080555
5149,0.47208742212630816,0.10689888758483441,0.058681
5150,0.4452705729060629,0.12430104097565955,0.044670999999999995
5151,0.38435247770674696,0.13719638209930093,0.047814999999999996
5152,0.294871432061566,0.14162658825330407,0.06726499999999999
5153,0.18761563988761762,0.13112140888911566,0.078044
5154,0.09127376929028054,0.12137068173700055,0.084439
5155,0.031119141658862332,0.11220346226463235,0.093195
5156,0.011445803982246835,0.11116605858039497,0.085761
5157,0.008978073211449979,0.11772203653620451,0.073551
5158,0.008869864408159941,0.11975678675307444,0.06593299999999999
5159,0.008839223909768313,0.11772981833954176,0.07549299999999999
5160,0.008574555152897106,0.11427418737561872,0.061715
5161,0.00822844985545014,0.10938900086747974,0.05678199999999999
5162,0.008218372083553891,0.10303222432004898,0.06830399999999999
5163,0.00824524614194389,0.09695916466806143,0.071039
5164,0.00810802557107374,0.090107095473797,0.069525
5165,0.019931186123213485,0.08555423023932235,0.074202
5166,0.07951087177816686,0.0732786906159106,0.074611
5167,0.1912320330632355,0.0636378017043425,0.06448
5168,0.3256694083635328,0.060024684900750115,0.06171
5169,0.4465996172482593,0.06243379088636014,0.077089
5170,0.5154596074758745,0.06542659590753687,0.08030699999999999
5171,0.5469402255792174,0.07169362657549624,0.074803
5172,0.5578962905655768,0.07957920855232943,0.068047
5173,0.5454894336088604,0.08848267591978366,0.06267
5174,0.5017868194959078,0.09435379139664234,0.055339
5175,0.4280819658780896,0.09482911925294688,0.04396
5176,0.32195875239219834,0.09155240598050723,0.038328
5177,0.19756749053300218,0.08613690871051691,0.041201
5178,0.09147542652388126,0.08187713680665408,0.033034
5179,0.030783012337635897,0.08006965351839568,0.035147
5180,0.011437965715216417,0.08175498800836864,0.03650200000000001
5181,0.00891078626979926,0.08536791345614124,0.045148
5182,0.008676350828616801,0.08960797571056796,0.04635
5183,0.00825898855816605,0.09204444557840487,0.043584000000000005
5184,0.008147013314874385,0.09192733581670665,0.050862
5185,0.008136833747302416,0.09272796856661733,0.05239200000000001
5186,0.00800449936886681,0.09154928050211766,0.094213
5187,0.007388228348059774,0.08934167219472369,0.129327
5188,0.007732704914695224,0.08659877787416442,0.134277
5189,0.018858361496803616,0.08483128795223759,0.13863499999999998
5190,0.06813408526405798,0.07876632902995355,0.127058
5191,0.15868795553564882,0.06665261264479257,0.11046100000000002
5192,0.2665776293823038,0.05476150686329541,0.116324
5193,0.36767081314385774,0.052962060519467266,0.121842
5194,0.43035964412231764,0.05802584579272337,0.12820600000000001
5195,0.46344446027932734,0.06921244323110681,0.136972
5196,0.47801325379697873,0.08054364188396183,0.144904
5197,0.46580062298953534,0.09111088431902842,0.16861900000000002
5198,0.43045563744452126,0.10116586722457521,0.20211600000000002
5199,0.3601733580357506,0.10890939939786702,0.227675
5200,0.27341544851174726,0.11493825585548807,0.256695
5201,0.17309978012134045,0.1146332984640506,0.340406
5202,0.08461358361496803,0.10701842118691637,0.364401
5203,0.029401441426768194,0.10042219472368219,0.34861400000000003
5204,0.011151919866444076,0.09225876409654539,0.34554300000000004
5205,0.008451585976627712,0.09452830790427105,0.35325
5206,0.007922044871533857,0.09737453436750523,0.35045199999999993
5207,0.007820249195814161,0.09793514313415318,0.375753
5208,0.007698094384950527,0.09552405980507221,0.365707
5209,0.00763701697951871,0.09631040465377355,0.328935
5210,0.00742324606050735,0.09595314333826607,0.278934
5211,0.007309743882079889,0.09058025463081085,0.242263
5212,0.007607496233559998,0.08784533346940859,0.22556199999999998
5213,0.017572580316788145,0.08492294738990662,0.21185900000000002
5214,0.06827649741438983,0.0767500765423279,0.224685
5215,0.16305264872348227,0.06785713374496095,0.232888
5216,0.28202064416303596,0.06454980354135838,0.253316
5217,0.3970638055295412,0.07341525488595195,0.250323
5218,0.47022344150820466,0.09086110118895749,0.305904
5219,0.49947677022680076,0.10752723631168033,0.357552
5220,0.49269534590170616,0.12303037454712458,0.336516
5221,0.45895272608819576,0.13622537888452313,0.286875
5222,0.4158509100533409,0.14772994591008826,0.284781
5223,0.3553380634390651,0.1461909986222381,0.28095
5224,0.26282981798933186,0.1375514747155177,0.292143
5225,0.1546980740258154,0.12710095933050977,0.270535
5226,0.07406470133148743,0.10931896463744449,0.240787
5227,0.023199030905167145,0.09666415777925193,0.260245
5228,0.00982969583452095,0.09478249221819665,0.26326700000000003
5229,0.010161549737367158,0.09733485992753993,0.283508
5230,0.008583716763711878,0.10271317038322192,0.298819
5231,0.00831904800684067,0.10501632902995357,0.31731800000000004
5232,0.008023840547253552,0.10469383068837067,0.354585
5233,0.007993301844537644,0.1021615553401031,0.38809
5234,0.007932224439105826,0.10269664999744858,0.426306
5235,0.0068188851337595184,0.10265684798693678,0.442382
5236,0.004950221914573069,0.10299089146297905,0.42533999999999994
5237,0.013271000447900973,0.10588068326784711,0.38580000000000003
5238,0.05750946699784193,0.1003748022656529,0.38601299999999994
5239,0.13692648316299524,0.08640442414655303,0.370961
5240,0.23275255507146056,0.08260499055977957,0.37872
5241,0.31662903619854227,0.08938428075725877,0.388193
5242,0.3672347204690744,0.09965721794152166,0.43787299999999996
5243,0.37919886803208597,0.11874107006174414,0.445093
5244,0.3735784233885745,0.1349785043629127,0.43946900000000005
5245,0.34358707602101063,0.1506153365311017,0.475788
5246,0.30694979437273506,0.1606476118793693,0.483759
5247,0.2560297650555805,0.16792308771750777,0.489117
5248,0.18876837411946742,0.17100602132979537,0.49515
5249,0.11635612199193777,0.16583890391386433,0.457978
5250,0.05270735779144101,0.154384344542532,0.406856
5251,0.014747343132863716,0.1465647803235189,0.357271
5252,0.0036706502707764964,0.14800907026585702,0.36655099999999996
5253,0.0019262795716437965,0.1496692095728938,0.377836
5254,0.0018143043283521316,0.15078251773230597,0.40800699999999995
5255,0.001824483895924101,0.15623577588406387,0.416649
5256,0.0018143043283521316,0.16158155585038528,0.40227399999999996
5257,0.001824483895924101,0.16590185997856816,0.407497
5258,0.0018143043283521316,0.17042972138592644,0.389132
5259,0.0018344598721446313,0.17152070469969893,0.386343
5260,0.0023500549696648886,0.17078207123539313,0.379752
5261,0.014265137016979521,0.1675169668826861,0.399388
5262,0.06965939166904188,0.14932559830586314,0.446812
5263,0.16704232664196425,0.12885518191559933,0.46655399999999997
5264,0.29359094425668797,0.12796040210236256,0.508351
5265,0.4129526853699254,0.1430967112313109,0.532273
5266,0.4924010546032004,0.1701962035005358,0.541737
5267,0.5264406124027851,0.19513050466908202,0.527541
5268,0.5293517651370169,0.20860456957697604,0.536957
5269,0.5193370047640375,0.2145943894473644,0.49568
5270,0.4749750600594486,0.22644760677654746,0.515084
5271,0.40549187670507764,0.23737772363116807,0.5048699999999999
5272,0.30644448063846247,0.22924025361024644,0.515674
5273,0.19377203876379334,0.2151137929274889,0.498482
5274,0.0892248259293945,0.1916424070010716,0.458188
5275,0.028692638136731948,0.16829406286676535,0.387801
5276,0.011059896575593468,0.16704457314895138,0.34559
5277,0.009176167596400506,0.16594606317293467,0.30701999999999996
5278,0.009064192353108841,0.1662623105577384,0.29215
5279,0.00861629137994218,0.1673261851303771,0.29793000000000003
5280,0.00861629137994218,0.16764849211614022,0.28120199999999995
5281,0.00860611181237021,0.1681400214318518,0.259994
5282,0.008331263487927034,0.16858964382303415,0.23350900000000002
5283,0.008249216173296957,0.16929868092054903,0.205879
5284,0.007883464310436092,0.1720545874368526,0.210352
5285,0.01823852762734639,0.17530527631780377,0.19135
5286,0.07589223909768313,0.17000280655202327,0.171684
5287,0.1841358565088155,0.15574788232892792,0.17165899999999998
5288,0.30323812044464354,0.14766896718885542,0.201814
5289,0.39872215888269064,0.15012782568760527,0.26858699999999996
5290,0.46301936153752193,0.1554473261213451,0.263135
5291,0.49249104198053667,0.16156726794917586,0.344004
5292,0.48799808624129637,0.16907932336582132,0.408531
5293,0.4622680076550349,0.1758669056488238,0.45669099999999996
5294,0.4127925607720184,0.18351016737255701,0.480376
5295,0.34064762408892874,0.18743959534622648,0.527826
5296,0.24834785618306934,0.18678343624024085,0.54433
5297,0.14490359949509346,0.18892591978364034,0.588432
5298,0.06485259986155788,0.19188657702709597,0.613984
5299,0.022584592206523067,0.19690048221666584,0.563243
5300,0.008461867339875402,0.20768976118793694,0.561884
5301,0.006099902276151309,0.2176500229626984,0.604074
5302,0.005753695183028625,0.22542474613461247,0.635646
5303,0.005275357302821776,0.2381454431800786,0.679515
5304,0.00472566065393542,0.2430516150431188,0.675374
5305,0.004165682641801376,0.25194181507373575,0.6556960000000001
5306,0.003331059896575593,0.25556583915905495,0.64178
5307,0.0033233234252208962,0.25697740725621265,0.7194050000000001
5308,0.0036480516307667256,0.26197389906618357,0.736602
5309,0.011223278635123582,0.2639976782160535,0.766684
5310,0.056564803127163145,0.2629479001888044,0.781212
5311,0.1427253756260434,0.2671657013828647,0.763123
5312,0.2391804430147807,0.2807429070776139,0.727785
5313,0.325739749175455,0.2907300862376894,0.733025
5314,0.3853470214585284,0.30380434505281423,0.753458
5315,0.4225795024227369,0.31170663877124055,0.67383
5316,0.4393736512072967,0.32079132010001526,0.625619
5317,0.4384269514231035,0.32300332959126393,0.600968
5318,0.4175383769697463,0.3258625682502424,0.5847030000000001
5319,0.3662644040881144,0.3243100984844619,0.612843
5320,0.2871249847306486,0.329955414093994,0.644598
5321,0.18306659473105585,0.3301514262387101,0.7999400000000001
5322,0.08336251476037297,0.3114158417104659,0.824234
5323,0.024191742334785618,0.27750127570546507,0.8292959999999999
5324,0.00945814161814406,0.26775456702556516,0.7988639999999999
5325,0.007983020481289954,0.26816413226514263,0.8061389999999999
5326,0.007942302211002077,0.2715216614787978,0.825815
5327,0.007555478643267235,0.2657136296371894,0.867252
5328,0.007351887291827844,0.25506155278869214,0.8604560000000001
5329,0.0072602711836801176,0.24625427361330812,0.856556
5330,0.007239912048536179,0.23570859060060212,0.859884
5331,0.006856651329451524,0.23121536459662195,0.854439
5332,0.004851480109124964,0.2262734729805583,0.8414729999999999
5333,0.013606620790748808,0.21957321273664335,0.86282
5334,0.0735517529215359,0.20709458080318416,0.864943
5335,0.19000498798811033,0.18761296371893657,0.836894
5336,0.3281695101592085,0.18172086288717662,0.8137300000000001
5337,0.4411462193086038,0.18794043731183344,0.791815
5338,0.506379331406002,0.19417736133081595,0.783963
5339,0.5321870800928377,0.19689671888554372,0.7680600000000001
5340,0.5363216132578689,0.20114641271623207,0.749994
5341,0.5134821246793436,0.21010416135122723,0.744626
5342,0.4579277454293742,0.2185995943256621,0.772969
5343,0.370593774176473,0.21147911670153594,0.750253
5344,0.268179486135429,0.20497078634484867,0.7303890000000001
5345,0.1507272283073415,0.190978785018115,0.7153609999999999
5346,0.06167168858666884,0.1758417742511609,0.708858
5347,0.01960472739118042,0.1702110016839312,0.708958
5348,0.00831538336251476,0.16648740878705925,0.7043520000000001
5349,0.007224642697178224,0.1726842756544369,0.7196460000000001
5350,0.006949794372735046,0.18048317344491507,0.7279899999999999
5351,0.006247506005944868,0.19123162984130224,0.73263
5352,0.005219267885500224,0.19703921518599785,0.711989
5353,0.004435542978134289,0.19577977496555599,0.6888059999999999
5354,0.002888248707194918,0.19351291013930705,0.661311
5355,0.0018883097846003505,0.1933122416696433,0.598233
5356,0.0022743189869294353,0.1911372276368832,0.548028
5357,0.010206543426035261,0.19025329132010002,0.517227
5358,0.056618653039618896,0.17490094147063323,0.52094
5359,0.14675628079319192,0.162079846405062,0.49999400000000005
5360,0.26470570870149435,0.1585747180690922,0.521864
5361,0.36782727309743884,0.16475844517017912,0.550454
5362,0.4140484140233722,0.16847195999387662,0.5768459999999999
5363,0.43141292397898934,0.17444825738633463,0.596362
5364,0.42104808827721,0.17294394550186254,0.592275
5365,0.38552954110509385,0.17474154207276626,0.580333
5366,0.3633753410155137,0.17175390365872326,0.5562320000000001
5367,0.32149069587523926,0.17005881002194215,0.53715
5368,0.23441436947758468,0.17239705056896468,0.49129700000000004
5369,0.1433093774176473,0.16875146706128488,0.45758899999999997
5370,0.06790769168125738,0.17214222840230647,0.41384400000000005
5371,0.02087819129443381,0.1618445425320202,0.349152
5372,0.008831080255710739,0.15693447976731134,0.23565
5373,0.0076827232379168536,0.15988033882737157,0.175077
5374,0.007550388859481249,0.16422743277032198,0.173181
5375,0.007295899670182011,0.17707837934377707,0.194439
5376,0.007051590048454742,0.178079042710619,0.220007
5377,0.006990512643022925,0.17600359748941163,0.23202199999999998
5378,0.0066647664807199,0.17265333979690767,0.18744399999999997
5379,0.006375055987621646,0.16362887176608665,0.20558099999999999
5380,0.004809540290728449,0.1607584068990152,0.229661
5381,0.01162862901583941,0.15819238914119507,0.21583100000000005
5382,0.06290555397206726,0.1492010894524672,0.204369
5383,0.16711134411010223,0.13453749298361997,0.17713099999999998
5384,0.29532432102284295,0.1405683905699852,0.176574
5385,0.40787430269962127,0.15290044394550187,0.200994
5386,0.46216132578688063,0.16759580548043068,0.21829400000000002
5387,0.48141475630115227,0.17457678471194568,0.297817
5388,0.476154464758337,0.1839132902995356,0.307913
5389,0.4535866688383078,0.19089611930397507,0.359898
5390,0.4106022232175578,0.19486318058886565,0.347391
5391,0.3352509263406491,0.19945476348420674,0.305258
5392,0.24609745917993406,0.19195259478491608,0.276274
5393,0.15079512602304654,0.17733945246721436,0.278389
5394,0.07421118530884806,0.15291677297545542,0.33819499999999997
5395,0.023298790667372452,0.1291627545032403,0.33715900000000004
5396,0.008848080133555926,0.1263962596315763,0.36716800000000005
5397,0.007051691844130461,0.1343454355258458,0.379852
5398,0.007163768883097846,0.14350863652599885,0.36660299999999996
5399,0.007194205790138035,0.14836199418278306,0.38660900000000004
5400,0.007163361700394968,0.15263599020258203,0.369303
5401,0.006857974673235881,0.1504824718069092,0.326221
5402,0.006410175495744941,0.1487737281216513,0.343291
5403,0.006077507227492976,0.14461728836046334,0.345733
5404,0.004529398591147848,0.14093993978670205,0.293423
5405,0.011895028299197852,0.13559065163035156,0.30405499999999996
5406,0.06634563703733865,0.12500108434964535,0.33800399999999997
5407,0.18076977889979237,0.10819698168086954,0.31525699999999995
5408,0.3243512561586384,0.1020580318416084,0.348853
5409,0.45057555275051914,0.11325260243914885,0.329367
5410,0.5181439594446028,0.1237401132826453,0.309737
5411,0.5416826825196466,0.14091219319283566,0.30010000000000003
5412,0.5378537399731259,0.1499238403837322,0.335937
5413,0.5227896086974225,0.16183146655100272,0.341389
5414,0.4768435196872837,0.16596028728887072,0.371207
5415,0.4019026629748768,0.16525928713578608,0.31208600000000003
5416,0.29987733621075774,0.16408551053732714,0.287072
5417,0.17954629667331728,0.15804695871817112,0.308945
5418,0.07698959648194144,0.14163232892789712,0.288133
5419,0.022039883545746982,0.12860425065060976,0.326402
5420,0.008991204853617818,0.12928866663264785,0.39330400000000004
5421,0.007371635652917464,0.1429489207531765,0.428904
5422,0.007310252860458488,0.15889664234321582,0.5374929999999999
5423,0.007289893725314548,0.17416753839873447,0.589779
5424,0.00726953459017061,0.18821465020156147,0.61078
5425,0.00726953459017061,0.20178196917895594,0.631481
5426,0.007198277617166822,0.20895334745114053,0.68901
5427,0.006509731666598803,0.219668763075981,0.695704
5428,0.005983346227452257,0.2293962086033577,0.708346
5429,0.011965267315444438,0.23436163698525278,0.6786270000000001
5430,0.056486929435237594,0.22575311272133483,0.6160950000000001
5431,0.14195274644733089,0.20551442822881053,0.577829
5432,0.23897960014658579,0.19345193141807418,0.538025
5433,0.3216276110590823,0.1923108766647956,0.45935699999999996
5434,0.3711233152815669,0.2010849237128132,0.427065
5435,0.3981226841483774,0.20692803745471244,0.47143599999999997
5436,0.4045384584062869,0.21240808542123793,0.541953
5437,0.40147827680280135,0.22300932540695007,0.574887
5438,0.3741718921780202,0.23600850895545233,0.579666
5439,0.32468341544851176,0.23813498239526462,0.576314
5440,0.24945223746895234,0.24328105067102107,0.554996
5441,0.15234211490695876,0.23474275399295816,0.517232
5442,0.06952563215114622,0.22064997193447974,0.4301110000000001
5443,0.021492528197402175,0.1988109149359596,0.414918
5444,0.00869956024268089,0.19340339082512628,0.44612299999999994
5445,0.007255283195569852,0.18890672041639026,0.46096000000000004
5446,0.007224744492853943,0.18745853957238354,0.46991700000000003
5447,0.007204385357710005,0.18565686074399143,0.44575599999999993
5448,0.007214564925281974,0.17936233862325868,0.47165199999999996
5449,0.007234924060425914,0.16748730673062204,0.438072
5450,0.006980434871126675,0.1603374878807981,0.436302
5451,0.006168614357262104,0.15031203755676895,0.368667
5452,0.00531403965959526,0.13961250446496914,0.301664
5453,0.011180219064294148,0.132061412461091,0.256976
5454,0.05851938189665703,0.11832550900648058,0.222046
5455,0.16221761879555358,0.10602075572791753,0.181459
5456,0.2949766887902602,0.10526451752819307,0.169877
5457,0.41110499205993734,0.10500835587079653,0.17954900000000001
5458,0.4876962620627876,0.10955471500739909,0.18943800000000002
5459,0.5248099474734313,0.11495024748686022,0.24948499999999998
5460,0.528865894376807,0.12514568556411695,0.312064
5461,0.515222627142799,0.134629407562382,0.31750500000000004
5462,0.4778555722952889,0.14347470276062663,0.28199
5463,0.4050352213037991,0.14884567790988418,0.308062
5464,0.2979468830164095,0.14291358371179264,0.354022
5465,0.17491734191131564,0.13219057763943462,0.398951
5466,0.07441263895109736,0.11583781956421901,0.422755
5467,0.020917586220937336,0.10991503801602284,0.471107
5468,0.008878211653568956,0.115438332397816,0.48889099999999996
5469,0.007357078871289548,0.13289725468183908,0.5060640000000001
5470,0.007245103627997883,0.15556449966831662,0.624346
5471,0.007204385357710005,0.17708935041077714,0.682055
5472,0.0071127692495622785,0.19641807419502982,0.719299
5473,0.006888818762978949,0.20915369699443792,0.740928
5474,0.0066750478439675884,0.2145703423993468,0.780313
5475,0.0064714564925281975,0.22030278869214673,0.787745
5476,0.0058282096176554415,0.2221979767311323,0.7888069999999999
5477,0.010438332179649007,0.22028850079093745,0.7900849999999999
5478,0.04674202939859114,0.2178098688574782,0.776539
5479,0.12597072356366304,0.2092773766392815,0.7633780000000001
5480,0.22245449733295333,0.20306947491963057,0.736041
5481,0.3125467242151553,0.203961703321937,0.682074
5482,0.3726004723319354,0.2068746491809971,0.652418
5483,0.4115340608330958,0.21757443741388988,0.633764
5484,0.4170802964290076,0.23327588406388736,0.587724
5485,0.3976341667005986,0.24290267643006577,0.5932629999999999
5486,0.3507797548760128,0.2511250446496913,0.616041
5487,0.2905965226597174,0.24994718579374395,0.533842
5488,0.2099234496518588,0.24276598458947796,0.48807700000000004
5489,0.12567806099596887,0.23089229218757976,0.41960499999999995
5490,0.0609303106804023,0.21486407358269122,0.357437
5491,0.022769351357954312,0.19838183140276575,0.304217
5492,0.010750844904108473,0.18701886768382917,0.29775
5493,0.007377438006433487,0.18922826197887432,0.272428
5494,0.00731625880532595,0.18735782262591213,0.267972
5495,0.007296001465857731,0.17997678216053478,0.285908
5496,0.006084632924793355,0.1732369750472011,0.271392
5497,0.006084632924793355,0.16674408072664185,0.301206
5498,0.006074453357221386,0.1656382992294739,0.250059
5499,0.005840323303066086,0.16282071235393172,0.25003600000000004
5500,0.00542092511910094,0.16096354033780683,0.268015
5501,0.010296123620668594,0.16057036791345616,0.243375
5502,0.0469531536300338,0.15280578659998978,0.24787299999999995
5503,0.13784335681420254,0.14046569628004285,0.269962
5504,0.25790117675801133,0.1309669209572894,0.253355
5505,0.36777159086282013,0.1385851788539062,0.328876
5506,0.43837666435929806,0.1552232484563964,0.35996500000000003
5507,0.47817806099596893,0.17119240189824975,0.311885
5508,0.4843941121381164,0.18723994744093483,0.312123
5509,0.46527586628120043,0.20095129356534164,0.31042200000000003
5510,0.4342204487153386,0.20960957034239935,0.335271
5511,0.35804094222077454,0.22131920702148283,0.393413
5512,0.2556256362229733,0.22999604531305817,0.46377399999999996
5513,0.14606345942424367,0.22733919732612132,0.523744
5514,0.06307097194511177,0.210821873245905,0.552366
5515,0.01914400016287308,0.19854231515027812,0.590883
5516,0.007285414715582882,0.198220263305608,0.665097
5517,0.006135428966977483,0.1954155610552636,0.6672
5518,0.006084531129117636,0.18831020054089914,0.6454559999999999
5519,0.006074351561545665,0.1830644358830433,0.6367
5520,0.006064171993973696,0.17717992549880082,0.616095
5521,0.006043812858829757,0.1753196917895596,0.623181
5522,0.005443218372083554,0.17225155636066747,0.618679
5523,0.004740828209617655,0.17297252130428126,0.604034
5524,0.0041776945315363,0.1741838674286881,0.606302
5525,0.008547782890182825,0.17311342297290402,0.5657650000000001
5526,0.04762887332546113,0.16773504873194875,0.610248
5527,0.1346548108636345,0.1599522248303312,0.634691
5528,0.25165743719206807,0.16220824616012655,0.705665
5529,0.36664074270125,0.17493857478185437,0.715717
5530,0.44776639928335843,0.1873850589375925,0.7279519999999999
5531,0.5013388167270654,0.19738397458794713,0.7801020000000001
5532,0.504221059489393,0.20435085727407257,0.7781490000000001
5533,0.4838303676859807,0.21384350921059345,0.766422
5534,0.4402021662119793,0.22038806960249016,0.724054
5535,0.36272751333523345,0.21512131958973307,0.6998489999999999
5536,0.26397013314874385,0.21191145328366584,0.666157
5537,0.15437538173378393,0.19967737408787062,0.6328560000000001
5538,0.06267875320656378,0.17624476960759297,0.5878770000000001
5539,0.01762693920762246,0.16019218502832064,0.529842
5540,0.007081721568467771,0.1578179695871817,0.460596
5541,0.0061659676696933915,0.1620078966168291,0.39930299999999996
5542,0.006135428966977483,0.1637927361330816,0.338516
5543,0.006104890264261574,0.1618845358983518,0.29488600000000004
5544,0.006094710696689605,0.15590071184364954,0.310147
5545,0.006094710696689605,0.1546100806245854,0.338444
5546,0.006064171993973696,0.1539049344287391,0.37359899999999996
5547,0.00574860539924264,0.1557341047099046,0.322346
5548,0.004421291583533531,0.1537168316579068,0.24235
5549,0.009630481697137505,0.1488724039393785,0.21856
5550,0.053230892951667406,0.13670804204725215,0.20218699999999998
5551,0.14492660531780613,0.12057126090728174,0.182166
5552,0.2509961724825929,0.11233313772516201,0.25771400000000005
5553,0.3388406490492283,0.11650437566974535,0.29896799999999996
5554,0.3922996661101837,0.1253140786855131,0.364705
5555,0.41542397898937256,0.12936361432872379,0.388376
5556,0.41064742049757735,0.13132169464713986,0.369305
5557,0.388537196139908,0.12901981170587334,0.339889
5558,0.3458399161203632,0.1294747282747359,0.281127
5559,0.2820658414430555,0.13253820737868044,0.24642199999999997
5560,0.20120515900484545,0.13733645455937135,0.244981
5561,0.12013569363573433,0.13803847527682808,0.252166
5562,0.05510464595463984,0.13736503036179007,0.277182
5563,0.01899130664929354,0.13804198346685717,0.298716
5564,0.007263019666924549,0.14486452007960404,0.29724500000000004
5565,0.006084531129117636,0.15260633005051796,0.290159
5566,0.006053992426401727,0.1574934939021279,0.296149
5567,0.006013274156113848,0.15869763229065675,0.307993
5568,0.006003094588541879,0.159008521712507,0.27586900000000003
5569,0.005942017183110062,0.16032855794254225,0.24162899999999998
5570,0.005545014047803249,0.15721564525182424,0.217665
5571,0.004934239993485076,0.15377838444659897,0.165775
5572,0.004044545787694939,0.1533824692554983,0.1300855
5573,0.009649721079848529,0.15003941929887224,0.081545
5574,0.05645995358117187,0.14071382099300914,0.074271
5575,0.16159269514231034,0.12432457774149103,0.063417
5576,0.29454415896412717,0.11091767872633566,0.057109
5577,0.41664491632395456,0.11013439557075062,0.067692
5578,0.5010249806588216,0.10922245751900798,0.091201
5579,0.5347069302496029,0.11006308363525032,0.105681
5580,0.5344762612484222,0.10981317293463284,0.10845199999999999
5581,0.5079936072315648,0.10949635148236976,0.105555
5582,0.46530894987580934,0.11200700362300353,0.110832
5583,0.38692220774461505,0.11024021533908251,0.112549
5584,0.27749043120648237,0.10812381997244477,0.112257
5585,0.15611822549778084,0.10169483849568813,0.10957
5586,0.05992324606050734,0.09898504873194877,0.102532
5587,0.01602528604584877,0.10399040669490227,0.082906
5588,0.00602915428152612,0.11168999081492066,0.07955699999999999
5589,0.005249806588216133,0.12099702760626627,0.10336599999999999
5590,0.004588134696038112,0.12844523396438232,0.13636199999999998
5591,0.004262388533735086,0.13590664387406237,0.16416
5592,0.004231849831019178,0.14120503138235443,0.178517
5593,0.0040689767498676655,0.1442525641679849,0.215311
5594,0.002460605073496478,0.14228797775169671,0.246344
5595,0.0007198990186896861,0.14339822421799256,0.294537
5596,0.0006218697829716194,0.14140716691330305,0.316271
5597,0.007197463251761066,0.14010977445527376,0.3369
5598,0.0558656704263203,0.13585580701127725,0.364605
5599,0.16535312919907164,0.12578851354799203,0.376659
5600,0.30622388940917794,0.10814742052354952,0.37271
5601,0.43500855083676054,0.10677654743072922,0.353889
5602,0.5131062441467487,0.11404838750829208,0.339575
5603,0.5591063357628567,0.12087366688778894,0.34318
5604,0.569847102895069,0.12906063428075726,0.36198500000000006
5605,0.5551610407589886,0.1323261851303771,0.36465
5606,0.5071147033674008,0.12910075521763537,0.369102
5607,0.4193181725640295,0.12073193601061388,0.37376800000000004
5608,0.2992702268007655,0.11724715517681278,0.374091
5609,0.16692872266786107,0.11314576210644485,0.375936
5610,0.06541675149639642,0.11130670510792469,0.3414
5611,0.01711561952848243,0.11899059805072207,0.33895499999999995
5612,0.007341198745877275,0.1364145660050008,0.322058
5613,0.006634227778003991,0.15291396642343213,0.31758600000000003
5614,0.006583329940144143,0.15901668622748377,0.309777
5615,0.00598273545339794,0.16104225136500483,0.304861
5616,0.005382140966651737,0.15954540235750372,0.31308800000000003
5617,0.004170772425587361,0.15281025156911773,0.31598699999999996
5618,0.0031731748035343454,0.14939831351737512,0.317637
5619,0.001880369721894214,0.14714076134102158,0.306098
5620,0.001408343173581986,0.1475776266775527,0.30597399999999997
5621,0.007632130787084164,0.14412167678726334,0.300041
5622,0.05671434097479539,0.13874534367505229,0.272713
5623,0.16522975284009936,0.12574067459304994,0.230769
5624,0.303732236654587,0.10927425116089196,0.19829000000000002
5625,0.4319746325176107,0.1080024365974384,0.165964
5626,0.5158320778533327,0.11189799459100881,0.132824
5627,0.5596338409544364,0.11295957289381027,0.11498
5628,0.5709003827517407,0.11461703321937029,0.101309
5629,0.5443309988191701,0.11356323671990612,0.083311
5630,0.49236878537399725,0.11069838495688117,0.065657
5631,0.4071574575512032,0.10939984436393328,0.045126
5632,0.29036554827150945,0.10708801092003879,0.028637
5633,0.16182153182132825,0.10247786651018012,0.022203
5634,0.06571297691274074,0.10120764657855795,0.018581999999999998
5635,0.017710004479009733,0.11468681430831251,0.026304
5636,0.007553748116779999,0.13918916160636835,0.032629000000000005
5637,0.0066036890752880825,0.16169318007858346,0.039022
5638,0.006562970805000204,0.17028799050875135,0.044038
5639,0.0065426116698562645,0.16513235444200644,0.052473
5640,0.006176147237265361,0.1556781012399857,0.06427000000000001
5641,0.005575552750519158,0.14279864264938513,0.073835
5642,0.004537236858178265,0.1324915803439302,0.078999
5643,0.003478561830693432,0.12368245139562177,0.075513
5644,0.0014705403314467203,0.11741618615094146,0.071228
5645,0.007466102039985342,0.11380944787467467,0.074108
5646,0.05560100166944908,0.10323767668520692,0.08123399999999999
5647,0.16324646769005252,0.08587800428637038,0.092601
5648,0.3074471680443015,0.0637850181150176,0.10882599999999999
5649,0.440639887617574,0.05978912588661531,0.127371
5650,0.5289450914125167,0.06807342960657242,0.133523
5651,0.5718566513294515,0.07366478287492985,0.127351
5652,0.5836250458080541,0.0758209802520794,0.11853499999999999
5653,0.5541007370006922,0.07943581925804971,0.119697
5654,0.49715430188525594,0.08414176914833903,0.12959500000000002
5655,0.4050172034691966,0.08975385263050467,0.14366400000000001
5656,0.2878847876542205,0.08915133693932746,0.17681999999999998
5657,0.16237133026589032,0.08837468745216105,0.22836199999999998
5658,0.06367797955942832,0.08939301933969485,0.304186
5659,0.01683771733376766,0.10526604837475126,0.357102
5660,0.007340180789120078,0.13583163239271318,0.40314700000000003
5661,0.006532635693635734,0.15338789100372507,0.467765
5662,0.006501791603892667,0.15570017094453234,0.4866849999999999
5663,0.0064407141984608495,0.151988442108486,0.450112
5664,0.005850197483610897,0.14613206102974943,0.366429
5665,0.005748401807891201,0.139592794815533,0.23972399999999996
5666,0.00487295899670182,0.12956173138745725,0.17241700000000001
5667,0.003407101266338206,0.12556775271725265,0.137633
5668,0.0026323343784356037,0.12453321937031178,0.113804
5669,0.007558939696241703,0.1219453870490381,0.095911
5670,0.05339753247282055,0.11337105169158546,0.083203
5671,0.16038509304124762,0.09298361994182784,0.07537999999999999
5672,0.30047457144020523,0.07527925192631527,0.07279300000000001
5673,0.4344575308440897,0.07466263968974844,0.07081699999999999
5674,0.5273134085264058,0.08314665510027044,0.065219
5675,0.5775231076183883,0.09133426034597134,0.061087
5676,0.5774481860010587,0.0957677833341838,0.07044600000000001
5677,0.5398319353393867,0.09649557330203602,0.074272
5678,0.48237112667453885,0.10004771138439557,0.073659
5679,0.38860519565128887,0.10857242179925498,0.07101299999999999
5680,0.26731880369721894,0.11408710516915854,0.08293500000000001
5681,0.1441466468504418,0.11993723529111601,0.10120699999999999
5682,0.05122002117350056,0.13486432872378426,0.13050599999999998
5683,0.01233264790911682,0.15867588151247639,0.16426300000000002
5684,0.0068227533694368665,0.17960625350819004,0.170601
5685,0.006064171993973696,0.18174829055467673,0.167085
5686,0.005545014047803249,0.17782945093636784,0.15184299999999998
5687,0.004109695020155544,0.1666008827881819,0.11897100000000001
5688,0.0022876542204487153,0.14997314639995918,0.08709800000000001
5689,0.001473288814691152,0.14095365362045212,0.060024
5690,0.0008014373549411622,0.13197409042200337,0.037351
5691,0.00026192027362677636,0.12044464713986834,0.029653000000000002
5692,0.00036585365853658537,0.10975965709037097,0.025042000000000002
5693,0.004787145242070117,0.10057075062509568,0.021738
5694,0.051650718677470585,0.0931163570954738,0.021937
5695,0.15678885540942222,0.08383477062815739,0.020237
5696,0.28737692902805495,0.07132577690462825,0.020881999999999998
5697,0.40405991693472865,0.06327511864060827,0.022646
5698,0.49177114296184693,0.06960976169821911,0.024034
5699,0.5324079767091494,0.07459579272337602,0.025713999999999997
5700,0.5322009243047356,0.07844453232637649,0.033562
5701,0.5014898815098334,0.0867996376996479,0.043619
5702,0.4354162425180178,0.09115999897943562,0.059729
5703,0.34558349281322526,0.09034839516252487,0.060875
5704,0.2376592084368256,0.09117505230392406,0.063087
5705,0.1212456736837819,0.09814812216155534,0.070787
5706,0.038636446923734684,0.10430837628208398,0.07591200000000001
5707,0.0077269025611792,0.12053445680461294,0.09271700000000001
5708,0.001549839162832363,0.1302563530132163,0.099739
5709,0.0009744900036646444,0.12741076440271468,0.111733
5710,0.00041461378720631954,0.12599862223809769,0.11476300000000002
5711,0.00022120200333889816,0.11486668877889473,0.11969300000000001
5712,0.00022120200333889816,0.10581160381691077,0.12158899999999999
5713,0.00022110020766317846,0.09455056896463744,0.114035
5714,0.00022120200333889816,0.08686444353727613,0.08419199999999999
5715,0.00022110020766317846,0.0788816528040006,0.07910199999999999
5716,0.00039690133963109247,0.0760354901260397,0.07910700000000001
5717,0.00432814854025001,0.07612919069245294,0.073461
5718,0.04892534305142717,0.07405731744654795,0.073887
5719,0.1493663219186449,0.06182910649589222,0.067677
5720,0.2792324606050735,0.04471730366892892,0.09141800000000001
5721,0.3991153955779959,0.039534367505230386,0.100369
5722,0.4861538539842826,0.04288781446139716,0.10339000000000001
5723,0.5325873406897675,0.05187981578813084,0.096018
5724,0.5288591758622094,0.058381767617492475,0.07901
5725,0.4947348222647502,0.06613378323212737,0.07384500000000001
5726,0.43625656582108385,0.07444066693881718,0.087396
5727,0.3515853658536584,0.08327856304536409,0.111752
5728,0.23966845148418095,0.09008330356687248,0.121352
5729,0.12463526609389632,0.08699080216359646,0.173819
5730,0.04859664481452827,0.08544407307240903,0.249338
5731,0.014743576692862083,0.092763496963821,0.272239
5732,0.006523474082820962,0.10493538551819155,0.236787
5733,0.006064171993973696,0.11277778486503037,0.203252
5734,0.005891119345250214,0.11702633056080011,0.19804000000000002
5735,0.005504295777515372,0.11403231361943156,0.198547
5736,0.0049138808583411376,0.10949915803439302,0.185263
5737,0.004099515452583574,0.1088685768229831,0.17765999999999998
5738,0.002033063235473757,0.10567287084757872,0.15489399999999998
5739,0.0011983386945722545,0.10110067867530743,0.143601
5740,0.0006496600024430962,0.09815998622238098,0.138924
5741,0.004596481941447127,0.09623379854059294,0.137628
5742,0.04737499491021622,0.08804963769964791,0.12707000000000002
5743,0.13663931756178999,0.07312324590498545,0.11427000000000001
5744,0.2500238201881185,0.055795657498596725,0.07700699999999999
5745,0.36021041166171264,0.04866982191151707,0.075499
5746,0.43997119182377137,0.05376460682757566,0.051245000000000006
5747,0.48745938352538787,0.06272433280604174,0.039638
5748,0.5076872022476485,0.07389842833086697,0.040359
5749,0.4914402052200823,0.08288207378680411,0.066122
5750,0.4268451484180952,0.08704227687911413,0.070839
5751,0.3410246752717945,0.09395398530387306,0.075484
5752,0.23456095525062098,0.10115668214522631,0.12072000000000001
5753,0.1282556293008673,0.09885626626524469,0.162487
5754,0.05026629748768272,0.09871810736337196,0.203926
5755,0.014371106315403719,0.10129260856253508,0.179036
5756,0.00726953459017061,0.10316298413022401,0.16929
5757,0.006871411702430881,0.09849753788845231,0.15740700000000002
5758,0.006799136772669898,0.0979646119303975,0.160475
5759,0.0064000977238486915,0.0966884599683625,0.117373
5760,0.006003094588541879,0.09180863142317702,0.10973499999999999
5761,0.004832444317765381,0.08905642445272235,0.135121
5762,0.0036210757767010052,0.0915197479206001,0.15944799999999998
5763,0.002216295451769209,0.0927938587538909,0.135705
5764,0.0014777678244228187,0.0905073480634791,0.11364300000000001
5765,0.004007492161732969,0.08878559218247692,0.168694
5766,0.040438637566676164,0.09090166862274837,0.23782899999999998
5767,0.12189767498676655,0.08471360412308006,0.260079
5768,0.231686550755324,0.07993270653671482,0.25284
5769,0.3386117105745348,0.08728376792366178,0.213579
5770,0.4200910053340933,0.09341480838903915,0.157442
5771,0.46904851581904805,0.10199705312037557,0.138963
5772,0.48218137953499735,0.1096070189314691,0.131582
5773,0.4685293578728776,0.11474211614022556,0.10787200000000001
5774,0.42704222484628857,0.11506697453691893,0.102425
5775,0.3410510403518059,0.11886251722202379,0.08555499999999999
5776,0.2368571603078301,0.11669056488237994,0.091333
5777,0.1315294800276884,0.11017330458743685,0.12171400000000002
5778,0.048944480638462476,0.10633553605143647,0.125134
5779,0.0132354737570748,0.1080057534316477,0.12786399999999998
5780,0.005690581864082413,0.109746963820993,0.134224
5781,0.005212142188199845,0.11200464356789307,0.16200699999999998
5782,0.004581008998737733,0.11027580752155944,0.161237
5783,0.003960055376847591,0.10351692861152217,0.15795
5784,0.003461256565821084,0.09670306679593817,0.165743
5785,0.0026163524573476118,0.09246345103842424,0.17496
5786,0.0021175536463211046,0.08760786089707609,0.177225
5787,0.0010588786188362718,0.08446324692554982,0.17935800000000002
5788,0.000493301844537644,0.0838130836352503,0.18698800000000002
5789,0.0036363451280589597,0.08327620299025362,0.207042
5790,0.045021071704873974,0.08117250089299383,0.234423
5791,0.14652347408282096,0.07305301831913047,0.23789000000000002
5792,0.2854584877234415,0.06627385569219779,0.25732999999999995
5793,0.4208867421311943,0.06830273766392815,0.26598
5794,0.5123794739199479,0.07379783895494209,0.266245
5795,0.5591811555845108,0.0803752487625657,0.259339
5796,0.5684293945193207,0.08788896259631578,0.294139
5797,0.5386965063724093,0.09318530897586365,0.279015
5798,0.47554318172564036,0.09472304434352197,0.255617
5799,0.3808790056598396,0.09685092105934581,0.23181999999999997
5800,0.2602625310476811,0.09250025514109302,0.20708600000000002
5801,0.13521122602711838,0.09025552380466396,0.191868
5802,0.045630318824056354,0.09145003061693116,0.195906
5803,0.012272181277739323,0.09138911568097158,0.230935
5804,0.006567042632028991,0.09864539215185998,0.22700299999999998
5805,0.00615985992915021,0.10524180997091391,0.190613
5806,0.0057628567938433975,0.10550167117415929,0.1744
5807,0.00502992792866159,0.10300071439506046,0.191158
5808,0.004405920436499858,0.1002233760269429,0.184899
5809,0.0029085060466631373,0.09849932387610348,0.180671
5810,0.000943849505273016,0.10135620247997142,0.19068800000000002
5811,0.0004145119915305998,0.10471334898198704,0.207504
5812,0.0005201759029276437,0.10537429198346686,0.22761900000000002
5813,0.003953031475222932,0.11213215032913204,0.24411499999999997
5814,0.04923378394885784,0.11241388988110425,0.25351799999999997
5815,0.15944256687975897,0.10315316119814258,0.24926900000000002
5816,0.3068766032818926,0.08873775322753481,0.23785900000000001
5817,0.43910531780609957,0.08110539878552839,0.21320699999999998
5818,0.5324481860010588,0.08652038577333267,0.164953
5819,0.5773530070442607,0.09921148645200796,0.12724100000000002
5820,0.5794477584592206,0.11892247537888452,0.091848
5821,0.54712305061281,0.14030285247742,0.061953999999999995
5822,0.47106437558532516,0.15583979690768993,0.057628
5823,0.37119874587727525,0.16386417563912845,0.067291
5824,0.24926035262022067,0.1607844950757769,0.07566600000000001
5825,0.12728734883342158,0.14504216206562232,0.173603
5826,0.042893033103953745,0.13995094912486608,0.215321
5827,0.011919153874343417,0.15162646068275756,0.23846599999999998
5828,0.006762490329410807,0.17673770219931623,0.242959
5829,0.006247404210269148,0.19835089554523652,0.257664
5830,0.005626450588379006,0.21087258253814356,0.284556
5831,0.004995317398916893,0.20813491860999137,0.26727999999999996
5832,0.0036617940469888836,0.20118072919324387,0.288062
5833,0.002287552424772996,0.17871357860897077,0.314775
5834,0.0011576204242843763,0.1635677654743073,0.356843
5835,0.00046540982939044756,0.15504700974638977,0.39976200000000006
5836,0.0005689360315973777,0.14780859315201306,0.420951
5837,0.00370984160592858,0.14610661070572029,0.4248450000000001
5838,0.042276965674498145,0.14416109608613564,0.387712
5839,0.12654770145364225,0.1347631014951268,0.37976
5840,0.23389185227411538,0.13122697351635457,0.30584399999999995
5841,0.3364708457184739,0.1351783436240241,0.287397
5842,0.4092052811596564,0.14100149257539424,0.27328900000000006
5843,0.4505640498391628,0.15122238097668012,0.290925
5844,0.4474656948572826,0.16437771087411335,0.29728499999999997
5845,0.4033194551895436,0.17149684900750112,0.309523
5846,0.34697615945274646,0.1803395927948155,0.33619299999999996
5847,0.27223543303880454,0.18559856100423536,0.32214
5848,0.1867457958385928,0.19324341735979994,0.304546
5849,0.10052455311698358,0.197711193039751,0.29171600000000003
5850,0.03686001058675027,0.19238703628106346,0.37599499999999997
5851,0.011432977727106148,0.18904825993774552,0.449323
5852,0.006583329940144143,0.1860652778486503,0.47959300000000005
5853,0.0058198623722464276,0.18607899168240036,0.42912800000000006
5854,0.004669571236613868,0.18282460325560035,0.379565
5855,0.0036521234577955126,0.18279959942848395,0.379862
5856,0.0022575227004356852,0.18974256263713837,0.424349
5857,0.0005371757807728328,0.19110673827626679,0.45085499999999995
5858,0.0004152245612606377,0.19894480022452415,0.3731
5859,0.00040484140233722877,0.20561240240853193,0.30969300000000005
5860,0.0004938108229162425,0.2045295836097362,0.373235
5861,0.003045624821857567,0.1994871026177476,0.44119200000000003
5862,0.0369790097316666,0.19156210134204216,0.40722700000000006
5863,0.12355368703937457,0.17736413736796447,0.404344
5864,0.2444704588949061,0.16283940143899575,0.41107800000000005
5865,0.3611258601734598,0.17215262540184723,0.37522
5866,0.4333598680728043,0.18205892483543398,0.319967
5867,0.4621086974225334,0.18758508955452363,0.275838
5868,0.4730465409829391,0.19399468030821046,0.27765100000000004
5869,0.45017335803575065,0.1991346889830076,0.29685100000000003
5870,0.4099617248259294,0.20143733734755323,0.26347800000000005
5871,0.33963648764200505,0.19843572995866715,0.30239
5872,0.23036717700232096,0.18469606317293463,0.37512
5873,0.12438617207541022,0.16928196917895597,0.464337
5874,0.0422389958874547,0.15170089809664744,0.567733
5875,0.011397043853577097,0.1438501428790121,0.613595
5876,0.006594120281770431,0.14896355309486148,0.6570440000000001
5877,0.006105501038315893,0.15477879267234781,0.6744429999999999
5878,0.005769473512765179,0.1603778639587692,0.658865
5879,0.0054534997353312435,0.16154551717099555,0.6786989999999999
5880,0.004649313897145649,0.1660742715721794,0.7094959999999999
5881,0.0020636019381896657,0.17348573761289995,0.7527469999999999
5882,0.0007911559916934729,0.17929759657090374,0.755304
5883,0.0006588216132578688,0.18366982191151707,0.764146
5884,0.0007424976586994584,0.1837059881614533,0.7667069999999999
5885,0.0032457551203224884,0.18798489564729295,0.7955700000000001
5886,0.04097876542204487,0.1844379241720672,0.8030719999999999
5887,0.14148703123091333,0.17064078685513087,0.792287
5888,0.2734764241215033,0.15416135122722868,0.75103
5889,0.39581507797548754,0.15942644282288107,0.739524
5890,0.46911183272934565,0.17633272949941317,0.734722
5891,0.4948966773891445,0.18868959534622648,0.689684
5892,0.4956242110835132,0.19293769454508344,0.6465190000000001
5893,0.4743887169673033,0.19778728887074554,0.63168
5894,0.42658170120933264,0.19419496606623463,0.5822109999999999
5895,0.34252463455352417,0.18544917589426954,0.5119319999999999
5896,0.234736349199886,0.1774149742307496,0.48548900000000006
5897,0.12295920029317155,0.15370305403888349,0.46216999999999997
5898,0.03919347286127285,0.1378787569525948,0.471679
5899,0.009918156276721364,0.1302274582844313,0.4986360000000001
5900,0.0050563948043487105,0.13369316732152878,0.514197
5901,0.004812085182621442,0.1397984385365107,0.518467
5902,0.004313286371594934,0.14132794560391893,0.578893
5903,0.003834846695712366,0.1409243123947543,0.55401
5904,0.002470784641068447,0.13858326529570855,0.5599639999999999
5905,0.0015139052893033103,0.1361549599428484,0.5637989999999999
5906,0.0008624129646972597,0.133517885390621,0.572329
5907,0.000831874261981351,0.13292283257641477,0.573774
5908,0.000913107211205668,0.1377013063223963,0.589072
5909,0.003436723807972638,0.14404322090115834,0.5676329999999999
5910,0.042444419561057045,0.1470330917997653,0.5743699999999999
5911,0.1492309336699377,0.1435046180537837,0.631746
5912,0.28989209658373716,0.14167219472368223,0.667243
5913,0.4172716722993607,0.15395577129152424,0.707568
5914,0.5082789405106071,0.17648256110629176,0.701176
5915,0.553621788346431,0.19074756340256163,0.668556
5916,0.5601366097968159,0.20069385620247998,0.581033
5917,0.5236052974469645,0.21085988926876562,0.580098
5918,0.45951932081925156,0.22613001990100523,0.559979
5919,0.36256810130705647,0.24704399908149205,0.500139
5920,0.2448315281566839,0.25897707557279176,0.37283999999999995
5921,0.1189651451606336,0.2620255013522478,0.380941
5922,0.03430392116942873,0.26367498851865084,0.4572
5923,0.009319699499165276,0.262974690003572,0.532357
5924,0.005270165723360072,0.26473120885849877,0.616798
5925,0.005005496966488864,0.26894779813236724,0.578226
5926,0.004374363777026752,0.2630602260550084,0.590468
5927,0.0030713791278146503,0.26022905291626275,0.53764
5928,0.001656419235310884,0.25139134816553554,0.5976530000000001
5929,0.0011576204242843763,0.2472145609021789,0.638483
5930,0.0007606172889775642,0.2516710465887636,0.605133
5931,0.0006690011808298383,0.25571783946522425,0.635734
5932,0.0007327252738303676,0.2552363244374139,0.6844969999999999
5933,0.00260362799788265,0.2618407154156248,0.642502
5934,0.03716387067877356,0.2593949966831658,0.625865
5935,0.12475589396962418,0.25060002806552023,0.696854
5936,0.23769259741846172,0.24943581925804967,0.726066
5937,0.3355805407386295,0.26910483747512376,0.7291509999999999
5938,0.3960482918685614,0.2917857325100781,0.664108
5939,0.4178488537806914,0.309786064193499,0.6706019999999999
5940,0.42256820310273213,0.31697594019492775,0.679505
5941,0.40743658129402666,0.31997824922181967,0.649415
5942,0.36487295899670186,0.32653052763178037,0.633794
5943,0.29189472291217067,0.33020583507679746,0.579104
5944,0.19798332586831713,0.32913507169464723,0.6378659999999999
5945,0.1043011726861843,0.3217028754401184,0.6559889999999999
5946,0.037814446842298136,0.30149761443078027,0.645154
5947,0.012990756952644653,0.29286593611267026,0.589256
5948,0.008596848405879718,0.28937088584987497,0.57724667
5949,0.008189665703000936,0.2831236924018983,0.54821433
5950,0.006011238242599454,0.2816882686125427,0.5146609999999999
5951,0.005396392361252494,0.2768111828341072,0.531207
5952,0.003916283236288122,0.2689909807623615,0.573839
5953,0.0024504255059245084,0.26294075623819974,0.626228
5954,0.001788753613746488,0.2628344261876818,0.6198170000000001
5955,0.0003839732888146912,0.26512093687809357,0.544438
5956,0.0004256077201840466,0.26531133591876305,0.521675
5957,0.0024323058756464022,0.262270373016278,0.5649280000000001
5958,0.0351219512195122,0.24759714497116903,0.614823
5959,0.12286809316340241,0.22939129713731696,0.650288
5960,0.23848110672258643,0.21241963055569732,0.710399
5961,0.3590961561952848,0.2164430780221462,0.734789
5962,0.44587564640254085,0.22392375108434961,0.736157
5963,0.4818780284213527,0.22543546206051948,0.732784
5964,0.4762806913962295,0.2285154615502373,0.749608
5965,0.4406102650759396,0.23137297800683782,0.76582
5966,0.38135897227085785,0.2297117543501557,0.754525
5967,0.3007542041614072,0.22499872429453485,0.733916
5968,0.20195671647868396,0.21626122620809307,0.741297
5969,0.10114051875076346,0.20300422258508957,0.7317670000000001
5970,0.033166761675964,0.19783895494208295,0.6684629999999999
5971,0.011237021051345738,0.2011398428330867,0.579185
5972,0.0067382629585895195,0.21024601979894877,0.546539
5973,0.006614072234211491,0.21621625759044755,0.478335
5974,0.006084632924793355,0.22121715058427308,0.37742299999999995
5975,0.005280345290932041,0.2232385696790325,0.354889
5976,0.003671973614560853,0.2173035413583712,0.329973
5977,0.002582861680035832,0.2103478848803388,0.334092
5978,0.001625982328270695,0.2020815686074399,0.327743
5979,0.0012596196913555113,0.18980354135837119,0.27999
5980,0.0006280793191905207,0.17618404602745322,0.22336400000000003
5981,0.0021675353230994746,0.1662959253967444,0.196772
5982,0.024206400912089254,0.15882073786804102,0.16909599999999997
5983,0.09017498676656216,0.14320393427565442,0.14672000000000002
5984,0.18342023290850606,0.1258490457723121,0.12710700000000003
5985,0.28333370658414436,0.11851106036638262,0.117584
5986,0.3485628486501893,0.11469982650405675,0.134175
5987,0.3771622419479621,0.11136309128948307,0.150054
5988,0.3782014740013845,0.11581753584732357,0.15071700000000002
5989,0.36545899670182014,0.12185462060519466,0.133127
5990,0.3246921698766237,0.1285777797622085,0.224881
5991,0.26115721324158153,0.13375299790784304,0.30445399999999995
5992,0.18088877804470863,0.1324591774251161,0.37350599999999995
5993,0.091663646728287,0.12961027198040517,0.43331099999999995
5994,0.031838226312146264,0.13046588763586264,0.500787
5995,0.010072987499491022,0.1314294917589427,0.5207649999999999
5996,0.005901400708497903,0.1373229958667143,0.495987
5997,0.005107394437884279,0.13894390723069858,0.476274
5998,0.004527159086282015,0.13866312445782514,0.417696
5999,0.003886049920599373,0.1351996479052916,0.344671
6000,0.0031324565332464674,0.12710178853906212,0.301121
6001,0.0024807606172889776,0.11800428637036282,0.30158700000000005
6002,0.002185553157701861,0.11042091901821706,0.292946
6003,0.000556822346186734,0.10400061233862326,0.295803
6004,0.00042611669856264505,0.10196280042863703,0.28226999999999997
6005,0.0020901706095525063,0.09844255498290555,0.267838
6006,0.02829125778736919,0.09479167729754553,0.18669
6007,0.09482348629830203,0.08790478134408328,0.146151
6008,0.1915036239260557,0.0813824182272797,0.107564
6009,0.28574830001221546,0.07945508241057304,0.079551
6010,0.34561566024675283,0.0792464407817523,0.063332
6011,0.36250213770919004,0.08190207684849721,0.06026700000000001
6012,0.35633769697463247,0.08485865183446445,0.049625999999999997
6013,0.34426442444724953,0.08862714956370873,0.042756999999999996
6014,0.31695956675760417,0.09460032147777721,0.041374
6015,0.24733977360641718,0.10186878093585752,0.038954
6016,0.1613530681216662,0.10046014696126958,0.03808
6017,0.0769061240278513,0.0996169056488238,0.034814
6018,0.02469339142473228,0.10108989896412716,0.039852
6019,0.006897166008387964,0.10348395162524875,0.042557000000000005
6020,0.0030817622867380596,0.1078745471245599,0.037781999999999996
6021,0.0026950405146789363,0.10382335306424452,0.036095
6022,0.002684860947106967,0.10410719753023422,0.030443
6023,0.002684860947106967,0.09965887635862632,0.026085
6024,0.002369294352375911,0.09494954584885443,0.023495
6025,0.0012291827843153222,0.09100244935449302,0.022706999999999998
6026,0.00029266256769412436,0.08632718018063991,0.027692999999999995
6027,0.00029256077201840464,0.08839949992345768,0.033398500000000005
6028,0.000342237061769616,0.09116082818798796,0.035026
6029,0.0018857648927073577,0.0957137572077359,0.056813999999999996
6030,0.02148010912496437,0.1003538806960249,0.05921799999999999
6031,0.08576407834195204,0.10522662907587897,0.08810699999999999
6032,0.17573516837004766,0.10618474766545899,0.087366
6033,0.26209281729712125,0.10264185844772158,0.07802200000000001
6034,0.33145873203306325,0.10594268255345209,0.089594
6035,0.3664607679465776,0.11411198142572843,0.13404000000000002
6036,0.3744916323954559,0.12656809715772824,0.127367
6037,0.3581485402500102,0.13887036281063425,0.091426
6038,0.31242009039456003,0.15048125988671734,0.10804699999999998
6039,0.24463608045930207,0.16399365974383837,0.102967
6040,0.1607979763019667,0.1682118436495382,0.088116
6041,0.07530263854391465,0.16716889064652754,0.076653
6042,0.0225289099719044,0.16557687401132828,0.066676
6043,0.008450873406897675,0.16262508292085526,0.05879500000000001
6044,0.0058301437354941164,0.16476833188753381,0.054935000000000005
6045,0.005392422329899426,0.16316413226514262,0.056027
6046,0.004435542978134289,0.1628608332908098,0.053986
6047,0.003325970112789608,0.1698834643057611,0.057606
6048,0.0014122114092593346,0.17552877991529314,0.072127
6049,0.0006894621116494972,0.1844305888656427,0.133839
6050,0.0004349729223502586,0.1869414323620962,0.19221
6051,0.00037389551691844133,0.19409654538960042,0.197725
6052,0.00042642208558980416,0.20915975659539726,0.192106
6053,0.002068182743597052,0.2190740929734143,0.22722200000000004
6054,0.03333584429333442,0.22693562790222996,0.264226
6055,0.12026965674498145,0.22598816145328368,0.27748
6056,0.2438364754265239,0.22046882175843238,0.277215
6057,0.3657968565495338,0.23490011226208096,0.31887200000000004
6058,0.45435135795431414,0.2587474485890698,0.350998
6059,0.5022409300052932,0.2689035949380007,0.372278
6060,0.49955260800521195,0.27332270245445733,0.388286
6061,0.4636418420945479,0.2817181839056998,0.394015
6062,0.402906062950446,0.2824545211001684,0.387764
6063,0.32153935420823326,0.2848067944073072,0.37949700000000003
6064,0.21414766480719896,0.2746732280451089,0.399163
6065,0.10442057901380349,0.25630262285043626,0.379373
6066,0.03315149232460605,0.24062994335867735,0.337589
6067,0.011234476159452748,0.2364684645609022,0.315179
6068,0.006688281281811148,0.23398039240700103,0.29650299999999996
6069,0.0063218168492202445,0.2314044879318263,0.286978
6070,0.006005232297731993,0.22494259325406948,0.26321500000000003
6071,0.005718168492202452,0.21517177374087867,0.284256
6072,0.004679852599861557,0.20741312445782517,0.33398500000000003
6073,0.0032547131397858216,0.20046295351329285,0.42782200000000004
6074,0.0015852640579828168,0.20028850079093738,0.493237
6075,0.0007098212467934363,0.20104397356738277,0.534846
6076,0.0005012419072437804,0.20770251824258812,0.543987
6077,0.0021905411458121257,0.2157565571260907,0.595592
6078,0.03339712529011768,0.22485788641118537,0.651004
6079,0.1292754183802272,0.22429880849109557,0.7105469999999999
6080,0.2632521682478928,0.21705394958412005,0.736997
6081,0.38678620872185343,0.22527000306169312,0.738298
6082,0.4695126023046542,0.2528357656784202,0.742646
6083,0.4986019381896658,0.27924867326631625,0.762941
6084,0.49115222525347124,0.2983940781752309,0.7398049999999999
6085,0.45787572783908137,0.3058646093789866,0.737661
6086,0.39460157172523314,0.30737689442261573,0.741153
6087,0.30205260800521194,0.3066396642343216,0.7493989999999999
6088,0.19094985545014048,0.3018724166964331,0.7154889999999999
6089,0.08467364306364264,0.2891218043578098,0.708215
6090,0.024005761635245735,0.28183019084553756,0.751381
6091,0.00784478195366261,0.2797308899321325,0.692915
6092,0.004537236858178265,0.28475015308465573,0.626776
6093,0.004435441182458569,0.28387157473082614,0.5312100000000001
6094,0.004435441182458569,0.2798487651171097,0.499704
6095,0.004089335885011604,0.2708750063785273,0.470422
6096,0.003702512317276762,0.2582605118130326,0.437308
6097,0.0034174844252616147,0.24905074756340256,0.41092799999999996
6098,0.00263365772221996,0.2341937541460428,0.351332
6099,0.002257013722057087,0.226187235291116,0.35949899999999996
6100,0.0017192271672299363,0.21734532071235396,0.389504
6101,0.0030412476078016206,0.21132692503954686,0.39563000000000004
6102,0.025806018160348547,0.2019596749502475,0.385274
6103,0.10234628852966327,0.1886056539266214,0.411638
6104,0.21157905452176393,0.17388707455222735,0.463992
6105,0.31866006352050164,0.17581626014185844,0.496059
6106,0.4041663952115314,0.18844006735724855,0.48584099999999997
6107,0.4559887413982654,0.19674829055467674,0.5116350000000001
6108,0.47248666476648077,0.20347349084043476,0.529278
6109,0.4542447778818356,0.21216512731540543,0.5628610000000001
6110,0.40061067225864244,0.21729544062866765,0.615356
6111,0.3162833380837982,0.21819959687707302,0.7031229999999999
6112,0.2047468341544851,0.21226680104097567,0.735297
6113,0.08931033429699906,0.19783142827983877,0.768334
6114,0.020750132334378436,0.19147969076899524,0.798345
6115,0.006618551243943158,0.20533774302189112,0.8235600000000001
6116,0.0034174844252616147,0.2231163570954738,0.811458
6117,0.002257013722057087,0.23600952951982446,0.8152459999999999
6118,0.0017582149110305794,0.2409455528907486,0.8376560000000002
6119,0.0009947473431328637,0.24055340103077003,0.831145
6120,0.00048576896453438663,0.24275284482318718,0.7814289999999999
6121,0.000231279775235148,0.24609142981068532,0.733499
6122,0.00024145934280711754,0.24304989284074094,0.698833
6123,0.000231279775235148,0.24031178241567583,0.689898
6124,0.00026914776660287473,0.23288328570699593,0.690988
6125,0.0014994503033511134,0.23640589120783795,0.664421
6126,0.027904841402337233,0.2375221334898199,0.571947
6127,0.1117294067348019,0.22393319130479153,0.5730529999999999
6128,0.2237339671810742,0.21134395570750622,0.5331309999999999
6129,0.3242603526202207,0.21688798030310763,0.493396
6130,0.3867900769575308,0.23610157166913306,0.446043
6131,0.41770043568549203,0.2500125019135582,0.38515
6132,0.42879484099515447,0.2644170026024391,0.39503
6133,0.4175471313978582,0.26951038424248613,0.385104
6134,0.37245816197727916,0.27307834107261314,0.373353
6135,0.2902907284498555,0.26934817829259583,0.36638699999999996
6136,0.1818044301478073,0.2546681252232485,0.383647
6137,0.0717863105175292,0.22801251467061284,0.38608200000000004
6138,0.013942342929272366,0.2108843190284227,0.372285
6139,0.0033228144468422983,0.20703806705107927,0.341917
6140,0.0003269677104116617,0.21814346583660765,0.295108
6141,0.00029235718066696525,0.22076433892942796,0.303728
6142,0.00029235718066696525,0.22229110323008627,0.309554
6143,0.00027250702390162467,0.22353102515691178,0.267386
6144,0.00027250702390162467,0.21947836403531149,0.22953
6145,0.0002521478887576856,0.2110213297953768,0.203535
6146,0.00025224968443340526,0.20459757871102718,0.17254700000000003
6147,0.0002520460930819659,0.19478689340205133,0.17179899999999998
6148,0.00028614764444806387,0.1947949303464816,0.162266
6149,0.0016949997964086486,0.1950896820941981,0.156237
6150,0.03440021987865956,0.18500995050262795,0.13633800000000001
6151,0.13498788631458938,0.16272254681839055,0.132084
6152,0.26758184372327865,0.1446622569781089,0.13272799999999998
6153,0.38673612524939943,0.13906956421901312,0.14834299999999997
6154,0.47108677063398346,0.14065124763994488,0.167054
6155,0.5053338898163605,0.14545395978976378,0.187596
6156,0.5075151675556823,0.15158168342093176,0.230415
6157,0.48341300541553,0.15867224575190084,0.26236
6158,0.4273428274766889,0.16540248507424607,0.27667600000000003
6159,0.3328599495093449,0.1651303770985355,0.28966
6160,0.20738120444643507,0.16161925294687965,0.328416
6161,0.08020033388981636,0.1535043629126907,0.34984299999999996
6162,0.015129280508164013,0.1482057840485789,0.374909
6163,0.0029006677796327217,0.15189920651120067,0.419925
6164,0.0006014088521519605,0.16147101597183244,0.504867
6165,0.0004964575104849546,0.17700056131040465,0.607292
6166,0.0002826865914735942,0.19256888809511657,0.665387
6167,0.0002719980455230262,0.20250905750880235,0.70622
6168,0.00026181847795105664,0.21838897535337043,0.741103
6169,0.00026181847795105664,0.2324029188141042,0.74658
6170,0.00026181847795105664,0.24116255039036588,0.724413
6171,0.00026181847795105664,0.24797016124917076,0.704277
6172,0.0002902194714768517,0.2548707072511099,0.6973879999999999
6173,0.00142381611629138,0.26523409195284997,0.6672600000000001
6174,0.03390040311087585,0.2659809537174057,0.635925
6175,0.13589193371065597,0.2537300989947441,0.644263
6176,0.2680649660002443,0.23091263968974843,0.6383979999999999
6177,0.38641384014007085,0.21931488237995606,0.634827
6178,0.47287603322610866,0.2264184569066694,0.62556
6179,0.5217165804796612,0.22591404296576006,0.6170680000000001
6180,0.5254523799828984,0.2264565367148033,0.592788
6181,0.4978907935990879,0.2334048578864112,0.5889690000000001
6182,0.43475192393827106,0.24196139715262538,0.5891430000000001
6183,0.3303116983590537,0.2502970480175537,0.594138
6184,0.2043378191294434,0.24720913915395212,0.6035560000000001
6185,0.08543965552343338,0.23098707710363833,0.571134
6186,0.02133739158760536,0.21594363933255095,0.5577409999999999
6187,0.007961541593713099,0.21591882686125427,0.5244449999999999
6188,0.004354004641882812,0.22047571056794404,0.531095
6189,0.0036414349118449444,0.21304593815379905,0.5247470000000001
6190,0.0024300663707805693,0.20174975761596162,0.496263
6191,0.0018192923164623966,0.19137610348522732,0.45782
6192,0.0015139052893033103,0.1823880568454355,0.432271
6193,0.000699539883545747,0.17182323825075266,0.433938
6194,0.00034325501852681305,0.15815507475634025,0.401053
6195,0.00034325501852681305,0.1479364188396183,0.393744
6196,3.1251272445946496e-05,0.14149436138184415,0.37186499999999995
6197,0.001679119670996376,0.13442057457774148,0.34722800000000004
6198,0.027237061769616024,0.12691655610552635,0.349361
6199,0.10480434871126675,0.11825847068428841,0.36051300000000003
6200,0.21356132171505351,0.11143433943971015,0.356168
6201,0.3138910379087097,0.11346220084706844,0.299268
6202,0.3875499816767784,0.11942000051028218,0.279609
6203,0.42362239912048544,0.12508451548706434,0.286682
6204,0.4186696323140194,0.12873481910496506,0.299768
6205,0.3892267600472331,0.13181832678471195,0.312645
6206,0.3349254855653732,0.1335236260652141,0.360269
6207,0.2517480353434586,0.12966053477573097,0.38282200000000005
6208,0.1576295858951912,0.1236895315609532,0.400341
6209,0.06889684026222567,0.11861490279124356,0.41921800000000004
6210,0.020015574738385115,0.11126160891973262,0.424098
6211,0.0063229366016531625,0.1150477113843956,0.48255
6212,0.004524003420334704,0.12155725366127469,0.532317
6213,0.003909157538987743,0.1241466168291065,0.57555
6214,0.0028056924141862455,0.12956606878603866,0.590044
6215,0.0016151919866444074,0.13441164463948563,0.590821
6216,0.00046490085101184896,0.1387620554166454,0.651318
6217,0.0002918482022883668,0.14115004847680768,0.689964
6218,0.0002918482022883668,0.14453181609430016,0.696285
6219,0.0002917464066126471,0.14551889319793845,0.718442
6220,0.00031363247689238165,0.15145137010766957,0.715802
6221,0.0015130909238975528,0.1603471194570597,0.661576
6222,0.022536544647583368,0.16984136602541203,0.704785
6223,0.09567989331813186,0.16886455835076797,0.71354
6224,0.2090878089498758,0.17357637648619684,0.6831780000000001
6225,0.3205184453764404,0.1984155738123182,0.628846
6226,0.3911516144794169,0.22629700974638978,0.5893550000000001
6227,0.4232733417484426,0.2426589529009542,0.579585
6228,0.4265195040514679,0.2590235750369955,0.551428
6229,0.40555641516348384,0.27907052099811197,0.545905
6230,0.3697926422085589,0.2942609200387814,0.566921
6231,0.2946796490085102,0.3031661733938868,0.568997
6232,0.1881404983916283,0.31121249425932535,0.574153
6233,0.07908190480068407,0.3080556973006072,0.586968
6234,0.018116271020807033,0.3022555748328826,0.6306149999999999
6235,0.003969013396310925,0.29608396693371436,0.603625
6236,0.0011897878578118002,0.30174184824207784,0.601318
6237,0.00019219023575878496,0.3003335969791294,0.5932400000000001
6238,0.00018201066818681542,0.29518370158697754,0.622979
6239,0.00017183110061484588,0.2850901923763841,0.668708
6240,0.00017183110061484588,0.2774897943562791,0.6668459999999999
6241,0.00018201066818681542,0.26534584375159465,0.673316
6242,0.00017183110061484588,0.2510218400775629,0.7055100000000001
6243,0.0001717293049391262,0.24105991988569678,0.704048
6244,0.0002009446638706788,0.233403327039853,0.70173
6245,0.0014411213811637285,0.2287871868143083,0.700334
6246,0.029318885133759513,0.21456217788437004,0.6821769999999999
6247,0.13019860336332914,0.1938679389702506,0.656869
6248,0.2682586831711389,0.17801468336990353,0.651868
6249,0.3845986196506372,0.18518587028626832,0.623722
6250,0.4606945518954355,0.19690507475634025,0.5669780000000001
6251,0.4929155299482878,0.20456523957748637,0.563877
6252,0.49871208111079435,0.21271916619890802,0.5512549999999999
6253,0.4717764363369844,0.21591423432157986,0.6370279999999999
6254,0.4118497292235026,0.2184278843700567,0.661803
6255,0.3197941691436948,0.21856221615553403,0.6837409999999999
6256,0.19942515981921088,0.21274314946165232,0.682679
6257,0.0842351072926422,0.19465103077001583,0.676553
6258,0.021950201555437924,0.1806439123335204,0.6527599999999999
6259,0.007144020522008226,0.18204457314895137,0.626683
6260,0.005831568874954192,0.1869544445578405,0.61088
6261,0.004742355144753451,0.18595505689646372,0.58454
6262,0.003066798322407264,0.18102241414502218,0.5218860000000001
6263,0.0016864489596481944,0.18126486196866864,0.468944
6264,0.0008619039863186611,0.18131952594784914,0.393998
6265,0.00043436214829594035,0.17762202122773896,0.336304
6266,0.0002003338898163606,0.1711897867020462,0.297941
6267,0.00016969339142473228,0.16547934632851966,0.28239699999999995
6268,0.00019677104116617124,0.16330484257794559,0.263205
6269,0.0010373997312594161,0.16220352604990562,0.272634
6270,0.02439258520298058,0.15688606674490993,0.248675
6271,0.10790820065963597,0.1336948895239067,0.205044
6272,0.2375656582108392,0.1037562509567791,0.167123
6273,0.3641315810904353,0.10436865336531101,0.147841
6274,0.4480983549818804,0.12278480124508853,0.147096
6275,0.4788917504784396,0.13174216716844414,0.141401
6276,0.48880176310110346,0.13567733581670666,0.114317
6277,0.46719888839122115,0.14107108230851662,0.11184000000000001
6278,0.40910389266663955,0.14903614073582694,0.111553
6279,0.31923134085264054,0.14934505281420626,0.12016099999999999
6280,0.20476495378476328,0.14537065622289128,0.11666399999999999
6281,0.0871076794657763,0.13745145940705208,0.132994
6282,0.020369721894213936,0.13067063836301476,0.13274199999999997
6283,0.006500468260108311,0.13903001734959433,0.122398
6284,0.004895048658332994,0.1535685308975864,0.116378
6285,0.003651105501038316,0.15895321988059397,0.101083
6286,0.0027756626898489353,0.15837411338470175,0.098398
6287,0.0015541145812125903,0.1560680206154003,0.09208599999999999
6288,0.0007702878781709352,0.15414795631984488,0.09480899999999999
6289,0.0007397491754550265,0.14836537480226566,0.113125
6290,0.0006075165926951422,0.14713208654385876,0.12240999999999999
6291,0.0005869538661997638,0.1490859570342399,0.12925799999999998
6292,0.0006003908953947636,0.15532498596723987,0.135428
6293,0.0012607394437884278,0.15800352094708375,0.12866100000000003
6294,0.022485137831344922,0.15946866867377657,0.140506
6295,0.1121087992182092,0.15020424044496605,0.131925
6296,0.2446562360030946,0.13184390467928767,0.134485
6297,0.3596025896819902,0.13272069704546613,0.14568399999999998
6298,0.44283042876338613,0.146612874419554,0.17063399999999998
6299,0.4875325746162303,0.15865585293667397,0.176499
6300,0.4935006514923246,0.1628892177374088,0.191665
6301,0.4642302211002077,0.16859583099454,0.194124
6302,0.39943869864408155,0.1739335102311578,0.204292
6303,0.305562522904027,0.17944041179772416,0.231368
6304,0.17831670670629915,0.18196375720773586,0.24334399999999995
6305,0.05982236654586914,0.1785982548349237,0.268608
6306,0.008273138157091088,0.17550281930907793,0.273127
6307,0.0005341219105012418,0.1846299816298413,0.293121
6308,0.0001493342562807932,0.20424835433994998,0.282945
6309,0.0001493342562807932,0.21262910139307037,0.262891
6310,0.00014923246060507352,0.2140284227177629,0.261211
6311,0.00014923246060507352,0.21169413685768232,0.2351
6312,0.00014923246060507352,0.21090179619329488,0.19519299999999998
6313,0.0001493342562807932,0.20945635811603813,0.17153
6314,0.0001493342562807932,0.20806411695667704,0.152738
6315,0.00014923246060507352,0.2039511787518498,0.14369400000000002
6316,0.00014821450384787653,0.20221035107414403,0.142456
6317,0.0011947758459220652,0.20089171812012044,0.131492
6318,0.026926788550022392,0.20048336480073478,0.134026
6319,0.1292645262429252,0.1884400035719753,0.12421300000000002
6320,0.2698686835783216,0.16977317956830126,0.123626
6321,0.3929507512520868,0.15625236005511045,0.122904
6322,0.4752668064660613,0.15617926213195898,0.107302
6323,0.5168166456288937,0.1607974434862479,0.10092000000000001
6324,0.5182739525224969,0.16735048731948765,0.11537400000000002
6325,0.4825773647135469,0.17079674184824206,0.130787
6326,0.4102397288163199,0.1769728785018115,0.14696199999999998
6327,0.30179201107536946,0.17970964943613818,0.160494
6328,0.1698140193004601,0.1798566744909935,0.20343899999999998
6329,0.04991286290158394,0.17750401847221514,0.254344
6330,0.005801131967914004,0.18921805633515335,0.29284499999999997
6331,0.0002460401482145038,0.21715409246313208,0.328331
6332,0.00015645995358117188,0.23670153594938004,0.36892
6333,0.00014617859033348265,0.24504222585089552,0.368758
6334,0.00014617859033348265,0.24861547685870283,0.359223
6335,0.00014617859033348265,0.24484608613563305,0.350681
6336,0.00014617859033348265,0.24141399193754146,0.29985900000000004
6337,0.00014628038600920235,0.23262323314793085,0.284548
6338,0.00014638218168492204,0.2252123411746696,0.259869
6339,0.00014617859033348265,0.21511111394601215,0.225106
6340,0.00015992100655564152,0.20959285860080623,0.21699899999999997
6341,0.0012926014902886927,0.2082221768638057,0.21076199999999998
6342,0.025330632354737568,0.20636111394601214,0.212627
6343,0.10657467730770798,0.18816859723427057,0.21601000000000004
6344,0.21865029113563253,0.15405961371638516,0.225083
6345,0.3192179038234455,0.13121089962749402,0.200123
6346,0.3869592613705769,0.13353472470276062,0.16406400000000002
6347,0.41964025408200656,0.1404255753431648,0.155749
6348,0.42024868683578326,0.14481393835791193,0.18023
6349,0.3826606335762857,0.15054211103740367,0.22318199999999996
6350,0.3185530762653202,0.15720601367556258,0.277219
6351,0.2315037257217313,0.16105041587998165,0.33538900000000005
6352,0.13070503685003462,0.16496306832678473,0.459513
6353,0.0518756871208111,0.1660363831198653,0.47387799999999997
6354,0.012615843478969012,0.18195284992600907,0.45784699999999995
6355,0.0015408811433690298,0.19783117313874574,0.46803600000000006
6356,0.0008791074555152897,0.20789463948563555,0.47973299999999997
6357,0.0007264139419357466,0.2082881308363525,0.551984
6358,0.0004413860499205994,0.20094931622187068,0.607056
6359,0.0004413860499205994,0.19403594938000718,0.604145
6360,0.0001563581579054522,0.19094440475582994,0.560634
6361,0.0001563581579054522,0.18962755778945753,0.484191
6362,0.0001563581579054522,0.18670612848905446,0.48916400000000004
6363,0.0001563581579054522,0.18209585650864926,0.5383680000000001
6364,0.00015676534060833096,0.17854346328519674,0.554919
6365,0.00107954314100737,0.17649295810583254,0.491752
6366,0.016183781912944336,0.1709777644537429,0.41644200000000003
6367,0.06352477706747016,0.16107688676838292,0.394899
6368,0.15064263610081843,0.14144103689340204,0.378907
6369,0.23163738344395132,0.13298157881308362,0.325556
6370,0.29305264872348225,0.13867887942031945,0.304771
6371,0.326843417891608,0.14611458386487727,0.294811
6372,0.3363255832892218,0.1497354824718069,0.28536300000000003
6373,0.3218188851337595,0.14912658825330405,0.26657600000000004
6374,0.2811676981961806,0.15129356534163393,0.235663
6375,0.21598080133555922,0.15116152982599376,0.21851099999999996
6376,0.1317623885337351,0.14924790784303718,0.17658900000000002
6377,0.059252717944541705,0.14362714956370873,0.170959
6378,0.019015534020114824,0.14268644435372763,0.1461
6379,0.006268170528115964,0.14759134051130274,0.149642
6380,0.004536626084123947,0.15387737919069247,0.176919
6381,0.0033150779754876013,0.15735769505536565,0.18870599999999998
6382,0.001879758947839896,0.15643625299790784,0.224854
6383,0.000871981758214911,0.1556643236209624,0.201106
6384,0.00028156683904067756,0.15144333316323927,0.18769799999999998
6385,0.00028156683904067756,0.14976112415165588,0.18875899999999998
6386,0.00028156683904067756,0.14930933306118283,0.198249
6387,0.00028156683904067756,0.14808580394958412,0.189941
6388,0.00028156683904067756,0.14744967341940096,0.222164
6389,0.0008234252208966163,0.153110935347247,0.259509
6390,0.014619996742538378,0.15988703628106343,0.286252
6391,0.07831670670629912,0.15297577435321733,0.32709099999999997
6392,0.17397725884604423,0.14054109047303162,0.34428500000000006
6393,0.27278859074066536,0.13596704852783592,0.366361
6394,0.3487873081151512,0.13963559473388784,0.406957
6395,0.38535557229528883,0.1447199188651324,0.49328999999999995
6396,0.3814083431735819,0.15011034852273308,0.511112
6397,0.34594771774095023,0.1551004618053784,0.528287
6398,0.285574534793762,0.1563107235801398,0.541971
6399,0.21208935624414677,0.16165254885951932,0.5289560000000001
6400,0.13468494238364753,0.16118066540797063,0.478804
6401,0.059844863390203194,0.1609120018370159,0.4932370000000001
6402,0.02009690948328515,0.16062879522375875,0.524153
6403,0.00708151797711633,0.16619457059754042,0.560519
6404,0.005900688138767864,0.17319385620247998,0.565163
6405,0.005564762408892868,0.17339178190539367,0.5329510000000001
6406,0.004801294840995155,0.17154762208501304,0.507355
6407,0.0038953133270898657,0.17321471398683475,0.45850100000000005
6408,0.003365975813347449,0.17145857784354748,0.426676
6409,0.0024396351642982208,0.16972042914731844,0.396138
6410,0.0016864489596481944,0.16901005255906518,0.334967
6411,0.00089234089335885,0.16866312445782516,0.302596
6412,0.00038336251476037294,0.16607114609378987,0.250654
6413,0.0009841605928580153,0.1649542659590754,0.23204299999999997
6414,0.012940368093163405,0.16338897535337044,0.24813200000000002
6415,0.05979131886477462,0.15348299484614994,0.272462
6416,0.1430376847591514,0.1413030693473491,0.28953500000000004
6417,0.22876694898000727,0.14029743072919326,0.29139499999999996
6418,0.29681542408078504,0.14836333367352147,0.288696
6419,0.3390164501811963,0.15480673062203398,0.297715
6420,0.35128852966325985,0.15789623411746695,0.294761
6421,0.3249651858789039,0.15944289942338113,0.277007
6422,0.28042479335477827,0.1612848905444711,0.256842
6423,0.21281108758499934,0.16002800173495946,0.256498
6424,0.13200272812410932,0.15518012961167527,0.271583
6425,0.061430025652510274,0.14579865540643977,0.275611
6426,0.022840302943930944,0.14453762055416644,0.27673400000000004
6427,0.008429394519320819,0.1483083507679747,0.28937300000000005
6428,0.00665397613909361,0.15522229167729756,0.320339
6429,0.006480923490370128,0.16031069806603052,0.357075
6430,0.006134818192923163,0.16240183446445883,0.40001
6431,0.005137220570870149,0.16384727254171558,0.421599
6432,0.0039767498676656216,0.1647143057610859,0.436942
6433,0.00313184575919215,0.16535796295351327,0.41097100000000003
6434,0.0014623966773891447,0.1614819232535592,0.366565
6435,0.0004953377580520379,0.15893561514517526,0.34717400000000004
6436,0.0003121055417565862,0.15777816757666988,0.38235800000000003
6437,0.0009435441182458569,0.15406037913966425,0.41939899999999997
6438,0.015572804267274728,0.15260530948614584,0.46248999999999996
6439,0.07574860539924264,0.1443883630147472,0.498503
6440,0.16933374730241457,0.13607816247384805,0.560038
6441,0.26420914939533363,0.13686763280093892,0.6022850000000001
6442,0.32014994503033517,0.14391979639740773,0.5914229999999999
6443,0.3368352742375504,0.15243978670204625,0.5955969999999999
6444,0.3333608860295615,0.16211869163647494,0.599033
6445,0.3064560853454945,0.16951835740164312,0.633748
6446,0.26658536585365855,0.1745660050007654,0.674416
6447,0.207148092349037,0.18007533040771548,0.70116
6448,0.13383678081355105,0.18758725825381434,0.7512280000000001
6449,0.06436866321918644,0.1930329259580548,0.770574
6450,0.023267539394926505,0.19521081032811147,0.750206
6451,0.00921413738344395,0.20659941572689694,0.726456
6452,0.007770674701738669,0.21684415982038066,0.6923020000000001
6453,0.007770674701738669,0.21936323161708424,0.660226
6454,0.007740135999022761,0.218640416900546,0.561241
6455,0.00753654464758337,0.21820361534928814,0.5467390000000001
6456,0.005337758052037948,0.2128598127264377,0.517677
6457,0.00332220367278798,0.20808184926264223,0.550298
6458,0.002059835498188037,0.20444564219013114,0.511807
6459,0.0011843926869986561,0.19866274174618562,0.500162
6460,0.0004108473472046907,0.19355730468949328,0.47101099999999996
6461,0.0011804226556455882,0.19492301117517993,0.502217
6462,0.015207154200089579,0.1956589656580089,0.527856
6463,0.0697544688301641,0.1830419196815839,0.577401
6464,0.16112382425994545,0.1711402893299995,0.6235470000000001
6465,0.25269972311576205,0.16764944889523908,0.637703
6466,0.33091402337228715,0.17450579170281166,0.67098
6467,0.37192312390569654,0.1804244272082462,0.642464
6468,0.37307168451484174,0.19163570954737968,0.6237159999999999
6469,0.34499928743027,0.19886819411134357,0.599434
6470,0.30299462518832193,0.20685092105934583,0.601142
6471,0.23705973370251232,0.20322338878399754,0.599685
6472,0.14614621930860378,0.194363167831811,0.607788
6473,0.06496345535241663,0.1854092463132112,0.629208
6474,0.021647257624496114,0.1883419018217074,0.6252969999999999
6475,0.00783073415041329,0.20738084910955756,0.6613399999999999
6476,0.00651044423632884,0.227599377455733,0.67097
6477,0.006388289425465206,0.23190022707557278,0.664796
6478,0.006082902398306119,0.23549223095371744,0.7489969999999999
6479,0.0053906918034121905,0.23890487064346586,0.768415
6480,0.0037822183313652837,0.23704623156605595,0.754743
6481,0.0017768435196872838,0.24394371587487879,0.763858
6482,0.0009421189787857812,0.24627053885798844,0.748684
6483,0.0009319394112138116,0.24054644843598516,0.740138
6484,0.0009220652306690012,0.23732631270092366,0.757767
6485,0.001588826906633006,0.24389249630045415,0.808193
6486,0.017497455108107008,0.2483440067357248,0.815859
6487,0.07891058267844782,0.24318792417206714,0.8406819999999999
6488,0.18569658780894988,0.2456381078736542,0.830354
6489,0.2976759029276436,0.2554470709802521,0.807528
6490,0.3771366912333564,0.27024461652293713,0.805555
6491,0.4054359908791075,0.27535573046894934,0.790539
6492,0.40172594568182746,0.27975602132979543,0.802825
6493,0.3802068488130623,0.28188351533397965,0.8172379999999999
6494,0.3263352538784152,0.2834932004898709,0.80027
6495,0.2512837452665011,0.277370005613104,0.8018120000000001
6496,0.156494767702268,0.26842916007552176,0.7958219999999999
6497,0.06834968850523229,0.26798853140786855,0.78498
6498,0.02134746935950161,0.2785039802010512,0.7693800000000001
6499,0.0075029520745958705,0.2985957672092667,0.802481
6500,0.006001465857730363,0.313830688370669,0.833283
6501,0.005899670182010668,0.3177129152421289,0.858664
6502,0.005879311046866728,0.3191574603255601,0.838081
6503,0.0054212305061280995,0.31744763229065676,0.834608
6504,0.004016450181196303,0.31248743430116865,0.772918
6505,0.0022960014658577306,0.30727426391794666,0.801027
6506,0.0012679669367645263,0.3072380338827372,0.8420549999999999
6507,0.0011355307626532024,0.3040703934275654,0.8299689999999998
6508,0.0010846329247933548,0.29999853293871503,0.8340639999999999
6509,0.0015552343336455064,0.3008027376639281,0.753628
6510,0.017374893114540494,0.30570591161912536,0.611258
6511,0.08871096135836148,0.30259063887329696,0.632646
6512,0.20221527749501197,0.29515576363729135,0.739047
6513,0.3085965430188526,0.2896893657192427,0.765961
6514,0.382265768150169,0.2996347017400622,0.782118
6515,0.41807646891160066,0.3078484589477981,0.8018599999999999
6516,0.4223856834561667,0.3097951854875747,0.7925
6517,0.3821494156928213,0.32577958360973625,0.783475
6518,0.31578026385439145,0.3403144613971526,0.778586
6519,0.23102742375503887,0.34552903505638616,0.692118
6520,0.13506107740543183,0.3561161784967087,0.6389239999999999
6521,0.05836892788794332,0.3642702964739501,0.502326
6522,0.019477991774909404,0.3663472725417156,0.40125
6523,0.0072546724215155345,0.36819730060723577,0.359236
6524,0.006266236410277292,0.36538545440628667,0.405451
6525,0.006133800236165967,0.3520635173751084,0.398773
6526,0.005370332668268252,0.3463746364239424,0.41861899999999996
6527,0.0041996823974917545,0.3450535796295352,0.519092
6528,0.002214666720957694,0.3399694468541104,0.658214
6529,0.0012272486664766482,0.32678407409297344,0.7402299999999999
6530,0.0007794494889857078,0.319436648466602,0.790633
6531,0.0006266541797304451,0.3265708399244782,0.801672
6532,0.0006268577710818844,0.344058848293106,0.7982610000000001
6533,0.001284763223258276,0.3616415140072461,0.7914019999999999
6534,0.015945987214463126,0.3611302750420983,0.7693369999999999
6535,0.07709108677063398,0.3560701255294178,0.725337
6536,0.18056608575267724,0.3520244807878756,0.691894
6537,0.2808988558166049,0.35453532428432927,0.68415
6538,0.3622420497577262,0.3535035337041384,0.714929
6539,0.4017919092796938,0.3572032071235393,0.708261
6540,0.4101159452746447,0.35483147930805736,0.691983
6541,0.3910938963312838,0.3539678904934428,0.6887519999999999
6542,0.3471433079522782,0.35404245547787927,0.711172
6543,0.26425516104075897,0.34550428637036285,0.699998
6544,0.1538537806913962,0.3294566132571312,0.6777029999999999
6545,0.05964310436092675,0.3070159973465327,0.65925
6546,0.017000590414919175,0.2914803924070011,0.590585
6547,0.0067518017834602385,0.2748860157166913,0.541555
6548,0.006043303880451158,0.26525399295810587,0.45236000000000004
6549,0.005045604462722424,0.25980526356074907,0.405023
6550,0.0034677714890671446,0.25777357503699544,0.385277
6551,0.002276762083146708,0.2606290503648518,0.373375
6552,0.001767783704548231,0.25828628106342805,0.34769300000000003
6553,0.0008618021906429415,0.2575764147573608,0.331878
6554,0.0006378517040596115,0.2539530923100475,0.30717599999999995
6555,0.0006377499083838917,0.2541286931673215,0.28949600000000003
6556,0.0006377499083838917,0.2572159003929173,0.275334
6557,0.0012906673724500182,0.27163685768229834,0.28418499999999997
6558,0.016195793802679263,0.28060117620043884,0.31632899999999997
6559,0.07810069628242193,0.2815717967035771,0.346694
6560,0.17006952644651652,0.2780021176710721,0.37024
6561,0.26764444806384624,0.28266399193754144,0.389975
6562,0.33690378272730975,0.2958658850844517,0.36563500000000004
6563,0.36938311820513864,0.3030072842782059,0.34079499999999996
6564,0.36560843275377664,0.31233096902587126,0.34378400000000003
6565,0.33314843845433445,0.32241408123692405,0.33156800000000003
6566,0.27636100818437237,0.3271728453334694,0.280565
6567,0.20899537847632232,0.327982408021636,0.279039
6568,0.12182346593916692,0.31933465581466547,0.29740700000000003
6569,0.0495663504214341,0.3053129943358678,0.314525
6570,0.015449122521275296,0.29689531560953203,0.367531
6571,0.005763263976546276,0.29068377812930546,0.393596
6572,0.003975731910908425,0.2817966397918049,0.400668
6573,0.002988313856427379,0.26875357197530236,0.47439500000000007
6574,0.0018380227207948207,0.26759134051130273,0.5231859999999999
6575,0.0010235555193615375,0.2672526407103128,0.599772
6576,0.0007588867624903294,0.2643757335306424,0.622811
6577,0.0006163728164827558,0.2633503214777772,0.643437
6578,0.0006368337473024146,0.261599415726897,0.697966
6579,0.0006061932489107863,0.259483211716079,0.726335
6580,0.0006061932489107863,0.26188715109455524,0.7429279999999999
6581,0.0011432672340078993,0.2600766061131806,0.759617
6582,0.011851357954314102,0.25404258304842575,0.725079
6583,0.05677063398346839,0.23986649742307495,0.690321
6584,0.1426642982206116,0.21743761800275552,0.710104
6585,0.23325888676249032,0.21045364086339746,0.740323
6586,0.31268689686062134,0.22991707914476703,0.740872
6587,0.3462302007410726,0.2470395341123641,0.730448
6588,0.3539649415692821,0.25278142062560593,0.736816
6589,0.33861048902642615,0.2612036918916161,0.741163
6590,0.29218188851337595,0.26860769505536564,0.71226
6591,0.2276878130217028,0.2672062688166557,0.752931
6592,0.13400067185145975,0.2699432311068021,0.753606
6593,0.0523847672950853,0.26459177425116087,0.750488
6594,0.014677205912292846,0.268682004898709,0.7358150000000001
6595,0.0065247974266053185,0.27839548145124254,0.750509
6596,0.005716437965715216,0.28990119661172636,0.756573
6597,0.005003868235677348,0.2953704648670715,0.740124
6598,0.0036194470458894906,0.2968502832066133,0.68453
6599,0.00229610326153345,0.2947611879369291,0.593785
6600,0.0011355307626532024,0.2885532862172781,0.486174
6601,0.0010439146545054767,0.2738247563402561,0.416158
6602,0.0010439146545054767,0.26219395825891717,0.38324400000000003
6603,0.0010439146545054767,0.25271438230341386,0.327263
6604,0.001033735086933507,0.24631129764759915,0.270633
6605,0.001449163239545584,0.2364225391641578,0.25609899999999997
6606,0.011141333116169225,0.22378629382048276,0.23362600000000003
6607,0.05896361822549778,0.20654322090115834,0.217651
6608,0.1544644529500387,0.1873846124406797,0.19018
6609,0.23673327497047922,0.1776183216818901,0.14081300000000002
6610,0.2989126185919622,0.17328213502066642,0.082049
6611,0.3360894173215521,0.17611515793233656,0.061873000000000004
6612,0.34234231849831015,0.1730109838240547,0.047671
6613,0.33720703204527874,0.17559530795529923,0.040117
6614,0.29969369681175945,0.1724456549471858,0.041181999999999996
6615,0.227153182132823,0.16250172220237788,0.04011699999999999
6616,0.13510912496437152,0.15772382252385567,0.035660000000000004
6617,0.05280172238283318,0.14939206256059598,0.03497
6618,0.014462417036524289,0.14648887584834414,0.045554
6619,0.005470194226149273,0.15611298923304587,0.066238
6620,0.004276130949957246,0.16933637801704343,0.098205
6621,0.0030850197483610897,0.1759695999387661,0.189108
6622,0.0010592858015391507,0.17998207633821506,0.278684
6623,0.00010037053625961971,0.18453908761545135,0.30023099999999997
6624,0.00010037053625961971,0.18595339847935907,0.354891
6625,0.00010037053625961971,0.18767413379598918,0.42573600000000006
6626,0.0001004723319353394,0.18181354288921775,0.391581
6627,0.00010037053625961971,0.1790622926978619,0.390251
6628,0.00010026874058390001,0.1783836173904169,0.452611
6629,0.0003821409666517366,0.1783311221105271,0.48231599999999997
6630,0.008511950812329493,0.18314053171403788,0.563196
6631,0.05604350747180259,0.18785470990457723,0.542706
6632,0.13512531047681092,0.1845499311119049,0.5461229999999999
6633,0.21011034651248012,0.1793894473643925,0.543306
6634,0.27548179893318125,0.18536969944379245,0.546103
6635,0.2951890345698115,0.19429689493289787,0.45125699999999996
6636,0.2887683741194673,0.20005428126754093,0.38961999999999997
6637,0.26225660653935423,0.20089790529162627,0.34413900000000003
6638,0.2221832118571603,0.200933943971016,0.343929
6639,0.16394895964819414,0.20198767668520692,0.337129
6640,0.10438342359216579,0.2047879777516967,0.321429
6641,0.04855775886640335,0.21000912129407562,0.369637
6642,0.016251781424325096,0.21046231566056026,0.44613
6643,0.006679425058023534,0.2143368882992295,0.524487
6644,0.005882364917138319,0.21648830178088482,0.53156
6645,0.004701535078789853,0.21701676276981174,0.49095
6646,0.003815912700028503,0.22414406541817633,0.434566
6647,0.0028996498228755245,0.2243866408123692,0.491971
6648,0.0012607394437884278,0.22846743123947538,0.46889699999999995
6649,0.0006499653894702553,0.2267182476909731,0.452467
6650,0.0006194266867543466,0.22715198754911464,0.45031499999999997
6651,0.0002835009568793518,0.22412939480532734,0.460261
6652,0.00026314182173541267,0.22263127009236106,0.45828
6653,0.0005654749786229081,0.21955490636321887,0.46288500000000005
6654,0.008538112300989454,0.21094587181711486,0.4765940000000001
6655,0.04956716478683986,0.1916466168291065,0.49190500000000004
6656,0.132023901624659,0.17346028728887075,0.48570399999999997
6657,0.22354167514963966,0.16387489156503549,0.46628099999999995
6658,0.2948552465491266,0.15518650813900087,0.42361399999999994
6659,0.32464361333930536,0.1438854161351227,0.37265299999999996
6660,0.33309743882079884,0.13770443180078581,0.336588
6661,0.30917637118775193,0.12825681226718375,0.295102
6662,0.2639309418135917,0.12801564014900238,0.269771
6663,0.19155268944175255,0.13348714088891156,0.253583
6664,0.11175913107211204,0.13101303770985354,0.251635
6665,0.04576387475060059,0.13154596366790836,0.277379
6666,0.014547416425750234,0.13919892075317647,0.30068999999999996
6667,0.005792886518180708,0.14598612032453948,0.345794
6668,0.0038464514027444115,0.15334783385212022,0.405491
6669,0.0026452624292520057,0.15119176404551718,0.482363
6670,0.0017494604829186857,0.1550216869929071,0.520582
6671,0.0013524573476118736,0.15439403990406697,0.480792
6672,0.0007009650230058227,0.15550230902689183,0.47168999999999994
6673,0.00011055010383158924,0.151383247435832,0.465062
6674,0.00011055010383158924,0.14599862223809768,0.463521
6675,9.019096868765016e-05,0.14464037862938206,0.45356199999999997
6676,9.008917301193046e-05,0.14653556666836762,0.442201
6677,0.0004981880369721894,0.14867836913813337,0.463467
6678,0.01228969013396311,0.1525989947440935,0.530976
6679,0.06521458528441713,0.14999642802469768,0.584045
6680,0.1597121218290647,0.14450349543297444,0.612775
6681,0.24900443829146138,0.13886098637546565,0.637062
6682,0.3098936235188729,0.1445221207327652,0.655796
6683,0.3207504377214056,0.15425938919222332,0.6709209999999999
6684,0.3129018893277413,0.16545427871613003,0.667834
6685,0.2842051793639806,0.17993468388018571,0.723877
6686,0.23458375748198212,0.1892452926468337,0.7111719999999999
6687,0.17463384095443624,0.1967323442363627,0.707907
6688,0.0992034488374934,0.2017673623513803,0.713794
6689,0.04234374363777027,0.21098146399959178,0.714185
6690,0.013715643959444601,0.21765346736745422,0.7325649999999999
6691,0.006280386009202328,0.22738416594376692,0.7462770000000001
6692,0.00542428437639969,0.2369310991478288,0.708385
6693,0.0043147115110550105,0.2323685385518191,0.663708
6694,0.0030219064294148786,0.22471334898198703,0.6250319999999999
6695,0.0011285068610285434,0.2141619890799612,0.523228
6696,0.0008231198338694572,0.19941917130172984,0.44911900000000005
6697,0.0004464758337065841,0.17926430065826401,0.42143
6698,0.00030396188769901054,0.15968139256008576,0.3487
6699,0.0003038600920232909,0.15466704087360314,0.3162
6700,0.0003038600920232909,0.15169828290044393,0.307815
6701,0.0005364632110427949,0.1480359876511711,0.238929
6702,0.00790117675801132,0.13842093177527173,0.266912
6703,0.05219430758581376,0.13112708577843546,0.2928635
6704,0.1487658292275744,0.11308427310302599,0.2532
6705,0.2492071134818193,0.09995432974434863,0.221189
6706,0.3278038600920233,0.09662575904475174,0.23623900000000003
6707,0.36800490655156975,0.09800045925396744,0.26341400000000004
6708,0.37478612728531296,0.0987985405929479,0.28711200000000003
6709,0.35051060710940996,0.09882826453028523,0.280355
6710,0.296172279001588,0.10414821146093789,0.280241
6711,0.2153193330347327,0.10803158646731642,0.317157
6712,0.12100044790097318,0.11242926213195897,0.39266799999999996
6713,0.04759914898815098,0.12220633260192887,0.482221
6714,0.01384696038112301,0.1327880542940246,0.551701
6715,0.005993322203672787,0.1534725340613359,0.6503969999999999
6716,0.005045604462722424,0.17148147675664643,0.682685
6717,0.004190520786676982,0.18332888962596317,0.7122189999999999
6718,0.0017779632721202005,0.1991420242894321,0.73406
6719,0.0006581090435278309,0.21693977394499162,0.825781
6720,0.0005868520705240441,0.23180780221462466,0.8327979999999999
6721,0.0005054155299482877,0.2488208654385875,0.842151
6722,0.00023066900118082984,0.2591489130989437,0.83975
6723,0.00023066900118082984,0.27309926264224116,0.709174
6724,0.00023056720550511015,0.2849836709700464,0.686288
6725,0.00034325501852681294,0.30240783028014495,0.7074010000000001
6726,0.005775072274929761,0.30745987906312194,0.731455
6727,0.04394906144386986,0.30156975557483284,0.7027680000000001
6728,0.12246091046052365,0.28272139868347196,0.650446
6729,0.21063092959811072,0.2731275833035669,0.6478149999999999
6730,0.2762584999389226,0.27038054294024594,0.623297
6731,0.303131540372165,0.264070776139205,0.603082
6732,0.30149212101469924,0.26114628514568555,0.637591
6733,0.28240003664644325,0.2590652268204317,0.6688129999999999
6734,0.24337737692902808,0.2529371842628974,0.7303390000000001
6735,0.1828482430066371,0.25012597591468083,0.8248650000000002
6736,0.11037023087259253,0.24394129203449508,0.821951
6737,0.046316828861109965,0.24115374802265654,0.8291440000000001
6738,0.01401400708497903,0.25087417716997495,0.8538560000000002
6739,0.00623671566431858,0.26214809664744604,0.84701
6740,0.005605480679180747,0.27162148543144365,0.818958
6741,0.004943808787002729,0.27048910547532784,0.8066150000000001
6742,0.002999511380756546,0.2739751620145941,0.7634059999999999
6743,0.0017372450018323224,0.272922896361688,0.817628
6744,0.0009279693798607435,0.27280974128693175,0.794094
6745,0.0006297080500020359,0.2767815864673165,0.7569229999999999
6746,0.00030406368337473026,0.2783075215594224,0.763837
6747,0.00027342318498310193,0.27789674439965295,0.8188799999999999
6748,0.00027342318498310193,0.28131729346328516,0.8394720000000001
6749,0.0005938759721487031,0.280300364851763,0.8558709999999999
6750,0.009719756504743679,0.27928350002551416,0.861807
6751,0.06235066574371922,0.26747072255957544,0.813214
6752,0.15011044830815587,0.2535187783844466,0.791636
6753,0.23582200008143656,0.2505627136806654,0.786832
6754,0.2948840547253553,0.25849741031790585,0.7778139999999999
6755,0.30863430921454454,0.2638990661835995,0.7696459999999999
6756,0.2920825359338735,0.2694588457416952,0.786575
6757,0.25485158190480073,0.26611228759504013,0.7877770000000001
6758,0.21437110631540374,0.26411325713119355,0.754957
6759,0.16236369559021133,0.26018944226157065,0.709875
6760,0.09965939166904189,0.26384637954789003,0.6693560000000001
6761,0.04240471924752637,0.26881314742052365,0.673608
6762,0.011969746325176105,0.28316285655967754,0.6377430000000001
6763,0.004518404658170121,0.30412135786089706,0.587684
6764,0.0030015472942709395,0.3120933050977191,0.648053
6765,0.0018716152937823202,0.317863129560647,0.597349
6766,0.0016172279001588014,0.319156950043374,0.617285
6767,0.0008434789690133963,0.3142655763637291,0.53056
6768,0.0006093489148580968,0.30883075215594225,0.5537200000000001
6769,0.0005584510769982491,0.30717922386079505,0.535985
6770,0.0002530640498391628,0.3071370617951728,0.582328
6771,0.0002530640498391628,0.298681749757616,0.654608
6772,0.0002530640498391628,0.2944971806909221,0.724633
6773,0.0005846125656582108,0.29424975761596167,0.766798
6774,0.007983427663992834,0.29012093687809365,0.801699
6775,0.051823669530518354,0.2749561157319998,0.8328240000000001
6776,0.13880675108921375,0.254932260039802,0.8646790000000001
6777,0.2327202858422574,0.2552714701229781,0.866516
6778,0.310369314711511,0.27217986171352754,0.837456
6779,0.3559566757604136,0.2840702020717456,0.8843119999999999
6780,0.36085874832037135,0.29208348216563756,0.907812
6781,0.3429101347774747,0.29267598356891367,0.931426
6782,0.3039066126470948,0.28859914782874935,0.9360139999999999
6783,0.22878863145893558,0.28268197938459966,0.904101
6784,0.12485148010912496,0.2701874649180997,0.90071
6785,0.04422818518669326,0.261333431137419,0.9237129999999999
6786,0.011832322162954517,0.26956645149767816,0.907897
6787,0.004844150820473146,0.2846158850844517,0.929984
6788,0.0039483488741398265,0.3005240598050722,0.942651
6789,0.002431593305916365,0.29874642802469764,0.9534590000000001
6790,0.0014747139541512278,0.3057123539317243,0.9585540000000001
6791,0.00075196465654139,0.3159282032964229,0.9042119999999999
6792,0.00024298627794291298,0.3235222865744757,0.8969530000000001
6793,0.00024298627794291298,0.33018727356227995,0.8987790000000001
6794,0.00024339346064579178,0.33284954329744354,0.8976029999999999
6795,0.00024308807361863268,0.3324464203704649,0.900286
6796,0.00024298627794291298,0.33472164106751034,0.8701770000000001
6797,0.0004112545299075695,0.33976884216971986,0.851399
6798,0.008384604422004156,0.34215441138949837,0.8609889999999999
6799,0.06529754876012868,0.340944915038016,0.8692
6800,0.1635400464188281,0.3366612874419554,0.8712549999999999
6801,0.2561239260556212,0.33437037556768895,0.889293
6802,0.32497821572539604,0.3400877685360004,0.9268379999999999
6803,0.3657184738792296,0.3504280629688218,0.922798
6804,0.36942689034569814,0.36106438485482467,0.9205120000000001
6805,0.3461497821572539,0.37443709496351485,0.9015920000000001
6806,0.2909192149517489,0.3768493902127877,0.8722200000000001
6807,0.19945081232949216,0.3732505613104047,0.855033
6808,0.09250213770919012,0.3682937439403991,0.8755709999999999
6809,0.018859277657885094,0.365537454712456,0.8673549999999999
6810,0.0024803534345860987,0.3677190386283615,0.860991
6811,0.0002736267763345413,0.3820394065418176,0.8692880000000001
6812,0.00021254937090272403,0.39432202633056074,0.8647790000000001
6813,0.00016165153304287635,0.39186125427361335,0.8764860000000001
6814,0.00015137016979518712,0.3946218809001378,0.8801559999999999
6815,0.0001514719654709068,0.3915533627596061,0.885882
6816,0.0001514719654709068,0.38657836658672246,0.8645880000000001
6817,0.0001514719654709068,0.3735690411797724,0.818196
6818,0.00014129239789893727,0.3673693677603715,0.795063
6819,0.00014129239789893727,0.35585937898657954,0.7951090000000001
6820,0.00014129239789893727,0.35094178955962646,0.8045190000000001
6821,0.0004185838185593876,0.34696012144716026,0.7844
6822,0.009199275214788876,0.3406405954993111,0.804446
6823,0.0738686428600513,0.3258029928050212,0.777835
6824,0.189992365324321,0.3085110603663826,0.7680239999999999
6825,0.295315566594731,0.2979355896310659,0.775807
6826,0.3667867177002321,0.3042539036587233,0.791568
6827,0.4060009568793518,0.31356451242537126,0.798729
6828,0.40008306527138726,0.3174093611267031,0.789539
6829,0.35315291746406624,0.3143468388018574,0.779101
6830,0.2846990919825726,0.3050479027402153,0.745775
6831,0.1908841972393013,0.28635964688472726,0.703734
6832,0.09092807117553646,0.26675179874470584,0.6339899999999999
6833,0.027210493098253182,0.25069053936827057,0.598441
6834,0.005378578118001547,0.25321847731795677,0.5163270000000001
6835,0.0009861965063724092,0.25561992907077613,0.503506
6836,0.00027352498065882165,0.2625190080114303,0.44983199999999995
6837,0.00014119060222321758,0.26554357809868856,0.417025
6838,0.00014108880654749789,0.2654779430525081,0.363311
6839,0.00021244757522700437,0.2638788462519774,0.32736800000000005
6840,0.0002837045482307912,0.2549007501148135,0.270351
6841,0.00030406368337473026,0.24689257284278202,0.256947
6842,0.00030406368337473026,0.24409188906465276,0.223931
6843,0.00030406368337473026,0.23537805531458894,0.210073
6844,0.00030406368337473026,0.23573059651987546,0.228483
6845,0.0005458284132090069,0.24200687605245702,0.190861
6846,0.009809336699377011,0.24405546767362346,0.189252
6847,0.06856498635937945,0.24452996632137572,0.25015600000000004
6848,0.18071725233112096,0.22575732254936987,0.28321599999999997
6849,0.2932469766684311,0.20821688268612543,0.37857199999999996
6850,0.38239453967995435,0.2076578047660356,0.375825
6851,0.4288375951789568,0.21185481196101444,0.417242
6852,0.4335679384339753,0.2227282874929836,0.462375
6853,0.39773372287145237,0.23491478287492984,0.551612
6854,0.3275511014292113,0.2469423253559218,0.648622
6855,0.22138808583411376,0.2543563428075725,0.741933
6856,0.10692546520623804,0.2737170867989998,0.782898
6857,0.03528991408444969,0.304695170179109,0.857533
6858,0.009734415082047315,0.32767170995560546,0.895818
6859,0.0030730078586261654,0.34049433586773487,0.907107
6860,0.0012406856956716477,0.3481801423687299,0.927336
6861,0.0004772181277739321,0.34274461652293714,0.911515
6862,0.0001717293049391262,0.3358588049191203,0.877867
6863,0.0001717293049391262,0.33005319691789553,0.8227869999999999
6864,0.00017183110061484588,0.31921027453181605,0.824802
6865,0.00017183110061484588,0.3085735699341736,0.7996939999999999
6866,0.0001717293049391262,0.2975293412256978,0.7925690000000001
6867,0.00017183110061484588,0.28467558810021937,0.7656970000000001
6868,0.00017183110061484588,0.27351501505332454,0.657829
6869,0.0003034529093204121,0.26096296627034754,0.529939
6870,0.008451280589600554,0.25002296269837215,0.39961800000000003
6871,0.06440795635001427,0.23991197632290653,0.31215699999999996
6872,0.17325247363491997,0.2232876205541664,0.245887
6873,0.2851912740746773,0.2055463208654386,0.208591
6874,0.363313143857649,0.1955338189518804,0.193389
6875,0.4065114621930861,0.18640257437362862,0.220597
6876,0.4026671484995318,0.18740540643976117,0.204488
6877,0.36712182906470125,0.19364488186967393,0.17808800000000002
6878,0.299860539924264,0.1964410368934021,0.139312
6879,0.19819495907813833,0.20225028065520234,0.1627
6880,0.08324555152897105,0.21026923763841404,0.262194
6881,0.0188040026059693,0.24161517068939128,0.458722
6882,0.003787511706502708,0.26942969587181714,0.637396
6883,0.0008436825603648357,0.2767420395978976,0.717392
6884,0.0006095525062095362,0.2753501173649028,0.726852
6885,0.00025326764119060224,0.2631130402612645,0.680476
6886,0.00011065189950730894,0.25748532938715113,0.709575
6887,0.00011065189950730894,0.252494259325407,0.754762
6888,0.00011085549085874832,0.2429911466040721,0.723779
6889,0.00012103505843071787,0.23487498086441805,0.7881239999999999
6890,0.00011065189950730894,0.23169266979639744,0.8373450000000001
6891,0.00011075369518302863,0.22897056947491962,0.836208
6892,0.00012093326275499818,0.22023205082410577,0.752871
6893,0.00022608819577344357,0.21551914833903146,0.751024
6894,0.007145038478765422,0.2058500663366842,0.6548039999999999
6895,0.057971110387230754,0.1937558044598663,0.5846939999999999
6896,0.15750987418054482,0.17710791192529468,0.515996
6897,0.26136131357139947,0.159901132826453,0.42713500000000004
6898,0.3385403518058553,0.15403843700566414,0.437626
6899,0.3745414104808827,0.15825056131040466,0.449216
6900,0.36445518954354816,0.16172634842067662,0.375044
6901,0.31887709190113606,0.16675862376894424,0.42656700000000003
6902,0.25982094140640905,0.1732503699545849,0.43945300000000004
6903,0.1760215196058471,0.17604410113792926,0.373514
6904,0.08539985341422697,0.17926768127774662,0.338292
6905,0.029441854310028916,0.18295038781446138,0.32195
6906,0.005964921210146993,0.18925556207582794,0.294991
6907,0.0021680443014780735,0.20005753431647702,0.238985
6908,0.0014036605724988805,0.21216761494106237,0.16545
6909,0.001027016572336007,0.22080777670051535,0.124793
6910,0.0009658373712284702,0.22620802929019745,0.13008499999999998
6911,0.0006095525062095362,0.23068396948512523,0.131275
6912,0.00051803819373753,0.23726354799203958,0.11355500000000002
6913,0.0002839081395822306,0.24510996581109354,0.111147
6914,0.0001514719654709068,0.2505327983875083,0.13853600000000002
6915,0.00014139419357465696,0.2514433331632392,0.11536100000000002
6916,0.00014139419357465696,0.2478332142674899,0.139286
6917,0.00025041736227045074,0.2517746976578047,0.136622
6918,0.005975100777718963,0.26036918916160634,0.153257
6919,0.046983386945722544,0.2648754911466041,0.201597
6920,0.1390457673358036,0.26738416594376696,0.27410999999999996
6921,0.24499358687242961,0.2707163086186661,0.330392
6922,0.3293257054440327,0.2803202020717457,0.36675399999999997
6923,0.36824880899059403,0.2908585497780272,0.39614299999999997
6924,0.3754457632639765,0.29097923151502786,0.35951000000000005
6925,0.3360761838837087,0.2863442746338726,0.30950700000000003
6926,0.28128944582434134,0.27671186916364754,0.328553
6927,0.1934361130339183,0.26287072000816447,0.364781
6928,0.09766613054277457,0.2455365617186304,0.42888799999999994
6929,0.034209149395333684,0.2468551308873807,0.5354869999999999
6930,0.008425322692292032,0.2568800071439506,0.534643
6931,0.0029885174477788184,0.26825362300352096,0.6030399999999999
6932,0.0026627712854757936,0.277468872786651,0.619953
6933,0.0025915143124720062,0.2748198703883247,0.639422
6934,0.001889022354330388,0.26815060978721234,0.6315430000000001
6935,0.0015429170568834235,0.2623207633821504,0.5573870000000001
6936,0.0010239627020644164,0.2586559805072205,0.48774399999999996
6937,0.0005964208640416956,0.2510746542838189,0.408254
6938,0.00048434382507431083,0.24131506097872127,0.329697
6939,0.00048444562075003055,0.23495528652344747,0.276471
6940,0.00048434382507431083,0.2281298795734041,0.23716500000000001
6941,0.0005953011116087789,0.22538366841863547,0.208734
6942,0.005963088887984039,0.22377621574730824,0.248597
6943,0.0488525591432876,0.216557827728734,0.257315
6944,0.1350011197524329,0.1954675460529673,0.312925
6945,0.22561128303269679,0.1750302342195234,0.386631
6946,0.3032440245938352,0.16192102107465428,0.39847200000000005
6947,0.3479193981839651,0.1609112364137368,0.361984
6948,0.35318773158516226,0.1605095167627698,0.36064500000000005
6949,0.3234595260393338,0.15651400724600703,0.330486
6950,0.2631839651451606,0.1517888579884676,0.265716
6951,0.17297589478398961,0.14158767923661786,0.22015699999999996
6952,0.0769257705932652,0.1377956447415421,0.19672699999999999
6953,0.023091025693228552,0.13909858651834464,0.198368
6954,0.004921515534020115,0.1505648823799561,0.258981
6955,0.002469257705932652,0.16575866204010817,0.358513
6956,0.0019145730689360317,0.1822487498086442,0.402765
6957,0.0014055946903375545,0.1874564346583661,0.42425100000000004
6958,0.0009779510566391139,0.18836390774098077,0.442351
6959,0.0004587931104686673,0.18978459713221413,0.429777
6960,0.00036727879799666106,0.1898600551104761,0.4132459999999999
6961,0.00036727879799666106,0.18946981680869524,0.414811
6962,0.00028584225742090476,0.18702358779405012,0.452855
6963,0.0002044057168451484,0.1879056105526356,0.481671
6964,0.0002044057168451484,0.19620732765219165,0.531793
6965,0.0003383688260922677,0.2033673521457366,0.57298
6966,0.005625738018648969,0.21426921212430466,0.6488480000000001
6967,0.04771926788550023,0.2186398428330867,0.676105
6968,0.12932957367971007,0.2116934352196765,0.6951430000000001
6969,0.21909350950771614,0.20115808542123795,0.7698619999999999
6970,0.2858589519117227,0.20936578302801448,0.785886
6971,0.3131870190154322,0.2327156580088789,0.792178
6972,0.3019084653283929,0.2534725340613358,0.826859
6973,0.27966753532309946,0.27561106291779347,0.845823
6974,0.2246964452950039,0.2841986018268102,0.8426310000000001
6975,0.14943818966570302,0.28462755778945753,0.864188
6976,0.06798302048128996,0.27734557585344694,0.8950220000000001
6977,0.021412618591962217,0.270765104352707,0.9242319999999999
6978,0.005761228063031882,0.2754459228453335,0.88541
6979,0.002156744981473187,0.286667410828188,0.8826349999999998
6980,0.0009657355755527504,0.28826574220543955,0.85767
6981,0.00038560201962620623,0.27828175230902685,0.89415
6982,0.0001920884400830653,0.2692491835485023,0.9038889999999999
6983,0.00020226800765503483,0.2568926366280553,0.904142
6984,0.0002023698033307545,0.24774161861509417,0.909307
6985,0.0002023698033307545,0.24263024952798898,0.938499
6986,0.0002023698033307545,0.23841978364035313,0.922169
6987,0.0002023698033307545,0.23726724753788847,0.928269
6988,0.00020226800765503483,0.2312963718936572,0.947449
6989,0.0003002972433731015,0.2285625988671736,0.9124709999999999
6990,0.0052464473309173825,0.22076529570852685,0.8745529999999999
6991,0.0392805081640132,0.21580229116701538,0.882963
6992,0.106160674294556,0.21482605755983059,0.88333
6993,0.1758118205138646,0.21715709037097514,0.859411
6994,0.22881855938759724,0.22114079961218552,0.854934
6995,0.2563703733865385,0.22705886105016077,0.859498
6996,0.24373814080377862,0.2307281088942185,0.8158259999999999
6997,0.2190713180504092,0.2263559473388784,0.74722
6998,0.18788326071908468,0.21865043118844726,0.672568
6999,0.12684016042998494,0.20871689544318006,0.6431319999999999
7000,0.051576916812573814,0.20661587232739703,0.66404
7001,0.01421057453479376,0.21571044037352657,0.6677299999999999
7002,0.004928641231320493,0.2240460274531816,0.721137
7003,0.003991103057942098,0.22351597183242333,0.705854
7004,0.0011611832729345657,0.22027842271776293,0.7006720000000001
7005,2.117350054969665e-05,0.21337385824360872,0.731418
7006,2.117350054969665e-05,0.21271565800887887,0.660011
7007,0.0003163809601368134,0.20492773128540084,0.664384
7008,0.00023504621523677674,0.19899672143695463,0.611571
7009,0.00023504621523677674,0.19167047252130429,0.561829
7010,0.00023494441956105702,0.18240661835995306,0.529513
7011,0.00023494441956105702,0.17451357350614893,0.41754699999999995
7012,0.00022476485198908748,0.16697460070418943,0.327988
7013,0.00029083024553116984,0.16449016431086394,0.23369099999999998
7014,0.00468911600635205,0.1554998214012349,0.22778067000000002
7015,0.04039059000773647,0.14649359595856506,0.21500632999999997
7016,0.10783022517203468,0.13504688217584324,0.17396
7017,0.1875482511502911,0.12129994386895952,0.14393399999999998
7018,0.2530159004845474,0.11220225034444047,0.134311
7019,0.2875609756097561,0.11048298208909525,0.11614299999999998
7020,0.28706288936845964,0.11016775526866357,0.088468
7021,0.25932519646565416,0.10902504209828036,0.05215499999999999
7022,0.20808949875809268,0.11657268969740266,0.033169
7023,0.13089091575389877,0.12167455477879269,0.030139999999999997
7024,0.05236267763345412,0.13012986681634942,0.024576
7025,0.015585935909442567,0.13549739756085116,0.028186000000000003
7026,0.0033150779754876013,0.13955273766392814,0.036721000000000004
7027,0.0018818966570300095,0.13709260345971322,0.041939
7028,0.0004262184942383647,0.13584534622646327,0.06210799999999999
7029,0.00024298627794291298,0.13584445323263764,0.087352
7030,0.00024308807361863268,0.13669866561208346,0.09657099999999999
7031,0.00024298627794291298,0.13033142827983876,0.14058
7032,0.00024298627794291298,0.1280549956626014,0.215905
7033,0.00024298627794291298,0.12513133387763434,0.233262
7034,0.00024308807361863268,0.12141743634229726,0.265009
7035,0.00023290850604666314,0.11560723580139816,0.32282299999999997
7036,0.00023280671037094344,0.11497946114201153,0.359128
7037,0.00029897389958874547,0.1067081058325254,0.377566
7038,0.0049925689156724625,0.10394939276419861,0.42853500000000005
7039,0.04250356284865019,0.1007707174567536,0.529778
7040,0.1166513294515249,0.09134070265857021,0.540158
7041,0.19825644366627307,0.08128055314588967,0.545346
7042,0.2633637363084816,0.07645691942644282,0.456088
7043,0.3087373264383729,0.07291760218400775,0.401161
7044,0.3137287756016124,0.06900616165739655,0.32338500000000003
7045,0.2806857974673236,0.06496485431443587,0.227952
7046,0.22608565088155055,0.06321165229371843,0.153167
7047,0.14798597255588583,0.06279915293157115,0.093686
7048,0.06768995073089296,0.06561393325509007,0.097478
7049,0.02567521071704874,0.07299771648721742,0.104163
7050,0.00591911315607313,0.08217896871970201,0.084085
7051,0.002485952196750682,0.09089924478236465,0.097137
7052,0.0017392809153467161,0.09908232127366433,0.133634
7053,0.0015663300622989536,0.10310283461754349,0.21036300000000002
7054,0.0008130420619732073,0.10662996887278665,0.208744
7055,0.0002226271427989739,0.11083042047252127,0.214596
7056,0.00027352498065882165,0.11683943971015971,0.204785
7057,0.0003651410888065475,0.11922488135939176,0.186336
7058,0.0003754224520542367,0.12192816502525897,0.163841
7059,0.00038560201962620623,0.12407651681379804,0.191432
7060,0.00038550022395048657,0.12751639281522684,0.20654499999999998
7061,0.0004387393623518872,0.13504439455018624,0.21724500000000002
7062,0.004790911682071746,0.1434597770066847,0.219873
7063,0.039847510077771896,0.15012667755268663,0.20461
7064,0.11153487519850158,0.1539723554625708,0.190871
7065,0.18719675068203107,0.15307298310965967,0.167882
7066,0.2571367930290321,0.15117281981936012,0.195511
7067,0.2959184005863431,0.15783200234729805,0.240829
7068,0.2959589152652795,0.16551015461550236,0.315357
7069,0.27357374078749136,0.1729112874419554,0.401476
7070,0.21936459139215767,0.18057285553911312,0.45244700000000004
7071,0.13935950160837168,0.1831349823952646,0.493938
7072,0.05307992996457511,0.18400935092105933,0.510653
7073,0.012609837534101553,0.1832826453028525,0.509498
7074,0.002885500223950487,0.18745158697759864,0.487252
7075,0.0016726047477503155,0.19607267694034805,0.47428000000000003
7076,0.0012211409259334665,0.19724332806041742,0.471724
7077,0.0010685492080296428,0.19271833699035568,0.468398
7078,0.0007122643430107089,0.189519569321835,0.42130500000000004
7079,0.0006613665051508612,0.19178381895188037,0.39066999999999996
7080,0.0006613665051508612,0.19669885696790326,0.350162
7081,0.0006613665051508612,0.19898849313670458,0.314927
7082,0.0006614683008265809,0.19718196662754503,0.277807
7083,0.0006511869375788917,0.19250586824513954,0.247337
7084,0.0006511869375788917,0.18699820125529418,0.21417399999999998
7085,0.0007061566024675272,0.18086990355666685,0.20639000000000002
7086,0.004664583248503604,0.18103536255549316,0.195894
7087,0.035411559916934725,0.18047201102209523,0.173384
7088,0.09976301966692455,0.16879152421288973,0.167765
7089,0.17497607801620588,0.1555371357860897,0.197275
7090,0.24033134492446756,0.14937082206460173,0.159371
7091,0.28466305631336786,0.1490253610246466,0.10405900000000001
7092,0.2962045482307911,0.15254911466040721,0.088335
7093,0.27831222769656744,0.15419196815839162,0.094575
7094,0.22617889572050984,0.15669681583915904,0.10251600000000001
7095,0.12983885744533571,0.15599951523192326,0.111404
7096,0.038607842338857445,0.1664703143338266,0.10197200000000001
7097,0.006127183517244188,0.1878552201867633,0.131293
7098,0.0007365935095077161,0.2089591519110068,0.19855799999999998
7099,0.0003400993525795024,0.2141342424860948,0.26970900000000003
7100,0.0002856386660694654,0.21749623666887796,0.272507
7101,0.00026527953092552625,0.2162005664132265,0.25322
7102,0.00026538132660124597,0.21615464101648213,0.213223
7103,0.00026527953092552625,0.2114936597438384,0.192072
7104,0.00026527953092552625,0.19682846864315967,0.20250300000000002
7105,0.00026538132660124597,0.18824284329234067,0.20055100000000003
7106,0.00026538132660124597,0.1892071490534266,0.19174700000000003
7107,0.00026538132660124597,0.190274212889728,0.279206
7108,0.00026527953092552625,0.19096143542378935,0.33458499999999997
7109,0.0003112911763508286,0.1979295300301067,0.314456
7110,0.004323262347815464,0.2024112108996275,0.303037
7111,0.030458487723441507,0.19963195897331223,0.305226
7112,0.08791746406612645,0.18794656069806603,0.32534
7113,0.16281108758499938,0.17693511762004394,0.297155
7114,0.23599281322529417,0.1772097132214114,0.352455
7115,0.29246742538376974,0.18394301423687298,0.45503999999999994
7116,0.31076204242843763,0.1933790248507425,0.463818
7117,0.2872033674009528,0.19691732152880542,0.517193
7118,0.23080734150413287,0.20561125427361332,0.512143
7119,0.14973767254367035,0.20709253967444,0.525968
7120,0.07070096502300582,0.20395704699698933,0.59983
7121,0.029642188199845272,0.21579183038220134,0.725467
7122,0.007866362636915182,0.2338174210338317,0.731392
7123,0.0036157824015635815,0.24922092667244986,0.764084
7124,0.002584185023820188,0.2640411797724141,0.785595
7125,0.0013931756178997517,0.26722521304281266,0.794478
7126,0.0004770145364224928,0.26393484972189624,0.769352
7127,0.0003142432509466998,0.26161472419247844,0.779313
7128,0.0003142432509466998,0.26264740776649487,0.773893
7129,0.0003142432509466998,0.25358696484155735,0.7515689999999999
7130,0.00031434504662241947,0.24260033423483188,0.737409
7131,0.00031434504662241947,0.2448909909680053,0.797499
7132,0.000293782320127041,0.25250338061948263,0.797658
7133,0.00035017712447575226,0.258177909884166,0.812025
7134,0.004716906225823526,0.26904322090115834,0.830385
7135,0.03447585406571929,0.26904947185793743,0.844067
7136,0.1206992344965186,0.25945119150890444,0.848366
7137,0.23733957001506573,0.2526765576363729,0.870142
7138,0.33263762775357303,0.26437522324845636,0.885891
7139,0.3845500631133189,0.27794139409093227,0.8416470000000001
7140,0.38473553483448036,0.28578066795938156,0.7742129999999999
7141,0.351508917301193,0.27568218349747414,0.754892
7142,0.2910741479701942,0.2534818467112313,0.736329
7143,0.1939295166741317,0.22553943205592691,0.766139
7144,0.0915103424406531,0.20252806552023264,0.8228200000000001
7145,0.03300785862616556,0.2111762004388427,0.842442
7146,0.008085223339712528,0.23838030055620762,0.8478700000000001
7147,0.004198053666680239,0.2681062790222994,0.868967
7148,0.002759273586058064,0.2947442848395163,0.87716
7149,0.00196526731544444,0.311957314895137,0.899011
7150,0.0008353353149558207,0.3241881410419962,0.864807
7151,0.000489331813184576,0.3393562790222993,0.852627
7152,0.0003162791644610937,0.3470226310149513,0.827124
7153,0.0003162791644610937,0.3488130836352503,0.813628
7154,0.0003163809601368134,0.34717405725366124,0.8090069999999999
7155,0.00030609959688912417,0.35103236464765014,0.833586
7156,0.00029592002931715463,0.35625178598765117,0.8385540000000001
7157,0.0003336862250091616,0.3653860922590192,0.861167
7158,0.00428478358239342,0.37421754605296725,0.790772
7159,0.04209617655441995,0.36978619176404554,0.746209
7160,0.14540148214503845,0.3540064167984895,0.735011
7161,0.27175760413697625,0.3339583227024544,0.75943
7162,0.3756730730078585,0.3156443588304332,0.7600680000000001
7163,0.4372149721079849,0.3048486375465633,0.7496980000000001
7164,0.4445641109165682,0.3014125886615298,0.743711
7165,0.4110224357669286,0.29676646935755474,0.746263
7166,0.3309259334663464,0.29082238352809103,0.746447
7167,0.21037664400016284,0.28454425422258506,0.7579769999999999
7168,0.09006433486705485,0.2893310838393632,0.8142729999999999
7169,0.030852945966855328,0.31819411134357295,0.746618
7170,0.007496844334052689,0.3423121523702607,0.7038639999999999
7171,0.0036422492772507026,0.36092967035770784,0.70005
7172,0.0023724500183232218,0.3703178420166352,0.6565559999999999
7173,0.0013952115314141455,0.36612045211001687,0.565339
7174,0.0003568956390732522,0.359550441394091,0.6067960000000001
7175,0.0002043039211694287,0.3398247180690922,0.686106
7176,0.0002043039211694287,0.31739339312139614,0.716673
7177,0.0002043039211694287,0.30948023549522885,0.7340409999999999
7178,0.0002043039211694287,0.3058440705209981,0.729839
7179,0.0002043039211694287,0.305725238556922,0.712252
7180,0.0002043039211694287,0.2993886181558402,0.722978
7181,0.0002342318498310192,0.2964656580088789,0.717744
7182,0.0029131886477462444,0.2849505664132265,0.715373
7183,0.031128201474001384,0.27965377353676585,0.711376
7184,0.12485198908750357,0.2621718885543705,0.7196819999999999
7185,0.22245337758052033,0.24598324998724297,0.7305010000000001
7186,0.2949648804918767,0.2354868729907639,0.7198349999999999
7187,0.3294467405024634,0.22567134000102052,0.722
7188,0.32627611059082207,0.2162723886309129,0.727214
7189,0.29439339956838634,0.20249974485890695,0.72721
7190,0.2343218372083554,0.18882450119916314,0.722144
7191,0.15282442281851868,0.17699469306526508,0.705792
7192,0.06451820106681869,0.17049363422972905,0.704071
7193,0.01835752677226271,0.17471596417819055,0.702018
7194,0.0029049431980129486,0.17959139153952133,0.701511
7195,0.0013789242232989944,0.19219204470071952,0.720202
7196,0.0012333564070198299,0.2025790937388376,0.72868
7197,0.0003985300704426075,0.2053968719701995,0.727287
7198,0.0002051182865751863,0.20779436903607698,0.725046
7199,0.00013386131357139952,0.21272095218655918,0.7179139999999999
7200,0.0001339631092471192,0.21270494208297192,0.700903
7201,0.0001340649049228389,0.21217361075674845,0.698429
7202,0.0001340649049228389,0.20533385212022248,0.6829209999999999
7203,0.0001340649049228389,0.20152070469969893,0.668475
7204,0.0001340649049228389,0.19286453283665864,0.633548
7205,0.00016154973736715665,0.1851521278767158,0.614324
7206,0.0030811515126837412,0.18016399193754143,0.613865
7207,0.02967150535445254,0.16822351635454408,0.60817
7208,0.10067246223380429,0.1485209470837373,0.553779
7209,0.189269310639684,0.1257136934224626,0.5036470000000001
7210,0.263822631214626,0.11520711078226259,0.439087
7211,0.30429465776293824,0.11596162677960913,0.392963
7212,0.2989790911682072,0.11862345001785986,0.32063200000000003
7213,0.2654657152164176,0.11782906822472826,0.33737399999999995
7214,0.2067601490288693,0.11383285706995967,0.34046000000000004
7215,0.12862209373345823,0.10733147930805735,0.329138
7216,0.04896748646117514,0.10539744603765883,0.36628
7217,0.010857730363614152,0.11086747971628308,0.339871
7218,0.0009138197809357058,0.12021246874521613,0.345777
7219,0.00020522008225090597,0.13192861152217178,0.305218
7220,8.306527138727147e-05,0.13512814461397152,0.287796
7221,8.296347571155177e-05,0.1347481757411849,0.207765
7222,8.296347571155177e-05,0.13381844159820377,0.165642
7223,8.296347571155177e-05,0.13256563504618052,0.13744099999999998
7224,9.324483895924103e-05,0.13021176710721027,0.12100799999999999
7225,8.316706706299116e-05,0.12845709802520794,0.11590999999999999
7226,8.316706706299116e-05,0.1306169311629331,0.149401
7227,8.316706706299116e-05,0.13713916670919013,0.154009
7228,8.316706706299116e-05,0.1374213527580752,0.179721
7229,0.00011421474815749828,0.13766514007246008,0.17364200000000002
7230,0.00269056150494727,0.13670211001683932,0.21105100000000002
7231,0.024014516063357624,0.1352836531101699,0.262198
7232,0.08388319964167923,0.12709017961932947,0.24623499999999998
7233,0.16734415082047316,0.10721602796346379,0.22344
7234,0.23779714157742582,0.09463017298566107,0.184095
7235,0.2774239586302374,0.09637393478593663,0.139287
7236,0.28136752310761837,0.09732510078073174,0.10111600000000001
7237,0.2607071745592247,0.10242479716283105,0.08239
7238,0.20854259131072111,0.10475225799867326,0.08091999999999999
7239,0.13667016165153303,0.1068777108741134,0.081136
7240,0.06003644285190766,0.10804332295759557,0.08554500000000001
7241,0.018551345738833016,0.12006984487421545,0.110275
7242,0.0033884726576815017,0.13642566464254732,0.128879
7243,0.0007517610651899506,0.1454970148492116,0.14695100000000003
7244,0.000293782320127041,0.15007322549369803,0.15513600000000002
7245,0.0001918848487316259,0.1489542404449661,0.16475399999999998
7246,7.990960543996091e-05,0.14468764351686483,0.154347
7247,8.01131967914003e-05,0.14107592998928406,0.136807
7248,8.01131967914003e-05,0.1363838215032913,0.132963
7249,8.01131967914003e-05,0.1340967367454202,0.11822300000000001
7250,8.01131967914003e-05,0.13245471245598814,0.115199
7251,8.01131967914003e-05,0.13175753941929885,0.11781399999999999
7252,8.021499246711999e-05,0.129673993468388,0.09754000000000002
7253,8.622093733458203e-05,0.1274242230953717,0.07506099999999999
7254,0.0023794739199478805,0.12659035821809458,0.067134
7255,0.025054867869212915,0.13042398071133335,0.072761
7256,0.101131967914003,0.12099900494973719,0.087737
7257,0.1965580846125657,0.10748960300045923,0.105031
7258,0.2621434097479539,0.10215288054294025,0.098152
7259,0.2946644814528279,0.10484213144869112,0.117649
7260,0.2910908424610123,0.10646629586161145,0.135043
7261,0.2563143857648927,0.10882029137112824,0.11160999999999999
7262,0.19575349159167718,0.11501396897484309,0.094768
7263,0.1152717944541716,0.12101348420676633,0.109172
7264,0.040320147400138444,0.12812751951829363,0.11798199999999999
7265,0.009941976464839773,0.14063925600857274,0.150457
7266,0.0031399894132497254,0.15232133744960963,0.18672600000000003
7267,0.0017496640742701252,0.16090077562892277,0.19811600000000001
7268,0.000619630278105786,0.16780699852018163,0.210577
7269,0.0001004723319353394,0.17265149002398328,0.216642
7270,6.993362921943076e-05,0.17264224115936114,0.207346
7271,6.983183354371105e-05,0.17326669898453845,0.17732
7272,6.993362921943076e-05,0.17429204725213046,0.154448
7273,7.095158597662771e-05,0.17132067408276774,0.129713
7274,6.983183354371105e-05,0.16964101648211466,0.120701
7275,9.019096868765016e-05,0.16855883553605144,0.119965
7276,0.00018190887251109573,0.16892177374087872,0.12105900000000001
7277,0.00021244757522700437,0.17013726590804717,0.124925
7278,0.0012586017345983143,0.1718407792008981,0.138374
7279,0.022692190235758785,0.17346334898198704,0.148797
7280,0.09697188403436623,0.16651164719089656,0.152089
7281,0.19395119915306,0.149613716385161,0.164954
7282,0.26687741764729833,0.1346243685257948,0.172099
7283,0.30968514597499897,0.12970295198244627,0.18814199999999998
7284,0.3201892381611629,0.13205343930193397,0.19308699999999998
7285,0.2882832159289873,0.13225091850793488,0.18301499999999998
7286,0.22002117350054967,0.1347970990457723,0.16751
7287,0.12595372368581778,0.14004305505944784,0.162215
7288,0.039884156521030986,0.14894932897892535,0.15030900000000003
7289,0.009416303595423265,0.16728070623054547,0.17341199999999998
7290,0.0021352660938963315,0.18228121651273155,0.22386800000000004
7291,0.0017453886558898978,0.19127698117058736,0.30656300000000003
7292,0.0016619162017997477,0.19612810634280758,0.388351
7293,0.0016476648071989902,0.20438281369597386,0.46804699999999994
7294,0.0016476648071989902,0.21027210797571058,0.500359
7295,0.0016476648071989902,0.20734685155891208,0.5098090000000001
7296,0.00164776660287471,0.21161957187324587,0.473134
7297,0.0016182458569159982,0.2147308261468592,0.419232
7298,0.0016172279001588014,0.21395793999081492,0.380112
7299,0.0016172279001588014,0.22084904577231215,0.366814
7300,0.0016175332871859603,0.22889938510996582,0.347128
7301,0.0016176350828616803,0.23242390416900544,0.388723
7302,0.002878985300704426,0.24282517732305972,0.439
7303,0.020138543914654503,0.2560035974894117,0.536299
7304,0.06899497129361945,0.25677118946777566,0.593396
7305,0.1309370291949998,0.24791957952747867,0.622917
7306,0.17400657600065148,0.24936304026126446,0.6276450000000001
7307,0.18964656541390124,0.2604389702505485,0.578739
7308,0.18242823404861763,0.27174778027249075,0.5577850000000001
7309,0.15010291542815263,0.2819513828647242,0.5865130000000001
7310,0.10817266582515575,0.295608958003776,0.611325
7311,0.05919907162343743,0.30575821554319543,0.6473669999999999
7312,0.026261655604869906,0.3176271240495994,0.690971
7313,0.009924772995643144,0.3306572434556309,0.6983809999999999
7314,0.0018553279856671691,0.349433905699852,0.7173970000000001
7315,0.0006093489148580968,0.36095320712353934,0.730477
7316,0.00037532065637851703,0.3692649385109966,0.703099
7317,0.00037521886070279736,0.3754885951931417,0.645908
7318,0.00036503929313082777,0.3699755064550697,0.645182
7319,0.00037521886070279736,0.36743595958565084,0.568617
7320,0.00037532065637851703,0.36467271776292287,0.531782
7321,0.000376338613135714,0.3607842399346839,0.517962
7322,0.00037521886070279736,0.36084834413430633,0.539431
7323,0.00037521886070279736,0.35363212481502265,0.5721219999999999
7324,0.00037532065637851703,0.35771712507016384,0.581053
7325,0.0003754224520542367,0.3655646272388631,0.596978
7326,0.0016337187996253917,0.3791273536765831,0.603878
7327,0.01578474286412313,0.3924353855181915,0.6628799999999999
7328,0.04911407223421149,0.3920372378425269,0.7169059999999999
7329,0.10147573191090842,0.3927917538398734,0.735153
7330,0.14094629260149028,0.397228274735929,0.776631
7331,0.178124618266216,0.4071183089248354,0.787983
7332,0.19561016328026384,0.41476176200438847,0.829567
7333,0.18348385520583088,0.41564002143185186,0.833046
7334,0.14283246467690053,0.40999783130070927,0.8075700000000001
7335,0.07786768598069954,0.3929581696177987,0.8410619999999999
7336,0.024824707846410683,0.3928216053477573,0.8747809999999999
7337,0.006165662282666232,0.4099898581415523,0.8904650000000002
7338,0.0006673724500183232,0.4248667525641679,0.909286
7339,0.00053809194185431,0.4303922156452518,0.888692
7340,0.0005381937375300297,0.4338618155840178,0.8705060000000001
7341,0.0005279123742823404,0.43195418941674746,0.88908
7342,0.0005279123742823404,0.419984563963872,0.901374
7343,0.0005584510769982491,0.4111353140786855,0.8783869999999999
7344,0.0005687324402459383,0.39961722457519017,0.846943
7345,0.0005696486013274156,0.3913116803592387,0.856441
7346,0.0005686306445702187,0.3860175026789815,0.85024
7347,0.0005584510769982491,0.3759679415216614,0.820608
7348,0.0005484751007777189,0.36606304536408635,0.8294299999999999
7349,0.0005485768964534387,0.3518944864009798,0.7957350000000001
7350,0.0024693595016083716,0.3484652625401847,0.7289800000000001
7351,0.01648794739199479,0.34137131958973316,0.6461359999999999
7352,0.04912262307097194,0.33267668520691945,0.5227069999999999
7353,0.09906877315851625,0.31610635556462724,0.409125
7354,0.14409574901258196,0.30645570750625095,0.328816
7355,0.17858127366749466,0.29520487829769865,0.238583
7356,0.1850833706584144,0.2859017961932949,0.154026
7357,0.16449977604951344,0.27735405929479,0.12503399999999998
7358,0.1261701412923979,0.2748318620196969,0.10425866999999998
7359,0.07953184168736513,0.28422749655559526,0.07515133
7360,0.035523738751577834,0.2949095524825229,0.07766700000000001
7361,0.012364917138319964,0.3100952314129713,0.10565699999999999
7362,0.0018593998126959568,0.3325457340409246,0.14462399999999997
7363,0.0006704263202899141,0.3411851303770985,0.160049
7364,0.0005280141699580601,0.34600531969178955,0.170578
7365,0.0005280141699580601,0.3473080701127723,0.16943000000000003
7366,0.0005280141699580601,0.3529975889166709,0.18638199999999996
7367,0.0005482715094262796,0.3563428075725876,0.219581
7368,0.0005585528726739688,0.357367262846354,0.299227
7369,0.0005595708294311658,0.3501612491707915,0.307303
7370,0.0005585528726739688,0.3455814027657294,0.329742
7371,0.0005585528726739688,0.3412054140939939,0.33851099999999995
7372,0.0005586546683496884,0.3411758177272032,0.445427
7373,0.0005586546683496884,0.34258783232127366,0.491282
7374,0.0015540127855368704,0.3475302980047967,0.4929219999999999
7375,0.018407203062013922,0.35493194111343573,0.490915
7376,0.08100085508367605,0.34903409960708276,0.49955200000000005
7377,0.15958844008306527,0.3472276368831964,0.484872
7378,0.2078766440001629,0.3423555901413482,0.449586
7379,0.23362891404373143,0.3357587896106547,0.41633899999999996
7380,0.23305865466834966,0.33801098382405464,0.390479
7381,0.20382945152489923,0.3363470811858958,0.358323
7382,0.16227625310476812,0.3313535872837679,0.320795
7383,0.0909293945193208,0.32700623819972446,0.255696
7384,0.02784803941528564,0.3280558248711537,0.239749
7385,0.005986603689075288,0.34052565443690364,0.21477399999999996
7386,0.0009666517366342277,0.3511872990763893,0.22052600000000003
7387,0.0007009650230058227,0.3524707863448487,0.263928
7388,0.0006603485483936642,0.35023479359085574,0.256247
7389,0.0005280141699580601,0.3441322013573506,0.299721
7390,0.0005280141699580601,0.3402138720212277,0.351029
7391,0.0005280141699580601,0.33977917538398733,0.385674
7392,0.0005280141699580601,0.33361330815941215,0.37894799999999995
7393,0.0005290321267152571,0.3349001122620809,0.366413
7394,0.0005280141699580601,0.329605998367097,0.36774700000000005
7395,0.0005280141699580601,0.32578270908812573,0.350571
7396,0.0005281159656337799,0.31891284380262286,0.320517
7397,0.0005281159656337799,0.3113982369750472,0.33035600000000004
7398,0.0027625310476810947,0.3087641603306629,0.34788900000000006
7399,0.021455372775764488,0.2997723503597489,0.376967
7400,0.06616698562645058,0.2908273587794051,0.40330900000000003
7401,0.1277826865914736,0.2748494667551156,0.451709
7402,0.181636772669897,0.26213706179517277,0.493696
7403,0.21358249521560327,0.2592342577945604,0.49544799999999994
7404,0.21459027240522824,0.2590186635709547,0.411242
7405,0.18776192027362681,0.25103077001581875,0.358099
7406,0.14725640294800277,0.2416300326580599,0.339779
7407,0.08694460279327336,0.2372585727407256,0.30991199999999997
7408,0.036415367075206644,0.2355256544369036,0.313242
7409,0.011916100004071829,0.23297194723682194,0.3172565
7410,0.0020506738873732645,0.23246753329591266,0.32325199999999993
7411,0.0010572498880247567,0.2315208960555187,0.329362
7412,0.0005280141699580601,0.23022178139511146,0.321411
7413,0.0004465776293823038,0.2234011583405623,0.31322
7414,0.0004160389266663952,0.2156199928560494,0.29873667
7415,0.00042611669856264505,0.21194270806756135,0.28998533
7416,0.0004159371309906755,0.2079114150125019,0.23108199999999998
7417,0.0004160389266663952,0.20312286319334594,0.23250900000000002
7418,0.0004160389266663952,0.19390621013420423,0.21634399999999995
7419,0.0004160389266663952,0.188155010971067,0.21412200000000003
7420,0.00041614072234211484,0.18620675358473235,0.21130500000000002
7421,0.0004163443136935543,0.18303841149155486,0.22717199999999999
7422,0.0022503970031353066,0.18349670867989998,0.20706999999999998
7423,0.018143755853251353,0.17716270347502167,0.19049100000000002
7424,0.06272934565739648,0.16177616471908965,0.158832
7425,0.13095799910419806,0.14505498290554678,0.133946
7426,0.17816828861109982,0.1394665637597592,0.100586
7427,0.20423805936723807,0.14335370209725978,0.079838
7428,0.21046999063479788,0.15153990406694903,0.05919
7429,0.18962376318254004,0.15682598101750267,0.048068
7430,0.1484891485809683,0.16044687962443233,0.04357
7431,0.09371747628160756,0.16559983670970047,0.03395
7432,0.041237835416751495,0.16287142164617036,0.025584
7433,0.013700578199438089,0.15993761800275552,0.024226
7434,0.00333228144468423,0.1551306322396285,0.027991999999999996
7435,0.002261390936113034,0.15582601928866663,0.011337999999999999
7436,0.0019968239749175456,0.16047577435321736,0.012673
7437,0.001538743434178916,0.1628049573914375,0.009273
7438,0.0013758703530274033,0.16468891922232995,0.0108605
7439,0.0013146911519198662,0.16580554421595142,0.014955000000000001
7440,0.001294433812451647,0.16814129713731693,0.029253999999999995
7441,0.001294433812451647,0.17391724498647754,0.042413
7442,0.001294433812451647,0.17630689646374445,0.052969
7443,0.0012945356081273667,0.17954827269480023,0.070894
7444,0.0012947391994788061,0.18306328774812472,0.09707
7445,0.0012947391994788061,0.18158079042710615,0.133244
7446,0.002604544158964127,0.18329336122875953,0.163133
7447,0.018366484791726045,0.18919764504771136,0.20947600000000002
7448,0.07646036076387476,0.1987589937235291,0.245684
7449,0.154322346186734,0.2003662550390366,0.316413
7450,0.2105030742294067,0.2088837577180181,0.40515300000000004
7451,0.23710075735982733,0.22772892534571618,0.43709799999999993
7452,0.2370583085630522,0.2427954533857223,0.47115200000000007
7453,0.20849831019178305,0.256479371842629,0.532462
7454,0.15605429781342892,0.26958488544164927,0.5981489999999999
7455,0.09008428681949589,0.270265729448385,0.603655
7456,0.04268129809845679,0.2733840638873297,0.6464529999999999
7457,0.017738507268211245,0.2791785732510078,0.686214
7458,0.00402754590984975,0.2859289049344287,0.710677
7459,0.002064925281974022,0.2896760345971322,0.718081
7460,0.0017493586872429662,0.2872166020309231,0.714658
7461,0.0012709190113603973,0.28150533244884424,0.6301460000000001
7462,0.0001409870108717782,0.26651751543603613,0.630778
7463,0.0001409870108717782,0.258582627442976,0.683441
7464,0.0001409870108717782,0.24985182681022602,0.661514
7465,0.0001409870108717782,0.2407406108077767,0.645705
7466,0.0001409870108717782,0.2381019416237179,0.618592
7467,0.00014108880654749789,0.231539648925856,0.6305689999999999
7468,0.00014119060222321758,0.23230079859162117,0.611945
7469,0.00018201066818681542,0.23176570393427567,0.575069
7470,0.0012871045237998289,0.22877991529315714,0.532585
7471,0.015086017345983143,0.2211442440169414,0.46998900000000005
7472,0.057720896616311745,0.20589688472725418,0.448884
7473,0.12545869131479295,0.18763809511659948,0.42374699999999993
7474,0.1818213282299768,0.17860571771189468,0.370008
7475,0.22234883342155629,0.1731152727458284,0.282843
7476,0.22731890549289469,0.17626856151451753,0.24662699999999999
7477,0.2080282177613095,0.1804553630657754,0.19109099999999998
7478,0.16353872307504377,0.18365298259937743,0.120477
7479,0.10172502952074597,0.19062713680665405,0.098054
7480,0.05155146789364388,0.19650437566974538,0.094541
7481,0.0200739036605725,0.19944398377302647,0.091189
7482,0.003749643715134981,0.19775622544266977,0.081761
7483,0.001179201107536952,0.19676959483594428,0.089783
7484,0.0005583492813225294,0.1940122850436291,0.12255799999999999
7485,0.0002835009568793518,0.19013911568097158,0.134419
7486,0.0038361700394967226,0.17911995458488547,0.114508
7487,0.0037749908383891855,0.17875401847221517,0.116238
7488,0.0029097275947717743,0.1765025896820942,0.131437
7489,0.0017697178223869052,0.1759368143083125,0.13205300000000003
7490,0.0010469685247770674,0.1722472827473593,0.150679
7491,0.00011044830815586955,0.17451899525437567,0.158125
7492,0.00011055010383158924,0.1776411568097158,0.181577
7493,0.00012072967140355878,0.17623775322753488,0.203955
7494,0.0017133230180381937,0.17479454763484206,0.191347
7495,0.015787593143043285,0.17604072051844666,0.19129200000000002
7496,0.06173225701372206,0.17425977190386283,0.203119
7497,0.13697381815220488,0.17204463693422464,0.223
7498,0.19980882772099842,0.17501754095014543,0.234738
7499,0.2328691111201596,0.19008744960963414,0.218471
7500,0.23682825033592578,0.20780285247742,0.197183
7501,0.20521713017631013,0.21758738582436093,0.19856000000000001
7502,0.15831803005008346,0.22134280757258762,0.20785900000000002
7503,0.08629341585569446,0.2193560238812063,0.24298000000000003
7504,0.024706319475548685,0.22762463642394246,0.293736
7505,0.004845066981554624,0.23974383834260343,0.354191
7506,0.0006662526975854064,0.2500036995458489,0.381119
7507,0.0003139378639195407,0.2556726794917589,0.402256
7508,0.00030375829634757116,0.2619809154462418,0.39077599999999996
7509,0.00029368052445132134,0.26821681890085214,0.329717
7510,0.00029368052445132134,0.26685755472776446,0.32298499999999997
7511,0.0002935787287756016,0.265626116242282,0.300836
7512,0.00021214218819984526,0.25983256365770274,0.28535499999999997
7513,0.00013070564762408894,0.2537376256569883,0.299529
7514,0.00013080744329980863,0.25069372863193345,0.282657
7515,0.00013080744329980863,0.2375929989284074,0.26889300000000005
7516,0.00013090923897552832,0.22573767668520692,0.271353
7517,0.000131011034651248,0.21920867989998466,0.274513
7518,0.0009755079604218414,0.21768146910241365,0.262952
7519,0.014958365568630646,0.21276515538092566,0.23393000000000003
7520,0.07631021214218821,0.20553477573097928,0.20898599999999998
7521,0.16889857078871293,0.19833386487727714,0.197509
7522,0.24410399446231526,0.18907007450119917,0.21993200000000002
7523,0.2862628771529786,0.1928476297392458,0.21544000000000002
7524,0.28972240319231235,0.1965226182578966,0.230665
7525,0.25320483325868315,0.19619036076950555,0.21973099999999998
7526,0.18096227452257824,0.1965934199112109,0.205246
7527,0.08900891730119308,0.19227164872174313,0.210506
7528,0.020874323058756465,0.19572810889421852,0.169724
7529,0.003813876786514109,0.1959181890085217,0.177312
7530,0.00027423755038885947,0.1980366892891769,0.186714
7531,0.00016114255466427786,0.1991640302087054,0.18755
7532,0.000151064782768028,0.19819226157064856,0.232544
7533,0.00014088521519605847,0.19639995917742517,0.283423
7534,0.0001409870108717782,0.19818613818441597,0.339686
7535,0.000151064782768028,0.2020747435832015,0.407
7536,0.000151064782768028,0.20200177323059654,0.47949400000000003
7537,0.000151064782768028,0.20245834821656375,0.531416
7538,0.00012052608005211938,0.20493997805786604,0.53669
7539,0.00011055010383158924,0.20269964790529163,0.5557700000000001
7540,0.00012083146707927849,0.20334853549012605,0.571912
7541,0.00012083146707927849,0.20860705720263303,0.560733
7542,0.0016558084612565659,0.2214199239679543,0.628448
7543,0.015745551528971048,0.2350507092922386,0.672335
7544,0.050637546317032454,0.24668240036740322,0.704821
7545,0.10510271183680116,0.25010186508139004,0.745711
7546,0.15221375055987624,0.2527124049599429,0.822391
7547,0.17849749582637728,0.26088533959279486,0.834614
7548,0.17884441548923,0.2726492575394194,0.8434150000000001
7549,0.15821460564355222,0.2782008725825382,0.858183
7550,0.11286941650718675,0.28785662346277496,0.875073
7551,0.0560502259864001,0.2992494386895953,0.877469
7552,0.017101266338205953,0.31661644639485637,0.862233
7553,0.004267885500223951,0.32956409144256776,0.8576959999999999
7554,0.0003108839936479498,0.3424665765168138,0.8644379999999999
7555,0.00018150168980821696,0.35260301321630866,0.891407
7556,0.00018160348548393665,0.3538921773740879,0.899191
7557,0.00017142391791196709,0.3517484181252232,0.8634860000000001
7558,0.0001715257135876868,0.3435712736643364,0.889451
7559,0.00018160348548393665,0.33536714803286216,0.90333
7560,0.00018160348548393665,0.3356176965862122,0.928695
7561,0.00018160348548393665,0.336818326784712,0.905402
7562,0.00018160348548393665,0.33356629841302243,0.8887200000000001
7563,0.00018170528115965634,0.3324712966270348,0.859626
7564,0.00018170528115965634,0.3329843853651068,0.864117
7565,0.00018170528115965634,0.3355551232331479,0.863431
7566,0.00098263365772222,0.34500414604276164,0.876619
7567,0.008205749419764648,0.34538947287850186,0.8438629999999999
7568,0.03828403029439309,0.33918661019543805,0.8682060000000001
7569,0.09987336617940469,0.3280750880236772,0.832375
7570,0.15866841076591068,0.3210348522733072,0.810554
7571,0.1974794372735046,0.3287744935449304,0.7985760000000001
7572,0.20047793069750394,0.327489028933,0.8312430000000001
7573,0.1792596400504907,0.3237833596979129,0.8565969999999999
7574,0.1446795472128344,0.3308323978159922,0.8779020000000001
7575,0.09382599047192475,0.32993436495381945,0.910977
7576,0.04372969176269393,0.32439716538245644,0.902328
7577,0.015329105419601776,0.331466678573251,0.9036870000000001
7578,0.0027357587849668147,0.3447644409858652,0.8974120000000001
7579,0.0009959688912415002,0.35347629739245806,0.8923169999999998
7580,0.000751659269514231,0.35195004337398583,0.8924529999999998
7581,0.0002835009568793518,0.34999451446649993,0.9012700000000001
7582,0.00018170528115965634,0.33748379854059296,0.8766889999999999
7583,0.00018170528115965634,0.3258803643414808,0.845616
7584,0.0001917830530559062,0.3183500663366842,0.861816
7585,0.00018160348548393665,0.30780489360616425,0.864827
7586,0.00018160348548393665,0.294191840587845,0.859157
7587,0.00018170528115965634,0.2855164055722815,0.860964
7588,0.00018180707683537604,0.2822916772975455,0.8260149999999999
7589,0.00018180707683537604,0.278580139817319,0.766772
7590,0.00046978704344639437,0.2865835331938562,0.665542
7591,0.006728897756423308,0.2884979206000919,0.667471
7592,0.039779917749094014,0.28290229371842635,0.619506
7593,0.0992407060548068,0.26784737459815283,0.61769
7594,0.16033470418176637,0.2539377200591927,0.653242
7595,0.19528706380552954,0.24476354799203962,0.626462
7596,0.19616097968158314,0.24632590447517475,0.579853
7597,0.17592410114418341,0.2521138439557076,0.549204
7598,0.13858351317236045,0.24895557993570447,0.537838
7599,0.0843513579543141,0.248468069092208,0.553296
7600,0.036363349484913876,0.25488480379649947,0.57166
7601,0.010448308155869538,0.2631846711231312,0.541668
7602,0.0009024186652550999,0.27620732765219164,0.4474
7603,0.00018170528115965634,0.2859476578047661,0.417998
7604,0.00018170528115965634,0.2850576618870235,0.42608500000000005
7605,0.0001715257135876868,0.2756499081492066,0.452222
7606,0.0001715257135876868,0.2717038322192172,0.43679799999999996
7607,0.00018170528115965634,0.2674674057253661,0.41706399999999993
7608,0.00018160348548393665,0.27044196815839155,0.40195800000000004
7609,0.00018160348548393665,0.27060532224320055,0.35044699999999995
7610,0.00018170528115965634,0.2653734627749145,0.31628
7611,0.00018170528115965634,0.25494329489207523,0.297402
7612,0.00018190887251109573,0.24896565800887888,0.30524399999999996
7613,0.00018190887251109573,0.2516663902638159,0.270661
7614,0.0007013722057087014,0.260310570495484,0.276193
7615,0.00991622215888269,0.2672405852936674,0.32945599999999997
7616,0.06065688749541919,0.25958137725162006,0.338533
7617,0.1322755405350381,0.24581753584732358,0.322678
7618,0.1986701412923979,0.22838610501607387,0.32911599999999996
7619,0.24604310028909973,0.21456753584732352,0.332068
7620,0.24826061728897753,0.2110994029698423,0.30769
7621,0.21614978215725392,0.21457008725825383,0.300622
7622,0.14719094832851498,0.2211316145328367,0.256399
7623,0.07035262022069304,0.2307470531203756,0.26834600000000003
7624,0.023315281566839038,0.24864067204163903,0.368973
7625,0.005770084286819495,0.28038398734500186,0.39078100000000004
7626,0.00042805081640131924,0.29768618921263457,0.503937
7627,0.00023260311901950406,0.30311731387457264,0.598959
7628,0.00023260311901950406,0.30751607388886054,0.610324
7629,0.00023270491469522375,0.30574807368474766,0.613263
7630,0.00023270491469522375,0.3025002551410931,0.627599
7631,0.0002427826865914736,0.3050937005664132,0.5726359999999999
7632,0.0002427826865914736,0.31403282390161763,0.57602
7633,0.0002427826865914736,0.32491841863550547,0.626007
7634,0.0002427826865914736,0.33207621064448645,0.717834
7635,0.0002428844822671933,0.341609876511711,0.798301
7636,0.0002428844822671933,0.3516045823340307,0.843534
7637,0.00024298627794291298,0.36198455120681733,0.8642419999999998
7638,0.0010041125452990758,0.3685364469051385,0.9052020000000001
7639,0.010874628445783623,0.3632621702301373,0.9163110000000001
7640,0.04437965715216418,0.3513112338623258,0.90771
7641,0.09440663300622988,0.33500255141093027,0.9129799999999999
7642,0.14292458976342684,0.32782205184467006,0.916176
7643,0.16714320615660247,0.31847661631882435,0.8964529999999998
7644,0.16008764607679465,0.31026030770015817,0.9122809999999999
7645,0.14299554134940348,0.30161363984283307,0.9577180000000001
7646,0.11465491265931023,0.28836097361841095,0.9613719999999999
7647,0.06211521234577956,0.2730624585395724,0.9305470000000001
7648,0.023067307300785864,0.268878017043425,0.886069
7649,0.007249989820432427,0.26516992396795425,0.8420970000000001
7650,0.0009329573679710085,0.2599586671429301,0.8104389999999999
7651,0.0006194266867543466,0.2512131321120579,0.66482
7652,0.0005991693472861272,0.23351035872837683,0.521903
7653,0.00053809194185431,0.22023670714905338,0.399408
7654,0.0002428844822671933,0.21361943154564475,0.327295
7655,0.00025296225416344313,0.20896782670816963,0.262052
7656,0.00025296225416344313,0.2009560136755626,0.23077200000000003
7657,0.00025296225416344313,0.19440009950502632,0.224045
7658,0.00025296225416344313,0.1893375899372353,0.20826399999999998
7659,0.00025296225416344313,0.18943951880389856,0.169302
7660,0.0002530640498391628,0.18991816349441237,0.17666800000000002
7661,0.0002530640498391628,0.1850553656171863,0.13474299999999997
7662,0.0009992263528645303,0.18135116344338417,0.139327
7663,0.007589783785984771,0.18331230545491659,0.143409
7664,0.042679771163320966,0.18261385671276215,0.143144
7665,0.10699560242680893,0.18185621523702608,0.170685
7666,0.15946506372409297,0.18955165331428278,0.207959
7667,0.191178793924834,0.20091755115578913,0.313986
7668,0.20347398102528602,0.21304708628871766,0.41019400000000006
7669,0.18843702919499983,0.22801455579935703,0.45611599999999997
7670,0.14575064131275706,0.23837583558707967,0.49117799999999995
7671,0.09100971130746369,0.24442229678011937,0.549444
7672,0.04135469685247771,0.252074616012655,0.638151
7673,0.015003257461623029,0.2644977547583814,0.674068
7674,0.002622765584917953,0.28073563555646275,0.739488
7675,0.0009045563744452136,0.29155865693728633,0.7865129999999999
7676,0.0008027606987255181,0.2886164336378017,0.817665
7677,0.0005075532391384014,0.2747733071388478,0.828656
7678,0.0004770145364224928,0.2535280272490688,0.833477
7679,0.0003547579298831385,0.23747085013012192,0.855721
7680,0.00025296225416344313,0.2308010792468235,0.8759549999999999
7681,0.00025296225416344313,0.23100844517017916,0.8680130000000001
7682,0.00025296225416344313,0.22493238761034853,0.8298119999999999
7683,0.00025296225416344313,0.21516973261213448,0.799613
7684,0.0002530640498391628,0.2088839490738378,0.7433620000000001
7685,0.00025326764119060224,0.21108977139358062,0.688842
7686,0.0006416181440612403,0.21825802418737564,0.59914
7687,0.006387373264383729,0.21808892942797367,0.519483
7688,0.03189126185919622,0.21540618462009495,0.40846000000000005
7689,0.08050266704670385,0.21129484104709909,0.35974500000000004
7690,0.12178346023860905,0.2101072230443435,0.276681
7691,0.14416079644936683,0.21326063938357911,0.22894899999999999
7692,0.1474644733091738,0.2168563428075726,0.156714
7693,0.12965888269066328,0.22752104914017454,0.099784
7694,0.09534865018933995,0.24197715211511966,0.0711
7695,0.04583737122847022,0.2516152982599377,0.062495
7696,0.01298057738507268,0.2564157141399193,0.07958399999999999
7697,0.003146097153792907,0.2681224166964332,0.094996
7698,0.0004423022110020766,0.26864851763024955,0.119368
7699,0.0002907284498554501,0.2664603638311986,0.142823
7700,0.0002632436174111324,0.2613967699137623,0.181248
7701,0.0002632436174111324,0.2613175486043782,0.217611
7702,0.00026314182173541267,0.2554750727152115,0.277017
7703,0.00026314182173541267,0.2503352553962341,0.326613
7704,0.00026314182173541267,0.24508878910037246,0.401931
7705,0.00026314182173541267,0.24035375312547838,0.507285
7706,0.00025296225416344313,0.2362809358575292,0.626442
7707,0.00025296225416344313,0.23103702097259785,0.687469
7708,0.00026314182173541267,0.22494303975098232,0.740371
7709,0.00026314182173541267,0.2212230188294127,0.750266
7710,0.0006875279938108229,0.21696898760014288,0.767597
7711,0.009016857363899183,0.20883604633362243,0.75769
7712,0.04292285923693962,0.19906324947696075,0.74205
7713,0.10799136772669898,0.1854910828187988,0.7227210000000001
7714,0.16988130624211087,0.17995484002653464,0.6933530000000001
7715,0.19749236532432102,0.18125554931877327,0.680734
7716,0.20170070035424892,0.18621810736337188,0.6547139999999999
7717,0.17588002361659685,0.1905428126754095,0.701574
7718,0.13431348996294637,0.199859034546104,0.7215199999999999
7719,0.07852925607720183,0.2110837755778946,0.7360949999999999
7720,0.03525856101632803,0.22563951114966577,0.743355
7721,0.01317806099596889,0.246743123947543,0.783939
7722,0.0035867706339834686,0.2648663060672552,0.848255
7723,0.0019326926992141375,0.27746102719804056,0.897423
7724,0.0010470703204527871,0.2881835867734857,0.9291590000000001
7725,0.00027342318498310193,0.2935447389906618,0.953834
7726,0.0002733213893073822,0.30269371587487875,0.941312
7727,0.0002835009568793518,0.3087598867173547,0.883179
7728,0.0002835009568793518,0.3083399244782364,0.903941
7729,0.0002835009568793518,0.30663009644333317,0.9151290000000001
7730,0.0002733213893073822,0.3063034520589887,0.883127
7731,0.0002733213893073822,0.3069053936827065,0.886234
7732,0.0002632436174111324,0.30197409042200335,0.8894290000000001
7733,0.00027342318498310193,0.29780540388835025,0.890093
7734,0.000626348792703286,0.28839822421799255,0.8805069999999999
7735,0.006850339997556904,0.27147414145022203,0.862561
7736,0.039517793884115804,0.2519629917844568,0.8228
7737,0.10433822631214625,0.22553637036281066,0.756099
7738,0.16372969176269392,0.20275941470633257,0.678669
7739,0.19971456492528195,0.19001467061284888,0.652951
7740,0.20166629341585568,0.1807455860590907,0.602308
7741,0.17328443747709593,0.16533595703423992,0.589197
7742,0.12077374893114542,0.15395060468439048,0.548078
7743,0.06593316095932245,0.14809913507169467,0.510549
7744,0.021421474815749828,0.14573435985099759,0.428183
7745,0.005381530192597418,0.1405810200540899,0.40625500000000003
7746,0.0012016979518710046,0.1401533397969077,0.358939
7747,0.00021224398387556498,0.14014307036791346,0.331748
7748,0.00021234577955128465,0.1359071541562484,0.297828
7749,0.00021224398387556498,0.1292417844568046,0.23617600000000002
7750,0.00021224398387556498,0.12527759350921058,0.169733
7751,0.00021224398387556498,0.12099785681481857,0.10673200000000002
7752,0.00021224398387556498,0.12090370975149257,0.065526
7753,0.00021224398387556498,0.11988684492524364,0.037623000000000004
7754,0.0002223217557718148,0.12097125835587078,0.022506
7755,0.00021224398387556498,0.12461384395570753,0.020373000000000002
7756,0.00021224398387556498,0.1301374572638669,0.016694999999999998
7757,0.00022761513090923896,0.13667806296882173,0.018075
7758,0.0004311046866729101,0.13757896616829107,0.020166
7759,0.00613308766643593,0.13746415267643003,0.03447000000000001
7760,0.03484394722912171,0.13836492830535288,0.064778
7761,0.08991846166374852,0.1348603740368424,0.073213
7762,0.14388146911519198,0.1232011915089044,0.07628099999999999
7763,0.1718968606213608,0.11725136500484769,0.091089
7764,0.1767574005456249,0.11904468796244322,0.07792
7765,0.156959261370577,0.12405674337908863,0.059599
7766,0.11408231198338695,0.13164731846711233,0.06230599999999999
7767,0.05492334785618308,0.140542685104863,0.095745
7768,0.013857750722749296,0.15451312700923608,0.146511
7769,0.0028998534142269635,0.17049478236464768,0.196321
7770,0.0005737204283562034,0.18014173087717503,0.251024
7771,0.0004525835742497659,0.18632430984334336,0.285846
7772,0.0004464758337065841,0.19097285298770222,0.28679299999999996
7773,0.0004463740380308644,0.19346392304944632,0.274925
7774,0.00036493749745510805,0.19055340103077,0.23255599999999998
7775,0.00026314182173541267,0.18381850538347705,0.19041
7776,0.00026314182173541267,0.18247665458998824,0.151581
7777,0.000263040026059693,0.18632756289227945,0.125753
7778,0.000263040026059693,0.184952671327244,0.108821
7779,0.000263040026059693,0.18612791498698783,0.115829
7780,0.00026314182173541267,0.1893390569985202,0.146927
7781,0.0002632436174111324,0.18780157677195486,0.143645
7782,0.0004809845677755609,0.18182387610348524,0.167497
7783,0.005421739484506699,0.17894218502832068,0.200996
7784,0.027848039415285637,0.17189486911261928,0.27808099999999997
7785,0.064959688912415,0.16689065928458435,0.330388
7786,0.10325562930086728,0.16578219880593972,0.326733
7787,0.12774868683578322,0.1686635071694647,0.330937
7788,0.13220112789608698,0.17324852018166045,0.30958800000000003
7789,0.11941721975650475,0.17727866510180126,0.357313
7790,0.08695396799543957,0.1755437056692351,0.355416
7791,0.0499157131805041,0.17875280655202325,0.391527
7792,0.014341992752147887,0.18779864264938512,0.431676
7793,0.0032978745062909732,0.1959786574475685,0.504353
7794,0.0003497699417728735,0.20648071133336737,0.537652
7795,0.0002632436174111324,0.21484997703730163,0.554106
7796,0.0002632436174111324,0.2172224702760626,0.530762
7797,0.0002632436174111324,0.21935449303464813,0.513498
7798,0.00026314182173541267,0.22432381231821194,0.49484700000000004
7799,0.0002733213893073822,0.22720097463897532,0.47064300000000003
7800,0.0002733213893073822,0.23382303413787828,0.46736000000000005
7801,0.0002733213893073822,0.24048464050619997,0.434283
7802,0.00027321959363166254,0.2512236566821452,0.42680200000000007
7803,0.0002733213893073822,0.25857031688523757,0.40854
7804,0.0002733213893073822,0.2672587003112722,0.416943
7805,0.00027342318498310193,0.27877698117058736,0.4343620000000001
7806,0.000528421352660939,0.2867325993774557,0.464668
7807,0.006586078423388575,0.2940006123386233,0.478292
7808,0.03553381652347408,0.2959604786446905,0.50463
7809,0.0857779225538499,0.2908077129152421,0.535524
7810,0.13708874547009242,0.28561036127978773,0.50293
7811,0.16397634268496272,0.2819360106138694,0.5090319999999999
7812,0.16332362881224807,0.2834254605296729,0.48794499999999996
7813,0.14228246264098704,0.29147018676328007,0.415592
7814,0.09604422004153265,0.3031685334489973,0.350562
7815,0.04220581049717008,0.31964356789304493,0.387605
7816,0.010032167433527426,0.3403792034495076,0.45666900000000005
7817,0.0030657803656500672,0.3647261060366383,0.567681
7818,0.0003202491958141618,0.38094918865132416,0.595074
7819,0.0002632436174111324,0.388943269377966,0.5401279999999999
7820,0.0002632436174111324,0.39297303158646724,0.5768509999999999
7821,0.0002632436174111324,0.38999891565035466,0.631988
7822,0.00026314182173541267,0.387484308822779,0.6741159999999999
7823,0.00026314182173541267,0.38763158901872735,0.67611
7824,0.00026314182173541267,0.385381053222432,0.7016650000000001
7825,0.00026314182173541267,0.38498360718477315,0.762877
7826,0.000263040026059693,0.3913323467877736,0.8329060000000001
7827,0.00026314182173541267,0.3933927386844924,0.8823139999999999
7828,0.0002632436174111324,0.3944483211716079,0.911608
7829,0.00026334541308685206,0.4019776623973057,0.9271630000000001
7830,0.0005258764607679466,0.4104512808082869,0.941305
7831,0.007459688912415001,0.41030795529928044,0.9332870000000001
7832,0.045472535526690824,0.40255957544522114,0.9191819999999999
7833,0.11317770471110389,0.3926767489921926,0.936433
7834,0.173457286534468,0.3786082053375517,0.893067
7835,0.21020562726495381,0.3695395341123641,0.882869
7836,0.20889531332708988,0.36771878348726855,0.852145
7837,0.17211114051875076,0.3713899448895239,0.832419
7838,0.11590537073985095,0.37609315201306315,0.8436799999999999
7839,0.0602588664033552,0.38168150737357764,0.8598529999999999
7840,0.02605572295288896,0.385094147063326,0.8422970000000001
7841,0.007740237794698481,0.3842315150278104,0.877006
7842,0.0007966529581823364,0.3805542940245956,0.87831
7843,0.0004159371309906755,0.37481936010613864,0.888655
7844,0.00033450059041491916,0.3599235852426392,0.910163
7845,0.00025296225416344313,0.34409533346940857,0.9050600000000001
7846,0.00025296225416344313,0.3280487447058223,0.889935
7847,0.00026314182173541267,0.3174385747818544,0.8913189999999999
7848,0.000263040026059693,0.3066139587691994,0.889534
7849,0.000263040026059693,0.29936788794203195,0.885832
7850,0.000263040026059693,0.2934630938408941,0.8729970000000001
7851,0.00026314182173541267,0.2844009287135786,0.8715510000000001
7852,0.0002632436174111324,0.2761925932540696,0.8731235
7853,0.00026334541308685206,0.27246632137572074,0.8620540000000001
7854,0.0004728409137179853,0.26562490432209024,0.850785
7855,0.0034171790382344558,0.2607804128182885,0.8449720000000002
7856,0.027960116454253024,0.2499649180997092,0.822414
7857,0.08199936886681054,0.23776706893912333,0.790726
7858,0.14175017305264873,0.22331434658366078,0.742196
7859,0.17341463414634145,0.20783506404041432,0.6805190000000001
7860,0.17809245083268863,0.20117549880083685,0.6324099999999999
7861,0.15740818030050083,0.20641941368576824,0.612926
7862,0.11296306852884888,0.21104371842628977,0.592964
7863,0.06146086974225334,0.21467475889166712,0.553956
7864,0.023772038763793316,0.21894716027963465,0.5198550000000001
7865,0.005258459220652307,0.22156516303515844,0.504362
7866,0.0009676696933914248,0.2282017017910905,0.47264799999999996
7867,0.0007111445905777922,0.23161733938868198,0.417513
7868,0.000650067185145975,0.2346907689952544,0.35047
7869,0.0004159371309906755,0.22800352094708376,0.323676
7870,0.00041583533531495574,0.22062669030974125,0.298313
7871,0.00042601490288692533,0.21460867734857375,0.27170900000000003
7872,0.00042601490288692533,0.20596704852783587,0.23577199999999998
7873,0.0004259131072112056,0.19978440577639434,0.195389
7874,0.000344578362311169,0.19581020054089912,0.16272999999999999
7875,0.0002632436174111324,0.19065182170740416,0.170146
7876,0.00026354900443829144,0.19115942491197635,0.20155700000000001
7877,0.00026354900443829144,0.18407721845180383,0.20836099999999996
7878,0.0003980210920640091,0.18166658161963564,0.200423
7879,0.0035698725518139994,0.17737810634280757,0.203697
7880,0.024965898448633898,0.17191872480481707,0.188142
7881,0.07155503074229407,0.15993226003980202,0.204841
7882,0.12007868805733132,0.15077186559167222,0.185884
7883,0.14655635408607842,0.14642821605347756,0.182037
7884,0.1564196424935869,0.1426213833750064,0.170001
7885,0.1330576367115925,0.14575770526100937,0.150701
7886,0.08981055824748564,0.1511455197224065,0.14409
7887,0.0452326031190195,0.1547843419911211,0.146858
7888,0.013913432957367973,0.15827575649334083,0.175042
7889,0.0016761675964005048,0.16721462468745218,0.22130100000000003
7890,0.00040677552017590296,0.17280482982089096,0.248588
7891,0.0003497699417728735,0.17164566005000767,0.23965299999999998
7892,0.0003497699417728735,0.16597801959483596,0.24642999999999998
7893,0.0003497699417728735,0.16335618972291677,0.271801
7894,0.0003497699417728735,0.16532811144562942,0.280976
7895,0.00035984771366912325,0.1667193958258917,0.278843
7896,0.00035984771366912325,0.16996995713629642,0.273321
7897,0.00035984771366912325,0.18170472521304282,0.27124899999999996
7898,0.00035984771366912325,0.18903932999948977,0.259337
7899,0.00035994950934484303,0.18906688523753637,0.291049
7900,0.0003600513050205627,0.19350582997397564,0.307753
7901,0.00036015310069628236,0.20069385620247998,0.33733199999999997
7902,0.0005440978867217721,0.20920938153799049,0.353177
7903,0.0056975039700313534,0.21601354799203965,0.38548
7904,0.034572559957653,0.22047003367862425,0.400843
7905,0.08750213770919012,0.2252983237230188,0.427432
7906,0.13846217272690256,0.225329259580548,0.453741
7907,0.16750366464432595,0.22723962851456853,0.46883700000000006
7908,0.17322794087707155,0.22774984691534417,0.47055699999999995
7909,0.15087279612362067,0.23246313211205796,0.49254899999999996
7910,0.10591504132904432,0.23502615196203494,0.531142
7911,0.049218921780202776,0.23763337500637857,0.5117440000000001
7912,0.012151349810660043,0.24914349135071695,0.518845
7913,0.0024010546032004563,0.26111069296320866,0.512456
7914,0.00021132782279408772,0.2717834362402408,0.536206
7915,8.510118490166537e-05,0.28026349696382097,0.590518
7916,8.520298057738508e-05,0.28100640404143495,0.612953
7917,8.510118490166537e-05,0.27900718222176857,0.609058
7918,8.510118490166537e-05,0.2775013394907384,0.589292
7919,9.528075247363494e-05,0.28503910037250596,0.577655
7920,9.517895679791525e-05,0.2913349619839771,0.525887
7921,9.517895679791525e-05,0.2974604531305813,0.443449
7922,9.517895679791525e-05,0.3029883400520488,0.445082
7923,9.538254814935463e-05,0.3119825100780731,0.372309
7924,9.548434382507432e-05,0.31390863397458796,0.382462
7925,9.558613950079402e-05,0.32323072409042203,0.40928400000000004
7926,0.00038977564233071377,0.3343571720161249,0.439575
7927,0.006999572458161977,0.34832888962596315,0.535768
7928,0.03253817337839489,0.35390327601163435,0.5935339999999999
7929,0.07265483122276965,0.35376683931213965,0.623007
7930,0.10945590211327823,0.35443958258917174,0.73774
7931,0.13074901258194552,0.3599642802469765,0.8016260000000001
7932,0.14235545014047804,0.36147433280604174,0.8280349999999999
7933,0.13962508652632438,0.35742441445119144,0.763523
7934,0.10134024186652553,0.3543178165025259,0.7233950000000001
7935,0.04953448837493384,0.35728829667806294,0.703875
7936,0.016966488863553078,0.3632281726794918,0.743742
7937,0.0032224439105826785,0.3768673138745726,0.7559809999999999
7938,0.0006164746121584755,0.3908769837219982,0.737507
7939,0.0004108473472046907,0.40130224013879673,0.705403
7940,0.0004108473472046907,0.4111179006990866,0.699937
7941,0.0004108473472046907,0.42191241006276475,0.676891
7942,0.0004108473472046907,0.4223619048834005,0.6588259999999999
7943,0.0004108473472046907,0.4296598331377251,0.6400530000000001
7944,0.0004108473472046907,0.43555397509822935,0.593694
7945,0.000410745551528971,0.43868825585548815,0.519968
7946,0.0004108473472046907,0.4419837219982651,0.4853469999999999
7947,0.0004108473472046907,0.43884995152319234,0.5014649999999999
7948,0.00041094914288041044,0.43825566413226513,0.532227
7949,0.00041094914288041044,0.4407960402102363,0.5968730000000001
7950,0.0006495582067673765,0.45259650711843663,0.6129110000000001
7951,0.00504010749623356,0.4565206409144256,0.5625110000000001
7952,0.029773810008550835,0.45351833188753377,0.51814
7953,0.07906124027851298,0.44410522018676324,0.45303000000000004
7954,0.12414542530233316,0.4463370668979946,0.413817
7955,0.14858758499938923,0.4543409067714446,0.4390530000000001
7956,0.14553463088887983,0.4571334898198703,0.500371
7957,0.1222943727350462,0.453554242996377,0.6316099999999999
7958,0.08772965104442364,0.44317682553452065,0.7504970000000001
7959,0.044128730811515124,0.43855028830943504,0.863917
7960,0.013505130502056274,0.4413869469816809,0.918589
7961,0.002414186245368297,0.43999693830688386,0.8763299999999999
7962,0.0003324646769005253,0.44335510537327133,0.8567030000000001
7963,0.00021743556333726942,0.43952824411899777,0.902007
7964,0.00017671729304939127,0.4331169949482064,0.911869
7965,0.0001563581579054522,0.42663928152268205,0.9478700000000001
7966,0.0001563581579054522,0.4222510460784814,0.949874
7967,0.0001665377254774217,0.41237963718936577,0.968512
7968,0.0001665377254774217,0.39707946369342245,0.899841
7969,0.00016643592980170204,0.39004433076491296,0.851447
7970,0.0001563581579054522,0.38202709598407913,0.848615
7971,0.0001563581579054522,0.37141029239169254,0.8286190000000001
7972,0.00015676534060833096,0.3680326708169618,0.8344369999999999
7973,0.00015666354493261127,0.36350155636066755,0.859808
7974,0.00032930901095321464,0.3655364979333571,0.859618
7975,0.00596614275825563,0.363768178802878,0.8701220000000001
7976,0.034375585325135384,0.350243340817472,0.868405
7977,0.09092114906958754,0.3382583431137419,0.8421850000000001
7978,0.1554171586790993,0.33580216359646886,0.8688290000000001
7979,0.19051549330184453,0.3331520768484973,0.8294819999999999
7980,0.19566900118082986,0.32993079297851713,0.735458
7981,0.16905441996823978,0.3263883502576925,0.720634
7982,0.1212590089173012,0.3121744399653008,0.68355
7983,0.060588175414308394,0.293244182783079,0.706925
7984,0.020108005211938597,0.2887012042659591,0.7722479999999999
7985,0.004243454538051224,0.29129177935398276,0.805362
7986,0.0014613787206319475,0.28701861254273614,0.778324
7987,0.0005330021580683252,0.28269460886870434,0.748261
7988,0.0002786147644448064,0.2763970250548553,0.723908
7989,0.00026843519687283685,0.2729028677858856,0.6739129999999999
7990,0.00026833340119711713,0.2675272363116804,0.642741
7991,0.00020725599576529988,0.2638730417921111,0.603147
7992,0.00013599902276151312,0.26686973771495637,0.575044
7993,0.00012571765951382386,0.26858900597030155,0.504238
7994,0.00012581945518954355,0.2672631014951268,0.43824300000000005
7995,0.00012581945518954355,0.26456530336275963,0.41451800000000005
7996,0.00012592125086526324,0.2596917257743532,0.41568
7997,0.00012592125086526324,0.25677067918558966,0.394342
7998,0.0003178060995968891,0.2580588227789968,0.38234
7999,0.005727126511665784,0.2549250523039241,0.373994
8000,0.03884919988598884,0.2464389957646578,0.319508
8001,0.1158873529052486,0.23368825585548803,0.319122
8002,0.1952385072682113,0.22334572893810278,0.300217
8003,0.2430121340445458,0.2166367938970251,0.250125
8004,0.2510899262999308,0.20768663570954735,0.22508899999999998
8005,0.2189894743271306,0.20383145379394804,0.213954
8006,0.14854645954639847,0.19926200438842678,0.23635100000000003
8007,0.0687544281118938,0.20654296576006528,0.22764099999999998
8008,0.02008367604544159,0.21409150635301324,0.23584700000000003
8009,0.004226251068854594,0.22432948920753168,0.24540299999999998
8010,0.0005879718229569608,0.23014696126958206,0.215408
8011,0.0003426442444724948,0.22875350819002907,0.17387700000000003
8012,0.00034274604014821445,0.22958922284023062,0.146662
8013,0.00032951260230465413,0.22559983670970046,0.12391700000000001
8014,0.0003396921698766236,0.22616427259274377,0.11671600000000001
8015,0.00029887210391302575,0.22313306883706693,0.11329700000000001
8016,0.00019707642819333034,0.21957908098178294,0.11863499999999999
8017,0.00017671729304939127,0.21510849874980864,0.11036900000000001
8018,0.00017671729304939127,0.20694940552125324,0.115415
8019,0.00017671729304939127,0.19790076287186814,0.12896
8020,0.00017681908872511096,0.1875927437873144,0.140869
8021,0.00017681908872511096,0.1863297953768434,0.16076700000000002
8022,0.00042805081640131924,0.18925313823544418,0.19984200000000002
8023,0.0075906999470662494,0.18624770373016278,0.20716400000000004
8024,0.038536076387475054,0.18388567127621577,0.21518099999999998
8025,0.0949938922594568,0.17681698729397355,0.21667200000000003
8026,0.14501221548108637,0.17090836607644025,0.218734
8027,0.1692897715705037,0.16787595040057152,0.21747600000000003
8028,0.17040697911152736,0.16389651477266928,0.21535700000000002
8029,0.14424508326886273,0.1646558784507833,0.21240599999999998
8030,0.10018160348548397,0.1652587130683268,0.21717799999999998
8031,0.045822203672787984,0.17161363984283312,0.24077199999999999
8032,0.015035526690826173,0.1785853064244527,0.26643599999999995
8033,0.0019327944948898572,0.1885171837526152,0.31691499999999995
8034,0.00024593835253878415,0.19376282083992447,0.35855099999999995
8035,0.00017671729304939127,0.19953398479359086,0.405143
8036,0.00017681908872511096,0.20065647803235187,0.426087
8037,0.0001869986562970805,0.20292028116548452,0.44600100000000004
8038,0.0001868968606213608,0.20931870949635148,0.5050650000000001
8039,0.00019707642819333034,0.214802010511813,0.5317860000000001
8040,0.00019707642819333034,0.22100589375924887,0.585884
8041,0.00019707642819333034,0.2263570316885237,0.650784
8042,0.0001665377254774217,0.23157556003469917,0.737722
8043,0.00014617859033348265,0.23434856100423532,0.7672
8044,0.00014628038600920235,0.23767426136653572,0.741628
8045,0.00014628038600920235,0.2456969816808695,0.7232529999999999
8046,0.0004154281526120771,0.2529670357707812,0.790175
8047,0.005532289588338288,0.26151419860182684,0.8293220000000001
8048,0.024209760169388,0.2663005817216921,0.8928159999999999
8049,0.07275835742497659,0.26704112874419556,0.906942
8050,0.1279222484628853,0.2688401285911109,0.870692
8051,0.16570381530192596,0.28053247946114196,0.864467
8052,0.17537348833421554,0.29008732203908766,0.8216129999999999
8053,0.15067449814731873,0.2979635913660254,0.713196
8054,0.10177938841158027,0.30592450375057406,0.6459229999999999
8055,0.04827079685654953,0.3101652676430066,0.5416059999999999
8056,0.01329573679710086,0.31523791906924525,0.469426
8057,0.001510342440653121,0.3169346711231311,0.344988
8058,0.00018995073089295167,0.31439270041332856,0.276341
8059,0.00013599902276151312,0.3123632443741389,0.250866
8060,0.0001361008184372328,0.30122384803796504,0.192855
8061,0.00010556211572132417,0.2872941649232026,0.180841
8062,9.528075247363494e-05,0.2729527478695719,0.15571100000000002
8063,9.528075247363494e-05,0.2613301143032097,0.140855
8064,9.528075247363494e-05,0.24760792468234935,0.1549
8065,9.528075247363494e-05,0.2331344083278053,0.16408699999999998
8066,9.528075247363494e-05,0.2270400443945502,0.18174400000000002
8067,9.528075247363494e-05,0.2159003929172833,0.17771800000000001
8068,9.538254814935463e-05,0.20268453079552995,0.22021800000000002
8069,9.558613950079402e-05,0.1955320329642292,0.23277399999999998
8070,0.0002710818844415489,0.19161682910649588,0.242452
8071,0.003931450791970357,0.18771693371434406,0.28480900000000003
8072,0.02745205423673602,0.18189372097770068,0.388309
8073,0.09008550836760455,0.17945291371128233,0.47846900000000003
8074,0.1583978378598477,0.18310404653773538,0.594986
8075,0.200575247363492,0.1891950936367811,0.7034889999999999
8076,0.21074025815383365,0.19413041536969944,0.723558
8077,0.1945410032981799,0.1957193703117824,0.745799
8078,0.14143531902764772,0.1982444379241721,0.764241
8079,0.07201209332627549,0.20086850028065517,0.7490829999999999
8080,0.022806608575267725,0.21240247231719142,0.726641
8081,0.004889958874547009,0.22548885033423485,0.689737
8082,0.00098599291502097,0.24387374343011683,0.6591899999999999
8083,0.0005024634553524167,0.25741956677042405,0.680994
8084,0.000309153467160715,0.26332703985303874,0.6624760000000001
8085,0.0001869986562970805,0.26817267949175894,0.694013
8086,0.0001889327741357547,0.27563000714395064,0.700629
8087,0.00020114825522211813,0.27859085574322595,0.705134
8088,0.00019911234170772425,0.27480366892891767,0.70194
8089,0.00019911234170772425,0.2691579068224728,0.661659
8090,0.00019911234170772425,0.26654532581517576,0.609836
8091,0.00019911234170772425,0.25675243659743835,0.571614
8092,0.00019921413738344394,0.24883349492269227,0.549686
8093,0.00019931593305916364,0.2431569245292647,0.5383720000000001
8094,0.00025021377091901135,0.24176206817370008,0.49531400000000003
8095,0.0030822712651166575,0.24209821656375977,0.44574600000000003
8096,0.03415122765584918,0.23218911057814973,0.444788
8097,0.10814721690622581,0.21799408072664186,0.45644700000000005
8098,0.1918368011726862,0.2027258636525999,0.483849
8099,0.24444989616841076,0.189349964280247,0.562615
8100,0.2666615090190969,0.1831594759401949,0.579658
8101,0.2352205912292846,0.18211607644027147,0.5744900000000001
8102,0.15541685329207217,0.18716933714344033,0.569739
8103,0.06666069465369112,0.19341219319283565,0.584744
8104,0.01691864489596482,0.20695202071745675,0.553717
8105,0.0035981717496640746,0.21989252181456348,0.508718
8106,0.00043436214829594035,0.23833035668724803,0.4816059999999999
8107,0.00014617859033348265,0.24988199724447624,0.491691
8108,0.0001361008184372328,0.2514434607337859,0.520396
8109,0.0001361008184372328,0.2504933153033628,0.5426880000000001
8110,0.00014617859033348265,0.2453299612185539,0.5514530000000001
8111,0.0001471965470906796,0.24548419400928712,0.591031
8112,0.0001583940714198461,0.24582244731336428,0.6062620000000001
8113,0.0001583940714198461,0.2457772235546256,0.626609
8114,0.0001583940714198461,0.2460203092310047,0.671258
8115,0.0001583940714198461,0.24750529417768025,0.6260190000000001
8116,0.0001584958670955658,0.2501212558044599,0.593197
8117,0.0001584958670955658,0.25732516456600496,0.5935590000000001
8118,0.00023779469848120847,0.26615693728631934,0.6050139999999999
8119,0.003484771366912334,0.2682342322804511,0.6062210000000001
8120,0.028099678325664727,0.2697157090370975,0.673761
8121,0.09611476444480639,0.2613582436087156,0.722821
8122,0.17169754468830165,0.2526678190539368,0.7462770000000001
8123,0.220862514760373,0.24115240853191822,0.77457
8124,0.23335538906307257,0.23279870643465836,0.798978
8125,0.20037664400016283,0.22974785681481857,0.8628039999999999
8126,0.1354475955861395,0.23827894575700362,0.915415
8127,0.0648340730485769,0.25962908863601575,0.9718599999999998
8128,0.023911091656826415,0.2850952951982445,1.010891
8129,0.005521092064009122,0.31042040873603105,1.001673
8130,0.0008262754998167676,0.3309511659947952,1.0155969999999999
8131,0.0003518058552872674,0.3514064652752973,1.023015
8132,0.00034987173744859316,0.3632185411032301,1.012166
8133,0.00034987173744859316,0.37086499209062607,0.9606389999999999
8134,0.00029887210391302575,0.36625542174822673,0.905283
8135,0.00020725599576529988,0.3676184492524367,0.8737189999999999
8136,0.00020725599576529988,0.3708316323927132,0.8058139999999999
8137,0.0002073577914410196,0.3723913736796448,0.758055
8138,0.00020725599576529988,0.3713112976475991,0.761775
8139,0.00020725599576529988,0.3687054778792672,0.761899
8140,0.0002073577914410196,0.3691760856253508,0.763051
8141,0.00020664522171098172,0.36830826593356125,0.764652
8142,0.00027423755038885947,0.3787419841047099,0.7683089999999999
8143,0.0038091941854310027,0.3761765831504822,0.766443
8144,0.025403518058552867,0.37501345869265706,0.775251
8145,0.08423602345372366,0.3725584910955758,0.775837
8146,0.14418451484180952,0.3704065673317344,0.8392580000000002
8147,0.17727788183557966,0.37248118334438945,0.8406959999999999
8148,0.1881035465613421,0.374133540848089,0.889826
8149,0.17023728572010258,0.37793597234270554,0.916507
8150,0.1282882039170976,0.3817140378629382,0.9000540000000001
8151,0.07241907243780284,0.39183440067357245,0.891941
8152,0.032554664277861474,0.40400603408685,0.891466
8153,0.009451423103546562,0.41132749910700617,0.892409
8154,0.0011286086567042631,0.420651757922131,0.8918940000000001
8155,0.0005330021580683252,0.42551174924733376,0.8926470000000001
8156,0.0004822061158841972,0.4293072919324387,0.8797959999999999
8157,0.0004822061158841972,0.42663832474358315,0.863032
8158,0.00034987173744859316,0.41660368934020514,0.860809
8159,0.00013599902276151312,0.4118562790222994,0.907336
8160,0.00014628038600920235,0.4037799790784304,0.982599
8161,0.00014628038600920235,0.3925674210338317,1.018191
8162,0.00014628038600920235,0.3860632367199061,1.020359
8163,0.00014628038600920235,0.3815110731234372,0.982301
8164,0.00014628038600920235,0.38109315201306326,0.9674789999999999
8165,0.00014628038600920235,0.37936718630402605,0.952976
8166,0.00021285475792988314,0.37567019186610195,0.92556
8167,0.0030490858748320367,0.3745589886207072,0.911647
8168,0.023278024349525625,0.36411134357299585,0.9119790000000001
8169,0.07507502341300543,0.35428388273715367,0.936709
8170,0.13288936845962784,0.3483939506046844,0.9269700000000001
8171,0.17082311983386944,0.3431907945093637,0.906143
8172,0.18049574494075488,0.3370852681532888,0.8857809999999999
8173,0.1667722627142799,0.32873322447313363,0.8042279999999999
8174,0.1249235514475345,0.320321286421391,0.8712700000000001
8175,0.07199305753491592,0.3154846405061999,0.8922760000000001
8176,0.031445905777922556,0.3112401770679185,0.870984
8177,0.008137240930005294,0.3185020028575802,0.811051
8178,0.0007010668186815423,0.3222024417002603,0.85157
8179,0.0001157416832932937,0.3281790580190845,0.828679
8180,0.0001157416832932937,0.33226214471602794,0.869877
8181,0.00010556211572132417,0.33753399755064545,0.9129079999999999
8182,9.640050490655157e-05,0.3416297775169669,0.93204
8183,0.0001157416832932937,0.35063836301474727,0.9336540000000001
8184,0.00012592125086526324,0.3586742230953718,0.938342
8185,0.00021753735901298914,0.36831810991478287,0.886366
8186,0.00026843519687283685,0.37830548043067824,0.845783
8187,0.0002786147644448064,0.38687063070878197,0.803067
8188,0.00027871656012052606,0.39508413277542487,0.737189
8189,0.00027871656012052606,0.4029480277593509,0.704652
8190,0.00036422492772507023,0.4156921977853753,0.695096
8191,0.004711205667983224,0.4304330382201358,0.654209
8192,0.03095178956797915,0.4413806960249017,0.6817570000000001
8193,0.08919968239749175,0.4481126575496249,0.719167
8194,0.14785058430717862,0.44590230647548096,0.74916
8195,0.18282462640987013,0.44925715670765926,0.7727950000000001
8196,0.18485046215236775,0.4570943256620911,0.78587
8197,0.16077110224357669,0.4626131550747563,0.7863
8198,0.11573913840140071,0.46431583915905505,0.8284940000000001
8199,0.05425383769697462,0.4659496989335103,0.9693120000000001
8200,0.014299849342399935,0.47112357758840634,1.006527
8201,0.0026138075654546194,0.4726602286064193,1.010664
8202,0.0006756178997516185,0.4679195795274787,1.0113729999999999
8203,0.000583899995928173,0.4657362734091953,1.011317
8204,0.00047304450506942464,0.46842195233964384,1.012192
8205,0.0001472983427663993,0.4696664030208704,1.020709
8206,0.0001472983427663993,0.46149461652293716,1.030543
8207,0.0001676574779103384,0.46037837424095523,0.911862
8208,0.00017783704548230794,0.45956708935041074,0.879417
8209,0.00017681908872511096,0.4643669311629331,0.7586
8210,0.00016663952115314142,0.47018063989386116,0.7499180000000001
8211,0.00016663952115314142,0.4713038985559015,0.774295
8212,0.00016674131682886114,0.4691957314895137,0.8075899999999999
8213,0.00016674131682886114,0.4656139970403634,0.8987950000000001
8214,0.0002515371147033674,0.4690332703985303,0.9994349999999999
8215,0.004995113807565454,0.4618914247078635,1.009317
8216,0.027987194103994462,0.44602407256212684,0.9846950000000001
8217,0.0795069017468138,0.4303179695871817,0.9123610000000001
8218,0.13370719491835986,0.41290318671225185,0.8181579999999999
8219,0.1711895842664604,0.40221443333163237,0.8010079999999999
8220,0.18001730526487236,0.3956146348930959,0.865872
8221,0.1543229569607883,0.38772898913098947,0.9319199999999999
8222,0.10747821572539598,0.3738171021074654,0.9825879999999999
8223,0.05764760372979356,0.3759829948461499,1.005925
8224,0.021982470784641068,0.39016794662448334,0.9688630000000001
8225,0.0055994747343132865,0.4027269480022452,0.950513
8226,0.0005676126878130217,0.40839452467214366,0.9574950000000001
8227,0.00026833340119711713,0.41351463234168495,0.9593529999999999
8228,0.00026843519687283685,0.41975653161198134,0.9550780000000001
8229,0.00026843519687283685,0.42344076899525435,0.926434
8230,0.00026843519687283685,0.41167595805480434,0.925529
8231,0.00028879433201677593,0.40293552584579273,0.9096879999999999
8232,0.00029897389958874547,0.3921882813695973,0.8585430000000001
8233,0.00029897389958874547,0.3682913201000153,0.833117
8234,0.00029897389958874547,0.3445657498596724,0.749346
8235,0.00029897389958874547,0.3235513726590805,0.687888
8236,0.00029907569526446513,0.306414629790274,0.546557
8237,0.00029907569526446513,0.2984539087615452,0.41143199999999996
8238,0.0003399975569037827,0.295767591978364,0.336532
8239,0.003010505313734272,0.28844325662091136,0.318317
8240,0.027306384624781136,0.27960861356330047,0.34784299999999996
8241,0.09960421841280184,0.2679239807113333,0.488245
8242,0.18796764933425622,0.2476702428943206,0.6913789999999999
8243,0.2447255588582597,0.2332047634842068,0.794369
8244,0.2548726536096747,0.23439863244374134,0.854201
8245,0.2279599128629016,0.2456624100627647,0.8623779999999999
8246,0.1614255466427786,0.25799401694136853,0.8801059999999999
8247,0.0809902683334012,0.27857784354748183,0.8538319999999999
8248,0.02910643755853251,0.3145318798795734,0.813539
8249,0.005857933954965592,0.3595101928866663,0.821463
8250,0.0009483285150046826,0.39409297341429816,0.773163
8251,0.00048210432020847754,0.4192019824462928,0.786644
8252,0.0003090516714849953,0.4376516813798031,0.834283
8253,0.00028879433201677593,0.45399168240036747,0.826749
8254,0.0002786147644448064,0.45921760983824045,0.8420860000000001
8255,0.0002886925363410562,0.4602347935908557,0.856497
8256,0.00021743556333726942,0.4615948869724958,0.844807
8257,0.00012581945518954355,0.4578827116395366,0.8323459999999999
8258,0.00012581945518954355,0.44908640353115276,0.7965049999999999
8259,0.00012592125086526324,0.43591327754248105,0.823242
8260,0.00012602304654098294,0.4217977879267235,0.797922
8261,0.00012612484221670263,0.40502136806654077,0.77968
8262,0.00016378924223298995,0.39411076950553653,0.7641849999999999
8263,0.0018284539272771694,0.37901470888401284,0.740502
8264,0.023949163239545584,0.3569297596570903,0.6499490000000001
8265,0.07855450140478032,0.3369014389957646,0.571789
8266,0.13627366749460482,0.3170579680563351,0.516578
8267,0.16148133067307302,0.3066736617849671,0.5118159999999999
8268,0.16312604340567613,0.3055278231361943,0.511129
8269,0.14230923490370131,0.3054292111037404,0.515123
8270,0.098207072763549,0.3098957110782262,0.484038
8271,0.05179221466672095,0.31591761494106235,0.45600100000000005
8272,0.02061199560242681,0.3235581338980456,0.43418
8273,0.004963149965389471,0.3267211180282697,0.42634799999999995
8274,0.0006592287959607476,0.3269226157064857,0.452254
8275,0.0003802068488130624,0.3251335663621983,0.449891
8276,0.0003192312390569649,0.3190578915140072,0.452635
8277,0.0002786147644448064,0.31199469306526506,0.45979899999999996
8278,0.00012592125086526324,0.3038077256722967,0.43666399999999994
8279,0.0001563581579054522,0.2993667398071134,0.483522
8280,0.00014617859033348265,0.2927718528346175,0.46735699999999997
8281,0.0001563581579054522,0.29138267336837265,0.494305
8282,0.0001563581579054522,0.290802673878655,0.481343
8283,0.00014617859033348265,0.290472457519008,0.464659
8284,0.00014638218168492204,0.2914164795631985,0.510563
8285,0.00014638218168492204,0.2931837781293055,0.47557800000000006
8286,0.00014404088114336903,0.2901281446139715,0.5270199999999999
8287,0.0014479416914369475,0.29103083380109196,0.521437
8288,0.011682580723970847,0.2989505408991172,0.528265
8289,0.04321837208355389,0.30803394652242694,0.533942
8290,0.08223176839447861,0.3110139307036791,0.5431699999999999
8291,0.11697330917382631,0.3222148798285452,0.5745939999999999
8292,0.13377234415082048,0.3358943333163239,0.6370389999999999
8293,0.11203733865385401,0.3407777338368117,0.695286
8294,0.08026283643470825,0.3468069730060724,0.7513110000000001
8295,0.034067755201759024,0.3578644690513854,0.816326
8296,0.007945254285597947,0.37367747614430785,0.8062189999999999
8297,0.0009095443625554786,0.3926694136857683,0.801685
8298,0.00015727431898692945,0.40712883349492274,0.8841319999999999
8299,0.00011553809194185432,0.41957767770577126,0.912615
8300,0.00011553809194185432,0.4282963591366025,0.907316
8301,0.00012581945518954355,0.43948876103485224,0.8917279999999999
8302,0.00012581945518954355,0.4455485533500026,0.890818
8303,0.00012571765951382386,0.456017375108435,0.8835119999999999
8304,0.00011553809194185432,0.46785923865897844,0.889541
8305,0.00011553809194185432,0.48084572893810273,0.91196
8306,0.00011553809194185432,0.4872655253355105,0.8888849999999998
8307,0.00011553809194185432,0.48961786242792255,0.863548
8308,0.0001157416832932937,0.4919930346481603,0.794953
8309,0.0001158434789690134,0.49686265754962505,0.771401
8310,0.0001317236043812859,0.5058959917334286,0.760673
8311,0.001872633250539517,0.5055505306934733,0.726621
8312,0.014973736715664317,0.49857101852324326,0.708496
8313,0.045576061728897756,0.4839660407205185,0.701271
8314,0.08400932448389593,0.4702930295453385,0.717866
8315,0.10778075247363494,0.4634433204061846,0.7449070000000001
8316,0.10970611588419724,0.46007277899678517,0.624671
8317,0.09514302292438616,0.45993277032198815,0.558206
8318,0.06817368378191294,0.45519837219982645,0.519618
8319,0.03442485443218372,0.444767630249528,0.47663900000000003
8320,0.011772160918604177,0.43439729295300306,0.468786
8321,0.002227696567449815,0.42252736388222684,0.46194300000000005
8322,0.00015717252331120973,0.4110988926876563,0.45782399999999995
8323,0.00010525672869416506,0.40981655355411545,0.4560969999999999
8324,0.00010535852436988478,0.4118456268816656,0.473307
8325,0.00010535852436988478,0.4119954584885442,0.5017769999999999
8326,0.00010535852436988478,0.4165988416594377,0.517896
8327,0.00015615456655401278,0.423364736949533,0.523857
8328,0.00017651370169795188,0.4266556105526357,0.590286
8329,0.00016633413412598232,0.4288178037454713,0.6000810000000001
8330,0.00016633413412598232,0.43281120834821657,0.564882
8331,0.00016643592980170204,0.4379437541460428,0.636857
8332,0.0001665377254774217,0.4348405368168597,0.750649
8333,0.00016663952115314142,0.436920191866102,0.827842
8334,0.0001317236043812859,0.44308102005408995,0.829635
8335,0.0018988965348751983,0.45074928560493954,0.8573959999999999
8336,0.019776354900443827,0.4629165816196357,0.8703649999999999
8337,0.06665580846125657,0.4712281854365463,0.874195
8338,0.12498076061728898,0.48163570954737966,0.8697959999999999
8339,0.1601781424325095,0.49449526713272435,0.880654
8340,0.17191864489596484,0.5039978057865999,0.891642
8341,0.15354350747180262,0.5081789304485379,0.8792279999999999
8342,0.11288173378394886,0.5065199392764198,0.890961
8343,0.05325583289221874,0.5046280680716436,0.924406
8344,0.013572417443706991,0.5008387125580446,0.9263239999999999
8345,0.0017065027077649744,0.492826006531612,0.9486530000000001
8346,0.00021926788550022394,0.4968681430831249,0.9777239999999999
8347,0.00017651370169795188,0.49864705056896474,0.9977969999999999
8348,0.00017651370169795188,0.4949287518497729,0.9652210000000001
8349,0.00017661549737367157,0.4944178955962648,0.9149889999999999
8350,0.00017661549737367157,0.48967877736388216,0.9470649999999999
8351,0.00016633413412598232,0.48749132520283717,0.95255
8352,0.00016633413412598232,0.47056756136143296,0.95596
8353,0.00016633413412598232,0.44553184160840953,0.956092
8354,0.00017651370169795188,0.4318330611828342,0.941066
8355,0.00017651370169795188,0.4263671735469714,0.9920479999999999
8356,0.00017671729304939127,0.4250462443231107,0.9932710000000001
8357,0.00019707642819333034,0.43930997091391544,0.985718
8358,0.0003233030660857527,0.437621510945553,0.9800840000000001
8359,0.004871126674538866,0.45219682859621363,0.9707790000000001
8360,0.02888564273789649,0.4671920447007194,0.934631
8361,0.08062095362189015,0.4744663086186663,0.8836959999999999
8362,0.14762490329410807,0.4681419987753228,0.85015
8363,0.2027923571806669,0.46333603357656783,0.7644799999999999
8364,0.21127366749460483,0.46246192019186616,0.764379
8365,0.1851534060833096,0.446190488340052,0.8869759999999999
8366,0.12339396962417036,0.430310060213298,0.96255
8367,0.05451626694898,0.4188974715517681,0.9936860000000001
8368,0.015596420864041697,0.4125469459611165,0.978706
8369,0.0016779999185634596,0.4136564270041332,0.964777
8370,0.00032920721527749503,0.4045892866255039,0.9410639999999999
8371,0.0001846573557555275,0.39821318314027654,0.9524529999999999
8372,0.00017651370169795188,0.39402982599377456,0.9529630000000001
8373,0.00017661549737367157,0.38226775782007455,0.9548909999999999
8374,0.0001867950649456411,0.3638791013930704,0.9656819999999999
8375,0.00017651370169795188,0.3507422054396081,0.9718530000000001
8376,0.00018669326926992142,0.34034067714446087,1.000929
8377,0.00018669326926992142,0.3304919120273512,0.968208
8378,0.00017651370169795188,0.3201838291575241,0.958822
8379,0.00017651370169795188,0.3098106853089759,0.9652
8380,0.00017671729304939127,0.30370018370158697,0.968606
8381,0.00017671729304939127,0.29709649436138186,0.993231
8382,0.00022965104442363292,0.29893740113282646,0.949792
8383,0.004511889734924061,0.30140391386436693,0.8884290000000001
8384,0.026529581823364148,0.3018624024085319,0.8742409999999999
8385,0.07442587238894091,0.29480194672653975,0.854693
8386,0.12344680157986891,0.278958960555187,0.803731
8387,0.15089417321552182,0.2609158927386845,0.799403
8388,0.16589315525876464,0.2451008445170179,0.818049
8389,0.14737448593183763,0.23192472062050312,0.81223
8390,0.09246253919133517,0.22513146144818083,0.777015
8391,0.03778930331039537,0.22527555238046643,0.710778
8392,0.010710737407874914,0.23141679848956476,0.6895889999999999
8393,0.001398061810334297,0.24933433688829923,0.6515350000000001
8394,0.00018669326926992142,0.2610879216206562,0.5978289999999999
8395,0.0001357954314100737,0.27320017094453236,0.48054300000000005
8396,0.0001357954314100737,0.275942172271266,0.364424
8397,0.0001358972270857934,0.27563211205796817,0.300304
8398,0.0001358972270857934,0.26775080369444315,0.2151
8399,0.0001357954314100737,0.26683739858141553,0.15112
8400,0.0001357954314100737,0.2554977802724907,0.13074000000000002
8401,0.0001357954314100737,0.25682706536714806,0.092453
8402,0.0001357954314100737,0.25898881206307084,0.07469100000000001
8403,0.0001357954314100737,0.26230704954840034,0.054837000000000004
8404,0.00013599902276151312,0.26909654538960043,0.06869249999999999
8405,0.00014628038600920235,0.2740512578455886,0.097516
8406,0.00017681908872511096,0.275373080063275,0.15360700000000002
8407,0.003239647379779307,0.2829439455018626,0.23294600000000001
8408,0.021802088847265772,0.28800224524161866,0.277001
8409,0.06971130746365896,0.2830472776445374,0.296381
8410,0.12980546846369967,0.27354754554268507,0.325243
8411,0.17690327374893114,0.2621758432413125,0.4098129999999999
8412,0.190581049717008,0.25024589222840227,0.520329
8413,0.16285699743474896,0.24197153901107313,0.553679
8414,0.10449102162140153,0.2421292799918355,0.550722
8415,0.05032554257095159,0.2545354518548758,0.531783
8416,0.019306771448348876,0.2774341098127264,0.534537
8417,0.005189034569811474,0.2908933127519518,0.534876
8418,0.0005552954110509385,0.30584968362504467,0.540386
8419,0.00017651370169795188,0.3184911593611267,0.544625
8420,0.0001867950649456411,0.3277136168801347,0.476199
8421,0.0001867950649456411,0.3344289304485381,0.40672200000000003
8422,0.0001867950649456411,0.332434747665459,0.49496999999999997
8423,0.00018669326926992142,0.3409562050313823,0.607665
8424,0.00018669326926992142,0.348607312343726,0.684126
8425,0.00018669326926992142,0.3550110348522733,0.723546
8426,0.00018669326926992142,0.3581870311782416,0.7647809999999999
8427,0.00018669326926992142,0.34430576108588046,0.8574440000000001
8428,0.0001868968606213608,0.3356510562841251,0.914183
8429,0.0001868968606213608,0.3270853957238353,0.922768
8430,0.00021743556333726942,0.3183805556973006,0.8828460000000001
8431,0.00318182743597052,0.30328181609430016,0.820533
8432,0.019610224357669286,0.28782855794254225,0.744616
8433,0.059790606295044596,0.2754234704291473,0.6704220000000001
8434,0.12279133922390975,0.2617452288615605,0.684707
8435,0.1785703815301926,0.25564365719242743,0.609533
8436,0.19632945152489925,0.2526933969485125,0.511858
8437,0.17466845148418098,0.24730003316834212,0.48550599999999994
8438,0.12682407671322124,0.24286051436444353,0.47003900000000004
8439,0.06354574697666844,0.24793654641016483,0.402464
8440,0.01983132456533247,0.25929402459560136,0.36202199999999995
8441,0.002351989087503563,0.27778512017145485,0.405407
8442,0.00025805203794942793,0.3015565520232689,0.47762899999999997
8443,0.00011543629626613461,0.3222856814818595,0.505425
8444,0.00011553809194185432,0.33624445068122677,0.56724
8445,0.00011553809194185432,0.3509699188651325,0.573198
8446,0.00011553809194185432,0.35756856916875024,0.649661
8447,0.00011543629626613461,0.3621689544318008,0.750703
8448,0.00011543629626613461,0.3629227687911415,0.780033
8449,0.00011543629626613461,0.36587660101035874,0.8101389999999999
8450,0.00011543629626613461,0.36437522324845634,0.8571380000000001
8451,0.00011543629626613461,0.3600817727203143,0.902175
8452,0.00011563988761757401,0.36492352145736595,0.892149
8453,0.00011563988761757401,0.37484487421544116,0.8911490000000002
8454,0.00013599902276151312,0.38974715517681274,0.911499
8455,0.0023041451199153056,0.40022815992243704,0.9246619999999999
8456,0.01460605073496478,0.40060072970352606,0.941768
8457,0.057991062339671814,0.39252876715823853,0.960413
8458,0.11394061240278515,0.38395940705209985,0.959158
8459,0.15627478724703775,0.37183102005408986,0.944371
8460,0.16231717496640743,0.3553888988110425,0.931335
8461,0.1408875564966,0.3533819589733122,0.928383
8462,0.09338623315281566,0.3623152778486503,0.912335
8463,0.039097886721772064,0.37626046078481407,0.9028029999999999
8464,0.007614927317887537,0.39416441292034493,0.919236
8465,0.0013961276924956232,0.41097935908557437,0.9021889999999999
8466,0.00017661549737367157,0.41686316783181104,0.883661
8467,8.489759355022599e-05,0.41825317650660815,0.9158430000000001
8468,7.481982165397613e-05,0.40112517222023775,0.934673
8469,7.492161732969582e-05,0.38927712149818855,0.944631
8470,8.499938922594568e-05,0.38837959891820184,0.9412210000000001
8471,8.499938922594568e-05,0.3877310940450069,0.8967430000000001
8472,8.499938922594568e-05,0.3756951956932183,0.892495
8473,8.499938922594568e-05,0.3703829029953564,0.8905540000000001
8474,8.499938922594568e-05,0.3651525743736285,0.8872529999999998
8475,7.481982165397613e-05,0.3640924631321121,0.917939
8476,8.520298057738508e-05,0.3674667040873603,0.933888
8477,8.520298057738508e-05,0.3786492830535287,0.937898
8478,7.502341300541553e-05,0.3986608919732612,0.945376
8479,0.001549737367156643,0.42326631627289885,0.9432869999999999
8480,0.017962661346146016,0.44236847476654595,0.929485
8481,0.06984974958263772,0.45712698372199834,0.927268
8482,0.12003695183028623,0.4539254095014543,0.9107939999999999
8483,0.1383569159982084,0.4526618232382508,0.90869
8484,0.1424684433405269,0.45431226718375256,0.914359
8485,0.11134553524166294,0.45466589273868446,0.9191360000000001
8486,0.06805061280996783,0.4489463310710824,0.910177
8487,0.02703581171871819,0.4434482318722254,0.91612
8488,0.006194877641597786,0.4444339694851252,0.9246059999999999
8489,0.0004178712488293497,0.4396977853753125,0.9458709999999999
8490,0.00016134614601571727,0.4448285451854876,0.9595899999999999
8491,0.00011645425302333157,0.44305684543552587,0.9430700000000001
8492,0.00011553809194185432,0.43659782109506545,0.934124
8493,0.00011563988761757401,0.4235086365259989,0.962648
8494,0.00011563988761757401,0.4111760728682962,0.947434
8495,0.00011553809194185432,0.40073282900443946,0.940477
8496,0.00011553809194185432,0.39013280093891917,0.9334819999999999
8497,0.00010535852436988478,0.3803303439301933,0.9278390000000001
8498,8.499938922594568e-05,0.36104697147522585,0.90159
8499,8.510118490166537e-05,0.34405750880236774,0.887645
8500,8.520298057738508e-05,0.33103848803388275,0.878717
8501,8.520298057738508e-05,0.317361011889575,0.8717560000000001
8502,0.0001157416832932937,0.31055493187732813,0.85088
8503,0.0017695142310354657,0.31118774557330203,0.8092159999999999
8504,0.01168115558451077,0.31715874878807976,0.77993
8505,0.05139673846654994,0.3228084017961933,0.7282400000000001
8506,0.10520318416873653,0.3173572485584528,0.7351620000000001
8507,0.14764577140763058,0.3069251033321427,0.730655
8508,0.15629993077894053,0.29845684288411484,0.7150629999999999
8509,0.13519025611792013,0.28792347042914723,0.7301770000000001
8510,0.09777790219471476,0.2861691202735112,0.696561
8511,0.050050185268129814,0.2909151273154054,0.70005
8512,0.013894702553035545,0.3055849747410318,0.684433
8513,0.0017768435196872838,0.3244980736847477,0.7146379999999999
8514,0.0002835009568793518,0.3287635862632035,0.762025
8515,0.00016633413412598232,0.33140946318314024,0.78346
8516,0.00014617859033348265,0.33409086850028064,0.768073
8517,0.00010546032004560448,0.33109965811093534,0.681128
8518,0.0001563581579054522,0.3295681737000561,0.652421
8519,0.000278411173093367,0.333063351533398,0.623532
8520,0.0001562563622297325,0.3226352885645762,0.6212310000000001
8521,9.517895679791525e-05,0.3262773638822269,0.554874
8522,8.499938922594568e-05,0.32286032300862383,0.591607
8523,8.510118490166537e-05,0.31445623054549166,0.520039
8524,8.530477625310476e-05,0.31526145583507686,0.5111760000000001
8525,8.530477625310476e-05,0.3079230239322346,0.462392
8526,0.0001158434789690134,0.3026265499821401,0.42388600000000004
8527,0.0023009894539679954,0.3078140149002398,0.40408
8528,0.012431084327537765,0.3147508547226616,0.41246000000000005
8529,0.047367767417240116,0.3211078864111854,0.42588600000000004
8530,0.09801386457103302,0.322822753482676,0.45240699999999995
8531,0.12997709597296306,0.32165822574883907,0.49251500000000004
8532,0.14701168614357263,0.3186237051589529,0.477299
8533,0.13397736064171992,0.3189498392611114,0.478567
8534,0.09745388655889899,0.31732994846149915,0.49394399999999994
8535,0.05065525876460767,0.3263792289636169,0.48909400000000003
8536,0.01816839040677552,0.3405724090422004,0.48181
8537,0.0033180300500834725,0.36355086237689443,0.47815100000000005
8538,0.00033643470825359345,0.38315137521049136,0.47187299999999993
8539,0.00012052608005211938,0.38697778996785215,0.45158600000000004
8540,0.00011563988761757401,0.38965581466550997,0.411946
8541,0.00011563988761757401,0.3886746695922845,0.43936100000000006
8542,0.00011563988761757401,0.3809211231310915,0.49445500000000003
8543,0.00011553809194185432,0.36719733887839967,0.606351
8544,0.00010535852436988478,0.36949067459304996,0.695573
8545,0.00010535852436988478,0.3701826810226055,0.7111860000000001
8546,8.499938922594568e-05,0.3634691534418534,0.74542
8547,8.510118490166537e-05,0.35086288717660863,0.7501180000000001
8548,8.530477625310476e-05,0.3497419247844058,0.795056
8549,8.530477625310476e-05,0.35571413991937545,0.7805949999999999
8550,9.548434382507432e-05,0.3624615374802266,0.731995
8551,0.0017844781953662606,0.3664498392611113,0.6960040000000001
8552,0.015554990024023779,0.3675271725264071,0.71564
8553,0.0574136772669897,0.3616427897127112,0.748947
8554,0.11188179486135427,0.35200496249425933,0.7405349999999999
8555,0.15608666883830777,0.3475852809103435,0.759552
8556,0.17009690948328515,0.34723924580292903,0.7804639999999999
8557,0.1638184575919215,0.3353362759606063,0.742626
8558,0.12670589193371065,0.3275165841710466,0.697232
8559,0.07667199397369599,0.3133167704240445,0.672421
8560,0.03245470092430474,0.31163360463336226,0.703391
8561,0.009838043079929963,0.3112019696892381,0.742185
8562,0.0022990553361293214,0.31336824513956213,0.7486550000000001
8563,0.001642371432061566,0.3227703857733326,0.8214220000000001
8564,0.0013472657681501692,0.3351739424401694,0.87182
8565,0.001143776212386498,0.34331549471857936,0.810276
8566,0.001143674416710778,0.33921786497933354,0.813372
8567,0.0011640335518547172,0.33028728887074543,0.8340360000000001
8568,0.0011742131194266868,0.3215648441087921,0.8453360000000001
8569,0.00026823160552139747,0.3215932285553912,0.701709
8570,2.3921983794128427e-05,0.3177360055110476,0.6773399999999999
8571,2.4023779469848123e-05,0.27351858702862686,0.683257
8572,2.4125575145567816e-05,0.27624323876103485,0.6629
8573,2.4329166497007208e-05,0.27732414400163286,0.652179
8574,4.468830164094629e-05,0.277855411542583,0.599593
8575,0.002335396392361253,0.27575968260448025,0.7054229999999999
8576,0.024498350910053337,0.309551461958463,0.6952550000000001
8577,0.08195406979111527,0.3011862785120171,0.6439480000000001
8578,0.14484893521723197,0.2895961754350155,0.60917
8579,0.1920759192149517,0.27673999846915337,0.539242
8580,0.20762541227248663,0.2764779047813441,0.429316
8581,0.17536931471151107,0.273800071439506,0.37516700000000003
8582,0.13032656052770877,0.2721326606113181,0.29577600000000004
8583,0.07995154525835743,0.2702746593866408,0.240598
8584,0.0374519524410603,0.27464745879471353,0.217455
8585,0.011569485728246261,0.27995031127213355,0.188446
8586,0.0017054847510077772,0.28290076287186805,0.182047
8587,0.0006752107170487397,0.28882851967137824,0.16991900000000001
8588,0.000573516837004764,0.28208526815328877,0.13847800000000002
8589,0.0003802068488130624,0.27065124763994497,0.141373
8590,0.00025805203794942793,0.26246249425932544,0.16623700000000002
8591,0.0002579502422737082,0.25022439659131507,0.169923
8592,0.00026812980984567775,0.2368428841149155,0.16883499999999999
8593,0.0002579502422737082,0.23897560851150687,0.198712
8594,0.00017651370169795188,0.23409782109506552,0.228055
8595,0.00010535852436988478,0.22139976782160534,0.24007199999999998
8596,0.00010556211572132417,0.21585618972291676,0.26596400000000003
8597,0.00010556211572132417,0.21388490585293674,0.311939
8598,0.0001157416832932937,0.2042624508853396,0.30964400000000003
8599,0.0021518587890386417,0.19506691075164567,0.30253500000000005
8600,0.01999287430269962,0.18648058376282087,0.30122899999999997
8601,0.07041247607801619,0.18356285400826658,0.330902
8602,0.13596502300582272,0.17905827422564677,0.27763499999999997
8603,0.17903131234985142,0.17918412256978108,0.267491
8604,0.19383769697463252,0.18247187069449405,0.260841
8605,0.18484537236858178,0.17484359850997602,0.269567
8606,0.14537969787043445,0.17280068377812932,0.311452
8607,0.08685848365161448,0.1611158595703424,0.321696
8608,0.034665194022557924,0.15798980711333366,0.311803
8609,0.007049757726291786,0.16300875133949078,0.320115
8610,0.0004992059937293864,0.1799025998877379,0.300642
8611,0.0001560527708782931,0.1871130147471552,0.304018
8612,0.00014597499898204324,0.19138452314129714,0.308517
8613,0.00014607679465776296,0.19840103077001583,0.318861
8614,0.00014597499898204324,0.19912862938204828,0.328343
8615,0.00015615456655401278,0.20225806245853956,0.342789
8616,0.00015615456655401278,0.20475563861815585,0.353529
8617,0.00015615456655401278,0.20483071388477828,0.344792
8618,0.00012561586383810417,0.1970609659641782,0.292604
8619,0.00021733376766154975,0.19414617033219372,0.250796
8620,0.0002886925363410562,0.19307936163698525,0.21679600000000002
8621,0.0002888961276924956,0.1869037352656019,0.197985
8622,0.00028879433201677593,0.18622678216053476,0.16515300000000002
8623,0.002772507023901624,0.18897981833954175,0.141053
8624,0.02418787409910827,0.18613059396846457,0.13421100000000002
8625,0.08247231157620424,0.18800492422309537,0.12564099999999997
8626,0.15590872999714972,0.18486522171760986,0.137632
8627,0.2046362840506535,0.17878495432974434,0.153704
8628,0.21975569037827275,0.17278958514058276,0.16533399999999998
8629,0.19347225049879885,0.1625995688115528,0.162104
8630,0.13421912537155423,0.15242492473337757,0.168726
8631,0.07077486868357832,0.1429339949992346,0.166663
8632,0.025909544362555475,0.14215811093534728,0.171901
8633,0.0051248014984323475,0.15160604939531558,0.18715
8634,0.0003465124801498432,0.15988333673521457,0.202801
8635,0.00012561586383810417,0.16268803898555903,0.205709
8636,0.00011543629626613461,0.16882328927897125,0.189664
8637,0.00010535852436988478,0.17372078634484867,0.172317
8638,9.507716112219553e-05,0.1722925702913711,0.156993
8639,9.507716112219553e-05,0.16883993723529114,0.16228900000000002
8640,0.00010525672869416506,0.1678876231055774,0.16201000000000002
8641,0.00010525672869416506,0.16364054447109252,0.172775
8642,0.00010525672869416506,0.16206715313568404,0.18823867
8643,0.00010535852436988478,0.16241905648823798,0.18848733
8644,0.00010546032004560448,0.16390716691330307,0.181707
8645,0.00010556211572132417,0.16483237230188294,0.22207399999999997
8646,0.0001157416832932937,0.16295153594938,0.265921
8647,0.0028443747709597294,0.15943856202479972,0.31998499999999996
8648,0.018624027851296878,0.15491197632290657,0.340145
8649,0.06475345087340689,0.15044292493749045,0.32473900000000006
8650,0.13020664522171096,0.13593585752921367,0.298098
8651,0.17580978460035016,0.1268756697453692,0.24882200000000002
8652,0.19710584714361334,0.12571930652650917,0.248346
8653,0.1848497495826377,0.12226954380772564,0.21326800000000004
8654,0.14118429089132295,0.1178169490228096,0.14113299999999998
8655,0.08655319842013111,0.11324195029851507,0.136659
8656,0.04001374241622215,0.11831294330764913,0.147304
8657,0.011855531577018607,0.12510677654743071,0.20876950000000002
8658,0.0017685980699539883,0.12522273817421034,0.259286
8659,0.0003699254855653731,0.1316397280195948,0.25899700000000003
8660,0.0003496681460971537,0.13894320559269274,0.20788
8661,0.0003496681460971537,0.14638286472419249,0.195108
8662,0.0003393867828494645,0.1463335587079655,0.21150100000000002
8663,0.00034956635042143405,0.144167410828188,0.23019300000000004
8664,0.00034956635042143405,0.14347432004898708,0.22001300000000001
8665,0.00034956635042143405,0.14711409909680054,0.21730699999999997
8666,0.00038010505313734266,0.15421582385058935,0.190089
8667,0.0004718229569607882,0.1613803770985355,0.203357
8668,0.0005025652510281363,0.1735452492728479,0.24220500000000003
8669,0.0005025652510281363,0.18313906465275298,0.25980099999999995
8670,0.0005025652510281363,0.1834440220441904,0.27056399999999997
8671,0.0026301966692454898,0.18142866255039033,0.27942799999999995
8672,0.020894885785251845,0.1817204163902638,0.30446599999999996
8673,0.0879713139785822,0.17982605755983058,0.286562
8674,0.16924986766562156,0.18281350461805376,0.322809
8675,0.2312144224113359,0.18360871561973774,0.391326
8676,0.25596878944582435,0.17909220799101905,0.378594
8677,0.22941396229488173,0.17877411083329078,0.399436
8678,0.17222423551447533,0.18002391947747107,0.43713500000000005
8679,0.10136416385031964,0.17990489615757513,0.39259900000000003
8680,0.045749114377621226,0.18455076032045722,0.380547
8681,0.015280956064986358,0.19426857427157215,0.390421
8682,0.0027091901136039745,0.20463852885645759,0.4269
8683,0.000909442566879759,0.21760741440016335,0.498942
8684,0.0009095443625554786,0.22940156656631114,0.544651
8685,0.0006652347408282095,0.23808969485125275,0.5908370000000001
8686,0.0005836964045767335,0.24485731234372604,0.609814
8687,0.0005938759721487031,0.24688804408838083,0.608454
8688,0.0005938759721487031,0.2408629509618819,0.600535
8689,0.0005938759721487031,0.23394237638414045,0.582361
8690,0.0005124394315729467,0.22879426697963973,0.551588
8691,0.00043110468667291007,0.23046480328621727,0.5340159999999999
8692,0.00043120648234862985,0.2298229958667143,0.532841
8693,0.0004314100737000692,0.23230628412512117,0.555145
8694,0.00042123050612809964,0.2398890774098076,0.5866239999999999
8695,0.0025148621686550757,0.24103102515691174,0.565148
8696,0.023103851948369235,0.24707353166300963,0.5896819999999999
8697,0.09560222321755774,0.2532301500229627,0.6520459999999999
8698,0.1870073089295167,0.2505590779200898,0.698351
8699,0.2499378028421352,0.23808255090064803,0.740376
8700,0.27109135143939084,0.23003795223758733,0.7674200000000001
8701,0.24681511869375794,0.2230932030412818,0.771301
8702,0.1855344272975284,0.22129120528652346,0.795804
8703,0.10436021417810172,0.2235109965811093,0.8515219999999999
8704,0.04255191579461705,0.23562177884370059,0.8403430000000001
8705,0.014213119426686755,0.2571718247690973,0.8695810000000002
8706,0.001820513864571033,0.2780470225034444,0.909172
8707,0.00039232053422370616,0.2939329999489717,0.887885
8708,0.00016643592980170204,0.30099007501148134,0.8406959999999999
8709,0.00016643592980170204,0.3135653416339236,0.8341040000000001
8710,0.00016643592980170204,0.31729729040159216,0.847951
8711,0.00016633413412598232,0.32017068939123333,0.813767
8712,0.00017651370169795188,0.32235144409858657,0.8506970000000001
8713,0.00016633413412598232,0.323737051589529,0.8482280000000001
8714,0.00018669326926992142,0.31806717864979334,0.852466
8715,0.00028859074066533654,0.3187346915344185,0.8432860000000001
8716,0.00032951260230465413,0.32615406694902277,0.8410340000000001
8717,0.00032961439798037375,0.3307532402918814,0.8343810000000002
8718,0.0003397939655523433,0.3325651247639945,0.813754
8719,0.001580276069872552,0.34316189978057865,0.819076
8720,0.01948959648194145,0.34971251977343476,0.8264939999999998
8721,0.08928223869050045,0.35160738888605403,0.821679
8722,0.184174538865589,0.34761634433841915,0.8370900000000001
8723,0.2555932651980944,0.3352171250701638,0.8560779999999999
8724,0.28598161570096503,0.327778932999949,0.861042
8725,0.2658583411376685,0.3188001990100526,0.8635709999999999
8726,0.19922747261696322,0.3107247282747359,0.869036
8727,0.11288234455800317,0.3110847323569934,0.886538
8728,0.04419245490451566,0.3321286421391029,0.8908369999999999
8729,0.015288183557962456,0.3436493468388019,0.8674229999999999
8730,0.002069913270084287,0.3515604429249375,0.816858
8731,0.00046764933425628074,0.3561584681328775,0.795416
8732,0.0004046378109857893,0.3573883119865286,0.7458349999999999
8733,0.0003903864163850319,0.35467335561565544,0.780067
8734,0.0003903864163850319,0.34881627289891315,0.7436010000000001
8735,0.00039028462070931226,0.3414507960402102,0.732581
8736,0.0004004641882812818,0.3349057891514007,0.6505
8737,0.00039028462070931226,0.3286540669490228,0.651505
8738,0.00039028462070931226,0.32254471347655256,0.732635
8739,0.00028859074066533654,0.32238193345920296,0.7527219999999999
8740,0.00022771692658495868,0.31717737408787056,0.780201
8741,0.00022771692658495868,0.30750873858243605,0.759164
8742,0.0002480760617288978,0.2956543093330612,0.741051
8743,0.0031799951138075655,0.28712022248303315,0.6862550000000001
8744,0.02886752310761839,0.27652025820278614,0.662625
8745,0.10117095565780367,0.26122786651018015,0.6330690000000001
8746,0.1852134655319842,0.2551271240495995,0.609966
8747,0.24453662608412394,0.24470097463897533,0.637632
8748,0.2567756219715787,0.23472763688319648,0.638998
8749,0.22701616515330433,0.22205107924682355,0.5697909999999999
8750,0.16414664685044178,0.216521470122978,0.507717
8751,0.0933936642371432,0.2122085013012196,0.416048
8752,0.040888574453357224,0.20798495943256623,0.403281
8753,0.0150062095362189,0.20734965811093536,0.331192
8754,0.0019437884278675844,0.21026655865693725,0.27453099999999997
8755,0.00021733376766154975,0.20829151145583505,0.238826
8756,0.00017671729304939127,0.20305639893861308,0.188046
8757,0.0001868968606213608,0.19125,0.14766700000000002
8758,0.0001868968606213608,0.18393166045823342,0.140653
8759,0.0001867950649456411,0.17923776598458946,0.15288600000000002
8760,0.0001868968606213608,0.18321235393172425,0.168147
